loan_id, no_of_dependents, education, self_employed, income_annum, loan_amount, loan_term, cibil_score, residential_assets_value, commercial_assets_value, luxury_assets_value, bank_asset_value, loan_status
1,2, Graduate, Yes,1000000,3100000,12,746,2700000,1600000,1300000,200000, Approved
2,2, Graduate, No,7700000,17400000,4,367,25700000,3400000,30200000,10300000, Rejected
3,5, Not Graduate, Yes,6600000,27000000,4,386,13800000,13100000,14800000,9600000, Rejected
4,5, Graduate, No,4500000,18300000,4,454,8100000,5000000,10500000,2200000, Rejected
5,5, Not Graduate, Yes,4400000,19300000,16,342,11800000,100000,16200000,3300000, Rejected
6,2, Graduate, Yes,8600000,39400000,14,409,4500000,10500000,31900000,7200000, Rejected
7,4, Graduate, Yes,1000000,2700000,20,643,1600000,2000000,2900000,400000, Approved
8,4, Not Graduate, No,7000000,28500000,4,304,12900000,7500000,27500000,7900000, Rejected
9,4, Graduate, No,2100000,8900000,6,472,6200000,4000000,3500000,1900000, Rejected
10,0, Graduate, No,1100000,2500000,10,488,3200000,1900000,1400000,300000, Rejected
11,5, Graduate, Yes,5300000,25000000,14,883,15900000,6100000,3200000,7200000, Approved
12,5, Graduate, Yes,9700000,13400000,4,885,24300000,7800000,16600000,5100000, Approved
13,4, Not Graduate, Yes,7400000,36800000,6,808,14400000,13400000,19300000,2400000, Approved
14,3, Graduate, Yes,7600000,31000000,10,505,22300000,7000000,11900000,11200000, Rejected
15,2, Graduate, No,7200000,9900000,2,616,22200000,3100000,18200000,1800000, Approved
16,1, Not Graduate, Yes,7900000,28600000,8,603,14100000,6300000,5300000,1500000, Approved
17,0, Graduate, Yes,5200000,5900000,16,816,18000000,11400000,9000000,2200000, Approved
18,5, Graduate, Yes,1400000,5700000,12,748,4300000,1000000,4400000,800000, Approved
19,1, Not Graduate, Yes,8400000,35300000,10,844,15800000,4900000,7300000,5900000, Approved
20,2, Not Graduate, Yes,4600000,15700000,10,631,2000000,1500000,13800000,4900000, Approved
21,2, Not Graduate, No,5100000,22600000,20,852,4800000,700000,16200000,3100000, Approved
22,4, Not Graduate, Yes,3800000,5300000,12,746,10500000,9300000,9500000,3400000, Approved
23,1, Not Graduate, No,1900000,4000000,12,744,1100000,2500000,6800000,200000, Approved
24,1, Not Graduate, No,9200000,24400000,20,697,16100000,16800000,35300000,5900000, Approved
25,1, Graduate, No,7800000,9100000,4,501,17100000,15100000,4800000,11100000, Rejected
26,1, Graduate, No,6500000,18200000,2,665,20100000,5700000,18700000,7700000, Approved
27,0, Graduate, No,4100000,8400000,10,514,12300000,8200000,5500000,4700000, Rejected
28,2, Graduate, No,8200000,21100000,8,690,22300000,19700000,15800000,4300000, Approved
29,3, Not Graduate, No,5500000,14900000,6,453,8500000,10200000,14700000,4300000, Rejected
30,2, Not Graduate, Yes,4500000,20300000,4,780,3000000,8000000,13500000,5800000, Approved
31,2, Not Graduate, Yes,4600000,9600000,18,643,11100000,5000000,15800000,6100000, Rejected
32,5, Not Graduate, Yes,2400000,11000000,14,726,1900000,5000000,7100000,2600000, Approved
33,1, Not Graduate, Yes,1100000,3000000,14,433,2300000,200000,3500000,800000, Rejected
34,5, Not Graduate, Yes,5600000,12900000,4,775,19200000,10500000,14500000,1100000, Approved
35,3, Not Graduate, Yes,8900000,26800000,8,782,17900000,8100000,8100000,2400000, Approved
36,3, Not Graduate, Yes,800000,2100000,14,387,1900000,1100000,500000,100000, Rejected
37,1, Graduate, No,8600000,17500000,12,510,20900000,19200000,20200000,5200000, Rejected
38,5, Graduate, Yes,8300000,25000000,14,707,24400000,12600000,24900000,1100000, Approved
39,2, Not Graduate, No,2900000,4700000,14,825,4700000,200000,2600000,2100000, Approved
40,3, Not Graduate, No,6300000,15200000,10,742,11600000,11400000,12600000,5900000, Approved
41,1, Graduate, No,1800000,5900000,16,583,1400000,4200000,2500000,1700000, Approved
42,2, Not Graduate, No,7600000,20200000,6,480,16900000,12200000,18900000,6700000, Rejected
43,4, Graduate, No,7000000,30100000,2,846,8200000,15100000,13100000,2900000, Approved
44,5, Not Graduate, Yes,3600000,7300000,20,825,6800000,7400000,4300000,3000000, Approved
45,5, Not Graduate, Yes,800000,3900000,2,838,2200000,1700000,400000,1200000, Approved
46,0, Graduate, No,9700000,39500000,6,483,2500000,8300000,15800000,7000000, Rejected
47,0, Graduate, No,4500000,21900000,4,562,9300000,5300000,10400000,6000000, Rejected
48,5, Not Graduate, Yes,8900000,38700000,6,446,6900000,18900000,33400000,5600000, Rejected
49,4, Graduate, Yes,6800000,10700000,8,873,7600000,15500000,8800000,6600000, Approved
50,0, Graduate, No,7800000,24200000,4,821,2500000,2900000,17900000,6000000, Approved
51,5, Graduate, No,7600000,12800000,10,404,5800000,3400000,18900000,8100000, Rejected
52,4, Graduate, No,2100000,9000000,20,448,7300000,1800000,5800000,2800000, Rejected
53,5, Graduate, Yes,3700000,12300000,4,631,12900000,7100000,6100000,2700000, Approved
54,0, Not Graduate, Yes,4700000,9700000,20,549,12100000,10300000,4000000,5500000, Approved
55,4, Not Graduate, No,5000000,23600000,10,576,11100000,7300000,18600000,6700000, Approved
56,2, Not Graduate, No,600000,900000,12,521,1700000,200000,2300000,700000, Approved
57,3, Not Graduate, Yes,5500000,17900000,10,705,17400000,4200000,11200000,700000, Approved
58,1, Not Graduate, Yes,1700000,6600000,8,839,3300000,3600000,4300000,200000, Approved
59,0, Graduate, Yes,7400000,9100000,4,851,2300000,6400000,4500000,9900000, Approved
60,4, Not Graduate, No,6800000,23100000,12,573,17300000,1700000,4500000,7600000, Approved
61,0, Graduate, Yes,9200000,39200000,20,797,31700000,6900000,7100000,13300000, Approved
62,2, Not Graduate, No,7400000,9400000,12,717,7800000,14900000,22800000,3800000, Approved
63,1, Not Graduate, No,3700000,11300000,12,418,6400000,4600000,4800000,4500000, Rejected
64,5, Graduate, Yes,9600000,19500000,14,777,13400000,4100000,11000000,11700000, Approved
65,2, Graduate, Yes,4200000,15300000,8,510,6300000,3300000,2200000,5500000, Rejected
66,1, Graduate, No,3300000,4900000,4,677,8500000,7900000,1900000,3500000, Approved
67,5, Not Graduate, Yes,9000000,39500000,12,733,13000000,9700000,17300000,2600000, Approved
68,4, Not Graduate, Yes,3800000,17400000,18,867,12600000,4200000,9100000,4000000, Approved
69,1, Graduate, No,900000,1600000,8,869,2500000,300000,2300000,900000, Approved
70,2, Not Graduate, No,4800000,11000000,18,782,1400000,3700000,10100000,2700000, Approved
71,3, Not Graduate, Yes,7900000,26500000,18,604,22900000,16100000,16700000,3100000, Approved
72,4, Not Graduate, Yes,2000000,7700000,6,540,5500000,3900000,6300000,2700000, Approved
73,5, Graduate, Yes,4700000,13000000,12,565,9000000,5100000,7100000,1400000, Rejected
74,5, Graduate, No,1400000,2300000,16,871,2600000,3100000,1900000,1000000, Approved
75,0, Not Graduate, No,6900000,9800000,10,423,20400000,6600000,24100000,6700000, Rejected
76,2, Not Graduate, No,4800000,24000000,14,615,7700000,10400000,14000000,7000000, Approved
77,0, Not Graduate, No,3400000,9600000,20,708,2500000,300000,7400000,3500000, Approved
78,1, Not Graduate, Yes,2400000,10800000,14,313,3000000,2100000,3500000,1300000, Rejected
79,1, Graduate, No,5700000,16700000,18,681,6100000,12200000,5600000,1100000, Approved
80,1, Graduate, Yes,6700000,31400000,18,456,16400000,15100000,4200000,3700000, Rejected
81,1, Graduate, No,9400000,12700000,18,468,7400000,17800000,32700000,4800000, Rejected
82,2, Not Graduate, Yes,4400000,6400000,18,673,10200000,7400000,11300000,5500000, Approved
83,2, Not Graduate, Yes,1700000,8000000,6,305,3000000,3500000,1100000,1100000, Rejected
84,5, Not Graduate, Yes,8300000,39500000,2,394,24700000,14700000,8800000,2000000, Rejected
85,2, Not Graduate, Yes,6300000,14200000,4,573,11300000,4000000,9300000,8300000, Rejected
86,0, Graduate, Yes,7000000,16900000,6,651,22900000,8200000,9900000,900000, Approved
87,3, Graduate, No,1100000,3100000,14,365,3500000,1800000,2700000,100000, Rejected
88,1, Not Graduate, No,3200000,8500000,12,517,2600000,4700000,6100000,2400000, Approved
89,0, Graduate, No,7700000,13600000,10,484,19000000,17000000,27600000,1500000, Rejected
90,4, Graduate, Yes,8300000,38100000,2,621,7500000,9800000,25000000,2900000, Approved
91,4, Not Graduate, No,4400000,8900000,14,480,12800000,2000000,16200000,6500000, Rejected
92,2, Graduate, Yes,8000000,30600000,8,301,18400000,4300000,28200000,10300000, Rejected
93,1, Graduate, Yes,8400000,10700000,16,618,9800000,17800000,31300000,9800000, Approved
94,2, Graduate, Yes,3900000,4500000,4,809,4000000,100000,15300000,4100000, Approved
95,2, Not Graduate, Yes,9000000,32500000,6,651,14600000,19600000,14300000,1500000, Approved
96,5, Graduate, Yes,3000000,7100000,2,517,8500000,400000,3700000,3800000, Rejected
97,0, Not Graduate, No,2500000,9100000,6,589,7100000,2400000,2700000,1900000, Approved
98,1, Not Graduate, No,6800000,9400000,20,384,2100000,13600000,18300000,1600000, Rejected
99,4, Graduate, No,6400000,30700000,10,442,7700000,6500000,18500000,3300000, Rejected
100,5, Not Graduate, Yes,1500000,6000000,10,563,2400000,3100000,1200000,1200000, Approved
101,3, Not Graduate, No,8300000,37400000,6,655,17700000,2100000,28000000,1000000, Approved
102,1, Not Graduate, Yes,2100000,3200000,6,592,1500000,2700000,6800000,1000000, Approved
103,1, Not Graduate, No,8000000,18200000,14,878,10500000,11600000,21600000,4600000, Approved
104,5, Graduate, No,200000,500000,20,683,600000,400000,400000,100000, Approved
105,3, Graduate, No,8000000,25200000,16,313,14200000,1900000,8300000,800000, Rejected
106,2, Not Graduate, Yes,7900000,17300000,16,615,21000000,6700000,17900000,7000000, Approved
107,2, Not Graduate, No,7800000,9700000,10,650,14000000,12900000,8200000,2900000, Approved
108,0, Graduate, Yes,6700000,16600000,2,326,11600000,16400000,17500000,6300000, Rejected
109,4, Graduate, Yes,4800000,9700000,16,531,10800000,10200000,7600000,2100000, Rejected
110,0, Not Graduate, Yes,7100000,18100000,18,823,7500000,15000000,9700000,4700000, Approved
111,5, Graduate, No,2900000,5200000,12,514,3000000,3700000,5900000,2800000, Rejected
112,1, Graduate, Yes,7800000,16000000,2,574,27000000,11000000,19800000,7900000, Approved
113,0, Not Graduate, No,5600000,19600000,16,432,17200000,12000000,10000000,800000, Rejected
114,0, Graduate, No,4600000,11700000,20,346,12100000,10000000,17800000,3900000, Rejected
115,2, Not Graduate, No,5100000,12100000,6,491,3300000,10200000,2700000,6300000, Rejected
116,0, Not Graduate, No,5700000,17900000,4,764,1700000,11700000,21100000,2200000, Approved
117,1, Not Graduate, Yes,500000,2000000,16,890,400000,1100000,300000,400000, Approved
118,4, Not Graduate, No,1500000,3800000,8,696,4900000,400000,1900000,1100000, Approved
119,4, Graduate, No,2600000,8700000,16,799,7500000,1900000,10400000,3400000, Approved
120,2, Not Graduate, Yes,1300000,6300000,16,690,2500000,3200000,4000000,900000, Approved
121,0, Not Graduate, Yes,4500000,13900000,6,695,15300000,6100000,12400000,6400000, Rejected
122,0, Graduate, No,6700000,31100000,2,556,4600000,3000000,20400000,6800000, Rejected
123,3, Graduate, No,6600000,27600000,12,336,13500000,8300000,12700000,5800000, Rejected
124,2, Not Graduate, Yes,4800000,5900000,10,546,3900000,7700000,15600000,2400000, Approved
125,5, Not Graduate, No,8500000,23100000,18,819,10300000,17600000,8900000,7900000, Approved
126,2, Graduate, Yes,5700000,21600000,8,622,18800000,11600000,18700000,1600000, Approved
127,2, Graduate, No,900000,4500000,6,757,2800000,100000,3400000,600000, Approved
128,3, Not Graduate, Yes,7600000,21500000,18,330,4100000,8600000,26600000,3800000, Rejected
129,5, Not Graduate, Yes,5800000,8000000,16,420,5900000,300000,17900000,6000000, Rejected
130,4, Not Graduate, No,6400000,20800000,14,479,13800000,14200000,17800000,7500000, Rejected
131,0, Graduate, Yes,5700000,8600000,20,515,2300000,2500000,13200000,8000000, Approved
132,2, Not Graduate, No,5600000,22400000,16,893,11300000,8700000,10500000,2300000, Approved
133,5, Graduate, Yes,1000000,3000000,18,577,2100000,1400000,3500000,1300000, Approved
134,4, Not Graduate, Yes,5600000,21800000,16,697,6500000,8800000,15500000,7200000, Approved
135,4, Graduate, No,7900000,35400000,10,687,9200000,11100000,16000000,10300000, Approved
136,0, Graduate, Yes,3100000,10900000,2,551,3000000,5500000,10100000,3500000, Approved
137,2, Not Graduate, No,6100000,21000000,14,880,20100000,9500000,4200000,2900000, Approved
138,4, Not Graduate, No,500000,2000000,16,433,700000,100000,1700000,700000, Rejected
139,0, Graduate, Yes,3600000,15700000,20,320,7700000,3300000,12000000,3400000, Rejected
140,4, Not Graduate, No,4400000,19700000,14,747,5300000,6000000,5700000,5000000, Approved
141,3, Graduate, No,9800000,11200000,12,692,24700000,8000000,6200000,3800000, Approved
142,4, Graduate, Yes,2300000,7400000,12,456,1200000,4400000,6900000,700000, Approved
143,4, Graduate, No,2900000,5400000,4,821,1300000,2300000,3500000,1400000, Approved
144,0, Not Graduate, Yes,4200000,18700000,2,397,11200000,8700000,16700000,3400000, Rejected
145,0, Not Graduate, Yes,9900000,35600000,2,450,25700000,3600000,5300000,6800000, Rejected
146,2, Not Graduate, Yes,8500000,22800000,20,392,9100000,16300000,11100000,11400000, Rejected
147,5, Not Graduate, No,500000,900000,16,411,700000,200000,300000,100000, Rejected
148,5, Graduate, No,2400000,5700000,6,738,8100000,3200000,7800000,500000, Approved
149,4, Not Graduate, No,8200000,31300000,10,722,4500000,6600000,20700000,4600000, Approved
150,1, Graduate, Yes,700000,1300000,10,686,600000,1100000,2400000,200000, Approved
151,5, Not Graduate, Yes,8500000,11700000,6,817,13800000,4500000,32900000,5700000, Approved
152,4, Not Graduate, No,2900000,13200000,10,341,3300000,5800000,7600000,3200000, Rejected
153,1, Not Graduate, No,9100000,36900000,8,672,21300000,13000000,11900000,13600000, Approved
154,4, Graduate, Yes,3000000,5400000,14,369,7400000,7200000,2500000,1100000, Rejected
155,2, Graduate, No,4400000,9500000,16,874,8500000,7800000,15500000,2100000, Approved
156,2, Not Graduate, No,6600000,32300000,2,680,14600000,10000000,9000000,7800000, Approved
157,1, Graduate, No,1400000,5400000,10,756,2300000,2900000,5100000,700000, Approved
158,3, Graduate, No,5600000,19300000,20,643,15200000,3100000,20000000,6100000, Approved
159,1, Graduate, Yes,5100000,11400000,18,530,1700000,8100000,13800000,4700000, Rejected
160,5, Graduate, No,7800000,17100000,16,712,9600000,7600000,20400000,10100000, Approved
161,0, Graduate, No,9900000,11500000,16,802,24300000,18400000,37900000,1500000, Approved
162,1, Graduate, No,6700000,26200000,2,407,8600000,400000,21100000,9900000, Rejected
163,0, Not Graduate, Yes,4200000,4900000,20,823,1900000,4500000,12100000,6100000, Approved
164,1, Graduate, No,4100000,4200000,16,736,5500000,6700000,8300000,500000, Approved
165,4, Not Graduate, Yes,4200000,16500000,18,351,10700000,4800000,9200000,3400000, Rejected
166,5, Graduate, Yes,8100000,38800000,20,862,4900000,4800000,15100000,5400000, Approved
167,0, Not Graduate, No,3300000,13300000,6,408,8600000,3800000,12600000,1500000, Rejected
168,1, Graduate, No,1800000,5200000,2,661,5000000,3800000,4900000,2600000, Approved
169,0, Not Graduate, No,3400000,10000000,14,377,7800000,1800000,11000000,1200000, Rejected
170,4, Graduate, Yes,400000,1100000,10,417,400000,400000,300000,200000, Rejected
171,3, Not Graduate, Yes,1200000,2800000,2,686,3400000,3000000,4200000,100000, Approved
172,2, Not Graduate, No,1000000,3100000,6,708,900000,2300000,2000000,900000, Approved
173,4, Graduate, No,7700000,21000000,20,712,24600000,700000,23700000,10000000, Approved
174,0, Graduate, No,7200000,24400000,8,506,18200000,9500000,4600000,7000000, Rejected
175,4, Graduate, Yes,7000000,32100000,6,792,2700000,1100000,25400000,7100000, Approved
176,0, Not Graduate, Yes,4700000,23400000,14,329,13300000,10900000,13200000,900000, Rejected
177,3, Not Graduate, No,7200000,9500000,14,813,13500000,7900000,15100000,7900000, Approved
178,0, Graduate, Yes,1700000,4300000,8,481,2900000,1800000,2700000,1100000, Rejected
179,1, Not Graduate, Yes,9000000,15500000,18,673,14300000,6100000,14300000,6900000, Approved
180,3, Not Graduate, No,5100000,12300000,12,844,11200000,7300000,8000000,4700000, Approved
181,3, Graduate, No,9300000,20000000,4,453,24100000,3400000,8900000,13600000, Rejected
182,2, Graduate, Yes,1600000,2700000,8,547,5100000,3200000,3400000,1800000, Approved
183,3, Graduate, No,5000000,20300000,18,797,5500000,6100000,10400000,5300000, Approved
184,5, Not Graduate, No,7000000,20900000,2,819,16000000,9900000,13600000,4900000, Approved
185,1, Not Graduate, Yes,5000000,23400000,2,441,12300000,10500000,14800000,700000, Rejected
186,5, Graduate, No,4500000,5100000,14,605,10900000,2100000,8900000,3800000, Approved
187,0, Not Graduate, No,1800000,2300000,10,500,3300000,800000,1500000,1800000, Rejected
188,5, Not Graduate, No,3900000,10200000,6,610,5800000,4100000,13600000,4200000, Approved
189,5, Not Graduate, Yes,2500000,3300000,10,527,6800000,4900000,5000000,2400000, Approved
190,2, Graduate, Yes,3100000,6400000,4,303,3700000,500000,8700000,1600000, Rejected
191,0, Not Graduate, No,6900000,34100000,8,855,6100000,13700000,25900000,2800000, Approved
192,2, Not Graduate, No,6300000,11600000,6,682,12600000,7900000,20100000,1400000, Approved
193,1, Graduate, Yes,6100000,10900000,12,577,6600000,8600000,14600000,6600000, Approved
194,3, Graduate, No,3700000,12200000,14,364,1100000,5200000,8900000,5400000, Rejected
195,1, Not Graduate, Yes,9600000,28700000,20,342,3600000,1300000,33300000,8000000, Rejected
196,0, Not Graduate, No,1000000,3300000,2,587,2500000,600000,3400000,1000000, Rejected
197,5, Not Graduate, No,3500000,8800000,8,690,11900000,6600000,3900000,3700000, Approved
198,5, Not Graduate, No,1300000,5600000,6,456,2200000,1300000,3500000,400000, Rejected
199,3, Not Graduate, No,3500000,5400000,12,747,2400000,4900000,12400000,1300000, Approved
200,5, Graduate, No,9600000,26100000,12,535,27800000,22700000,31800000,3800000, Rejected
201,5, Not Graduate, No,3700000,13900000,18,306,3900000,400000,3500000,5200000, Rejected
202,5, Graduate, Yes,9100000,39500000,20,622,31700000,10200000,18400000,1100000, Approved
203,4, Not Graduate, No,5000000,12400000,16,408,10300000,4500000,11600000,4300000, Rejected
204,0, Not Graduate, Yes,7000000,22900000,4,308,6800000,1900000,9800000,4400000, Rejected
205,4, Graduate, Yes,4600000,5900000,2,378,8400000,10900000,13200000,4700000, Rejected
206,5, Not Graduate, No,2800000,4700000,18,471,3700000,6700000,6100000,1100000, Rejected
207,1, Not Graduate, Yes,7600000,9700000,20,609,21100000,5900000,11700000,11000000, Approved
208,0, Graduate, No,9600000,37600000,6,894,5300000,22700000,16100000,5400000, Approved
209,2, Not Graduate, No,2700000,5800000,2,431,8200000,200000,9400000,3800000, Rejected
210,4, Not Graduate, No,7800000,30400000,14,334,21300000,19100000,27500000,7200000, Rejected
211,4, Graduate, No,2700000,3400000,12,414,8200000,5600000,9000000,1800000, Rejected
212,3, Not Graduate, Yes,7200000,32000000,18,491,22700000,3900000,26600000,8100000, Rejected
213,5, Not Graduate, No,7900000,34300000,12,423,7600000,11800000,30300000,6900000, Rejected
214,0, Not Graduate, Yes,4600000,6200000,16,493,8800000,9200000,10200000,1400000, Rejected
215,5, Graduate, Yes,7400000,8100000,16,882,22200000,5900000,6200000,8000000, Approved
216,5, Not Graduate, No,2800000,3400000,2,528,4000000,2500000,9200000,2600000, Approved
217,5, Not Graduate, No,900000,4000000,4,681,400000,1400000,2400000,800000, Approved
218,1, Not Graduate, Yes,1100000,2100000,16,711,1300000,400000,2000000,1200000, Approved
219,3, Graduate, No,4500000,14400000,4,378,4500000,1300000,17600000,4600000, Rejected
220,1, Graduate, No,9000000,24300000,6,448,27600000,5600000,15200000,5500000, Rejected
221,2, Graduate, Yes,1400000,5900000,16,549,2400000,2600000,5100000,800000, Approved
222,5, Not Graduate, No,4600000,13600000,6,576,11300000,4200000,11800000,2100000, Rejected
223,3, Graduate, Yes,7000000,21000000,4,307,23600000,8900000,4400000,6300000, Rejected
224,4, Graduate, Yes,2100000,10400000,2,687,2500000,1000000,7400000,1100000, Approved
225,2, Not Graduate, No,7200000,11500000,10,480,19500000,3500000,22800000,1900000, Rejected
226,0, Graduate, Yes,3100000,13400000,14,493,900000,5000000,8500000,3700000, Rejected
227,0, Graduate, No,8100000,9800000,16,662,4400000,2200000,21500000,3200000, Approved
228,4, Not Graduate, Yes,5800000,16900000,20,870,4300000,9700000,7300000,1900000, Approved
229,1, Not Graduate, Yes,5500000,25000000,14,819,6800000,5500000,6900000,7100000, Approved
230,1, Graduate, Yes,1900000,7000000,16,888,2900000,3200000,1100000,2100000, Approved
231,0, Not Graduate, No,4700000,17600000,6,548,8300000,4500000,4900000,5500000, Approved
232,4, Not Graduate, Yes,8500000,17500000,8,371,8600000,18000000,14300000,5000000, Rejected
233,0, Graduate, Yes,300000,800000,8,429,100000,0,700000,300000, Rejected
234,3, Graduate, No,7600000,18700000,2,506,18500000,17000000,7300000,10700000, Rejected
235,1, Graduate, No,5000000,15400000,20,480,1400000,3400000,12300000,2500000, Approved
236,5, Not Graduate, No,7200000,20500000,6,424,20700000,800000,10200000,1400000, Rejected
237,3, Graduate, Yes,6700000,15500000,10,390,21900000,9400000,9300000,2300000, Rejected
238,0, Not Graduate, No,4400000,9800000,8,412,11200000,2500000,16800000,6000000, Rejected
239,3, Not Graduate, No,3200000,6400000,2,695,6900000,3700000,12700000,1600000, Approved
240,0, Graduate, Yes,6300000,15500000,20,595,14900000,12600000,21000000,5000000, Approved
241,3, Not Graduate, No,1500000,2400000,6,322,3500000,3000000,1000000,1300000, Rejected
242,1, Graduate, No,5900000,26500000,4,638,19300000,8900000,18000000,8500000, Approved
243,4, Graduate, No,1100000,3700000,8,806,3700000,2700000,1200000,600000, Approved
244,2, Graduate, No,6500000,10000000,4,555,10500000,7500000,16200000,5400000, Rejected
245,2, Graduate, Yes,6300000,23800000,20,491,14100000,600000,22900000,9100000, Rejected
246,5, Not Graduate, No,1000000,4400000,4,463,2800000,2000000,1800000,400000, Approved
247,2, Not Graduate, Yes,7600000,14800000,8,528,1500000,4200000,28500000,7100000, Rejected
248,1, Not Graduate, No,4200000,6700000,6,467,8100000,1900000,12500000,800000, Rejected
249,3, Graduate, No,7900000,8200000,2,855,18600000,1400000,12300000,3700000, Approved
250,4, Not Graduate, Yes,600000,700000,2,896,1500000,500000,500000,100000, Approved
251,0, Graduate, Yes,1900000,7700000,12,506,2700000,1500000,6400000,1100000, Rejected
252,1, Not Graduate, No,5000000,24700000,6,855,5900000,3800000,10500000,1900000, Approved
253,3, Graduate, Yes,2000000,2400000,2,813,1600000,3000000,1500000,2400000, Approved
254,1, Graduate, Yes,3400000,13600000,6,345,6900000,6400000,2900000,2500000, Rejected
255,4, Not Graduate, Yes,6600000,8500000,6,594,21300000,15500000,25600000,4400000, Approved
256,0, Not Graduate, Yes,1600000,5400000,10,694,5100000,400000,2200000,1700000, Approved
257,1, Graduate, Yes,6800000,27400000,20,553,9400000,2600000,26400000,9700000, Rejected
258,3, Graduate, No,1200000,2900000,8,574,1300000,1800000,3500000,600000, Approved
259,5, Not Graduate, Yes,1900000,2000000,16,596,5300000,500000,2900000,400000, Approved
260,2, Graduate, Yes,5900000,19900000,16,713,15300000,5500000,10900000,1500000, Approved
261,1, Graduate, No,7900000,39200000,2,476,14800000,12300000,25400000,10300000, Rejected
262,5, Graduate, No,1800000,3700000,12,658,2700000,3500000,3600000,2300000, Approved
263,3, Graduate, No,3100000,5400000,10,446,1900000,1700000,2400000,2400000, Rejected
264,1, Graduate, Yes,9200000,13800000,12,834,25700000,15400000,12000000,2800000, Approved
265,5, Not Graduate, No,9800000,31600000,4,350,21900000,15800000,34400000,8200000, Rejected
266,0, Graduate, Yes,5800000,19600000,10,340,8400000,12500000,17000000,6000000, Rejected
267,4, Graduate, No,4500000,18800000,4,322,14500000,3500000,10100000,2500000, Rejected
268,5, Not Graduate, No,3500000,14000000,20,510,8300000,6600000,4800000,800000, Rejected
269,3, Graduate, No,6200000,28300000,12,664,20300000,11700000,13400000,3400000, Approved
270,5, Not Graduate, No,5900000,24900000,2,892,10400000,3500000,19200000,6300000, Approved
271,3, Graduate, Yes,3000000,6000000,12,573,5100000,4700000,2400000,4400000, Approved
272,3, Not Graduate, Yes,400000,1300000,20,409,1300000,700000,1600000,100000, Rejected
273,0, Not Graduate, Yes,1600000,3500000,16,521,5400000,1100000,5600000,2200000, Approved
274,1, Not Graduate, Yes,9500000,22000000,6,376,32000000,10700000,15300000,7000000, Rejected
275,4, Not Graduate, Yes,4200000,19900000,18,583,12200000,4600000,14900000,4300000, Approved
276,4, Not Graduate, Yes,4900000,18300000,4,738,8500000,9500000,14100000,6400000, Approved
277,3, Not Graduate, Yes,4700000,23000000,6,321,4200000,0,13300000,4100000, Rejected
278,1, Not Graduate, No,7800000,20800000,4,767,11400000,9800000,7700000,1500000, Approved
279,0, Graduate, Yes,800000,2500000,20,437,2600000,400000,2900000,400000, Rejected
280,0, Graduate, No,1000000,2900000,16,704,1400000,1600000,2100000,1200000, Approved
281,0, Graduate, No,2900000,4100000,12,790,7800000,4900000,9600000,2500000, Approved
282,1, Not Graduate, Yes,4900000,9500000,14,766,15900000,6100000,7600000,2700000, Approved
283,5, Graduate, No,6700000,20800000,6,702,22800000,9100000,10600000,6100000, Approved
284,4, Graduate, No,5000000,6300000,2,716,16600000,3900000,19400000,2400000, Approved
285,1, Graduate, No,4500000,21300000,18,412,9100000,3500000,10100000,2000000, Rejected
286,1, Not Graduate, Yes,9300000,13900000,20,381,17000000,17300000,6600000,11700000, Rejected
287,5, Graduate, Yes,1700000,3000000,2,529,5900000,600000,5800000,1100000, Approved
288,2, Graduate, Yes,5800000,23600000,2,665,5300000,11200000,7500000,2800000, Approved
289,1, Not Graduate, No,5500000,7600000,12,671,4500000,9000000,19700000,3700000, Approved
290,1, Not Graduate, Yes,4800000,22100000,2,766,16200000,10600000,17800000,6700000, Approved
291,2, Not Graduate, Yes,8100000,31600000,16,485,20000000,5300000,6100000,2900000, Rejected
292,3, Not Graduate, No,2800000,3600000,20,820,5500000,3500000,7100000,1000000, Approved
293,3, Not Graduate, No,9500000,35800000,6,569,6000000,900000,37400000,5700000, Rejected
294,3, Not Graduate, Yes,3400000,12000000,6,447,6400000,7800000,12800000,600000, Rejected
295,3, Not Graduate, No,5500000,22200000,18,741,18200000,9300000,12900000,1100000, Approved
296,1, Not Graduate, Yes,5300000,22900000,8,376,11600000,8300000,15300000,600000, Rejected
297,2, Not Graduate, No,8500000,32900000,6,543,13000000,15600000,22200000,2600000, Rejected
298,4, Graduate, Yes,4500000,15100000,2,769,9100000,3200000,5500000,4500000, Approved
299,2, Graduate, No,2900000,6600000,18,763,9100000,4400000,8100000,1100000, Approved
300,5, Graduate, Yes,400000,1500000,20,454,1300000,800000,700000,300000, Rejected
301,2, Not Graduate, Yes,3700000,17900000,2,400,5600000,800000,6200000,4000000, Rejected
302,2, Not Graduate, No,8200000,27500000,18,319,18100000,19700000,16200000,1200000, Rejected
303,4, Graduate, No,200000,700000,4,353,200000,400000,700000,100000, Rejected
304,2, Not Graduate, No,8900000,24500000,4,795,15000000,21400000,11900000,13300000, Approved
305,2, Not Graduate, Yes,5500000,22100000,8,770,5100000,11100000,7600000,5100000, Approved
306,2, Not Graduate, Yes,1500000,7500000,10,604,2900000,1100000,800000,1500000, Approved
307,3, Graduate, Yes,3100000,5100000,18,642,6500000,4500000,3200000,2500000, Approved
308,0, Not Graduate, No,5600000,10100000,14,496,7400000,1700000,22000000,8100000, Rejected
309,2, Not Graduate, Yes,3200000,10100000,4,415,3500000,6000000,6500000,1000000, Rejected
310,4, Graduate, No,1200000,3500000,12,306,800000,500000,1400000,200000, Rejected
311,1, Not Graduate, No,6700000,22000000,18,703,4400000,14500000,26000000,8300000, Approved
312,3, Graduate, No,6700000,8000000,14,321,17100000,4000000,4000000,700000, Rejected
313,1, Graduate, Yes,1300000,3400000,6,363,1200000,500000,2900000,1200000, Rejected
314,5, Graduate, Yes,2900000,9700000,4,776,1700000,500000,9600000,300000, Approved
315,1, Graduate, Yes,2500000,8400000,10,650,8700000,4400000,8000000,1500000, Approved
316,4, Graduate, Yes,6600000,24000000,10,594,7000000,3100000,7700000,6700000, Rejected
317,4, Not Graduate, Yes,7300000,28300000,8,431,23000000,3600000,21700000,6300000, Rejected
318,2, Not Graduate, Yes,7300000,26000000,4,389,16100000,3100000,19500000,6500000, Rejected
319,5, Graduate, No,9300000,38700000,4,580,23800000,7100000,26600000,3000000, Approved
320,5, Graduate, No,7700000,26900000,12,515,15800000,18100000,11000000,3900000, Approved
321,0, Graduate, No,3300000,10400000,20,621,2600000,4000000,11000000,3600000, Approved
322,3, Not Graduate, No,1200000,4100000,12,399,3600000,800000,2900000,200000, Rejected
323,1, Graduate, Yes,6200000,8700000,10,439,18200000,2600000,18800000,5800000, Rejected
324,5, Graduate, No,9100000,19000000,20,367,12300000,400000,34500000,7500000, Rejected
325,5, Graduate, No,9700000,30200000,14,555,26400000,8900000,33900000,5600000, Rejected
326,2, Not Graduate, Yes,2400000,10800000,16,466,4800000,700000,7800000,1400000, Rejected
327,2, Not Graduate, No,2500000,9300000,12,434,8000000,200000,3800000,3000000, Rejected
328,4, Graduate, No,500000,700000,16,630,1400000,100000,300000,300000, Approved
329,2, Not Graduate, Yes,1500000,5100000,12,598,500000,1200000,3800000,300000, Approved
330,4, Not Graduate, Yes,5600000,10600000,14,426,17400000,10500000,3500000,8100000, Rejected
331,3, Not Graduate, Yes,5500000,21600000,14,720,18700000,900000,16500000,1600000, Approved
332,1, Not Graduate, No,3800000,16400000,16,506,10100000,6400000,11700000,4600000, Rejected
333,2, Not Graduate, Yes,3200000,10800000,18,505,1900000,5000000,7900000,400000, Rejected
334,5, Not Graduate, Yes,8300000,27900000,6,587,23800000,18300000,9000000,5100000, Approved
335,2, Not Graduate, Yes,4700000,11100000,14,383,11000000,2200000,16800000,3900000, Rejected
336,2, Not Graduate, Yes,8100000,22600000,2,552,10700000,16100000,20900000,1100000, Approved
337,5, Not Graduate, Yes,9600000,39500000,12,650,29900000,20800000,22100000,10800000, Approved
338,3, Not Graduate, Yes,3300000,12800000,18,377,6800000,8100000,8200000,1500000, Rejected
339,3, Graduate, No,2100000,6500000,14,639,6300000,4200000,1700000,1800000, Approved
340,2, Graduate, Yes,9500000,23500000,6,323,22900000,2900000,29400000,11500000, Rejected
341,4, Not Graduate, Yes,6400000,7700000,14,662,7400000,15200000,4600000,5900000, Approved
342,0, Graduate, Yes,3000000,4700000,8,321,10300000,6100000,7600000,2200000, Rejected
343,1, Graduate, Yes,6200000,11000000,10,405,12900000,3300000,6800000,3500000, Rejected
344,4, Graduate, Yes,5200000,13000000,6,510,9900000,2100000,6400000,800000, Rejected
345,1, Graduate, Yes,9000000,39500000,14,669,13800000,21100000,11800000,12400000, Approved
346,5, Graduate, No,2700000,8200000,4,732,1800000,1100000,1500000,2500000, Approved
347,5, Not Graduate, No,9900000,19200000,10,581,24400000,19200000,35900000,9700000, Approved
348,2, Graduate, Yes,9300000,13200000,20,378,15100000,9400000,30800000,6700000, Rejected
349,5, Not Graduate, Yes,1900000,4500000,16,532,6200000,3400000,1200000,1200000, Rejected
350,4, Not Graduate, Yes,1800000,7700000,10,772,6100000,400000,1300000,300000, Approved
351,4, Not Graduate, No,5400000,13700000,20,354,14800000,9800000,17500000,1800000, Rejected
352,2, Not Graduate, No,600000,2500000,2,730,600000,800000,300000,400000, Approved
353,0, Graduate, No,3100000,13100000,20,531,7900000,7000000,6600000,1400000, Rejected
354,3, Graduate, No,4400000,6400000,8,302,1200000,2100000,3900000,700000, Rejected
355,4, Graduate, Yes,9600000,33000000,18,717,28100000,2600000,24700000,8300000, Approved
356,0, Not Graduate, Yes,9900000,39500000,20,316,18100000,4900000,39500000,7400000, Rejected
357,0, Graduate, No,1600000,4200000,14,522,5300000,300000,1800000,1100000, Approved
358,4, Graduate, Yes,8900000,10700000,14,417,12900000,21800000,34300000,10700000, Rejected
359,3, Graduate, No,1000000,4700000,16,650,1100000,300000,3500000,900000, Rejected
360,3, Graduate, Yes,7500000,34000000,6,333,26100000,3800000,29600000,800000, Rejected
361,4, Graduate, Yes,8400000,25900000,4,354,16400000,17000000,26700000,9800000, Rejected
362,4, Graduate, No,8900000,28600000,8,619,27100000,5500000,31100000,6900000, Rejected
363,2, Not Graduate, Yes,2300000,4200000,10,897,7400000,1300000,5900000,1900000, Approved
364,3, Not Graduate, Yes,8900000,38100000,16,323,17000000,15000000,31500000,12000000, Rejected
365,2, Not Graduate, Yes,1300000,3900000,6,576,2200000,1300000,1200000,300000, Rejected
366,1, Not Graduate, No,5200000,5900000,12,782,10500000,10900000,16100000,4900000, Approved
367,4, Graduate, No,4800000,17900000,2,474,14400000,7700000,13000000,2400000, Rejected
368,2, Graduate, No,3200000,15400000,2,596,10800000,2300000,2300000,500000, Approved
369,5, Graduate, Yes,400000,1700000,20,804,500000,600000,600000,300000, Approved
370,2, Not Graduate, Yes,7700000,16200000,18,737,20300000,16700000,9700000,3800000, Approved
371,1, Graduate, No,3400000,4100000,18,476,3900000,3100000,6500000,300000, Approved
372,4, Not Graduate, No,6600000,31400000,8,751,14600000,12200000,7900000,5200000, Approved
373,0, Not Graduate, Yes,4200000,19900000,12,706,12000000,4400000,6100000,2200000, Approved
374,5, Not Graduate, No,3800000,11900000,14,604,11900000,5200000,5800000,2700000, Approved
375,3, Graduate, Yes,8800000,31400000,6,565,14800000,16100000,22900000,1000000, Rejected
376,2, Graduate, No,1100000,3100000,16,856,1600000,200000,1100000,700000, Approved
377,1, Graduate, Yes,7400000,19800000,14,825,7700000,8400000,9900000,5600000, Approved
378,1, Not Graduate, No,7500000,11100000,10,895,4800000,1800000,12100000,5600000, Approved
379,1, Graduate, Yes,3900000,5400000,10,705,5500000,7100000,8100000,4300000, Approved
380,4, Graduate, No,2700000,5200000,8,515,8300000,4100000,1700000,4000000, Approved
381,1, Graduate, No,200000,900000,18,365,300000,200000,800000,0, Rejected
382,0, Graduate, No,9300000,14700000,20,375,11600000,1800000,14400000,6100000, Rejected
383,1, Graduate, No,9400000,17900000,20,871,24800000,21800000,14200000,12200000, Approved
384,3, Not Graduate, No,2500000,8000000,16,518,2300000,2000000,6100000,2400000, Approved
385,2, Not Graduate, Yes,500000,900000,8,366,500000,300000,1700000,700000, Rejected
386,2, Graduate, Yes,1400000,2300000,16,434,4600000,400000,2900000,1500000, Rejected
387,5, Graduate, Yes,800000,2600000,6,312,400000,1200000,1100000,900000, Rejected
388,2, Graduate, No,8300000,20500000,18,619,13000000,5500000,20600000,1700000, Approved
389,4, Graduate, No,8900000,31200000,6,655,18700000,18800000,19500000,4300000, Approved
390,0, Graduate, Yes,1700000,7900000,10,527,1600000,2900000,3400000,1600000, Rejected
391,3, Graduate, No,7500000,12000000,2,747,8500000,100000,29600000,6200000, Approved
392,0, Graduate, Yes,1900000,8800000,2,588,1800000,2700000,7600000,2200000, Approved
393,0, Graduate, No,3700000,17100000,8,876,5000000,2100000,9100000,5500000, Approved
394,4, Graduate, No,6000000,25900000,12,758,19000000,200000,4400000,2300000, Approved
395,4, Not Graduate, No,7200000,25400000,2,345,11700000,11100000,17900000,5000000, Rejected
396,3, Graduate, No,8700000,30300000,18,464,13700000,4500000,33400000,11400000, Rejected
397,2, Not Graduate, No,600000,2100000,4,753,900000,1300000,2200000,800000, Approved
398,1, Graduate, No,2100000,7900000,20,623,7100000,3000000,2600000,2600000, Approved
399,4, Graduate, Yes,2900000,3100000,6,752,1700000,1500000,3400000,2800000, Approved
400,1, Not Graduate, Yes,3200000,15500000,8,501,9800000,7800000,3300000,4800000, Rejected
401,2, Not Graduate, Yes,9900000,33100000,4,322,12700000,13500000,33400000,6000000, Rejected
402,5, Not Graduate, Yes,7800000,32200000,18,771,26200000,3200000,17300000,2000000, Approved
403,4, Graduate, No,3300000,8300000,16,771,4100000,4300000,5600000,900000, Approved
404,5, Not Graduate, No,9700000,10200000,2,684,4600000,23300000,15900000,6900000, Approved
405,1, Graduate, Yes,5000000,15200000,4,543,9600000,5300000,7300000,6100000, Rejected
406,0, Graduate, No,5100000,15400000,14,305,4900000,5400000,18300000,3700000, Rejected
407,4, Graduate, Yes,4400000,12100000,18,737,11800000,5100000,8500000,4200000, Approved
408,3, Not Graduate, No,1600000,3800000,4,696,3800000,1100000,2200000,1000000, Rejected
409,4, Not Graduate, No,9300000,18600000,6,701,22900000,3800000,27800000,10200000, Approved
410,5, Graduate, Yes,300000,900000,12,402,300000,400000,800000,100000, Rejected
411,2, Not Graduate, Yes,1900000,4800000,4,739,4800000,4200000,5700000,1600000, Approved
412,0, Not Graduate, No,2400000,11700000,8,735,2900000,4400000,8100000,900000, Approved
413,5, Graduate, Yes,2900000,4900000,2,815,10100000,700000,2500000,2200000, Approved
414,1, Graduate, Yes,1400000,3200000,10,640,3700000,1400000,700000,1000000, Approved
415,0, Not Graduate, No,300000,700000,16,739,600000,0,200000,300000, Approved
416,3, Graduate, Yes,6800000,21600000,10,541,20800000,5200000,20200000,5500000, Approved
417,0, Graduate, No,9600000,28800000,6,718,20600000,16100000,36200000,14100000, Approved
418,0, Not Graduate, Yes,1300000,4600000,10,717,2600000,900000,2200000,1800000, Approved
419,4, Graduate, No,3100000,14900000,12,768,3000000,6500000,10000000,1600000, Approved
420,0, Not Graduate, No,5100000,10900000,4,814,12400000,6100000,15600000,1400000, Approved
421,3, Graduate, No,9200000,34700000,4,301,13200000,15400000,36100000,1800000, Rejected
422,2, Graduate, No,7000000,7700000,4,768,2400000,15500000,15000000,2600000, Approved
423,0, Graduate, No,7700000,15800000,20,776,22300000,13100000,8300000,3200000, Approved
424,5, Not Graduate, No,5800000,16600000,16,627,2200000,13000000,18400000,7800000, Approved
425,0, Graduate, Yes,4200000,4700000,4,612,10200000,8500000,14100000,5900000, Approved
426,3, Graduate, Yes,2100000,7300000,8,734,1500000,3000000,6200000,900000, Approved
427,0, Not Graduate, Yes,8600000,31900000,10,573,14000000,6400000,30300000,10000000, Approved
428,3, Not Graduate, No,8000000,31900000,4,548,24300000,6000000,14400000,10200000, Rejected
429,1, Graduate, No,400000,1200000,18,782,200000,900000,1200000,300000, Approved
430,5, Not Graduate, No,7200000,24600000,20,774,17300000,1000000,10200000,9500000, Approved
431,2, Graduate, No,1000000,2600000,6,424,2200000,2400000,2100000,1500000, Rejected
432,0, Graduate, No,7400000,8600000,2,798,22700000,6100000,10000000,10800000, Approved
433,0, Graduate, No,8200000,11500000,6,496,6300000,15100000,8500000,9300000, Approved
434,3, Not Graduate, Yes,1400000,5100000,12,382,4000000,1200000,900000,900000, Rejected
435,3, Graduate, Yes,4400000,21900000,18,827,7400000,10500000,12500000,1800000, Approved
436,1, Graduate, Yes,1400000,1500000,8,443,2300000,100000,5000000,2100000, Approved
437,3, Graduate, No,5700000,18400000,6,421,7900000,5000000,9100000,2800000, Rejected
438,4, Not Graduate, Yes,9200000,36800000,6,462,13500000,20000000,18400000,6600000, Rejected
439,4, Graduate, Yes,900000,3900000,2,595,1700000,600000,500000,400000, Approved
440,4, Not Graduate, Yes,4000000,12700000,2,399,2200000,2800000,7800000,3200000, Rejected
441,5, Graduate, Yes,9700000,33800000,10,395,15500000,21800000,14400000,2500000, Rejected
442,1, Not Graduate, Yes,3100000,11700000,14,535,7300000,6400000,7800000,3800000, Rejected
443,0, Graduate, Yes,1400000,6200000,2,430,2600000,400000,5200000,1100000, Rejected
444,0, Graduate, Yes,4900000,7300000,6,416,3700000,7100000,11100000,3400000, Rejected
445,0, Graduate, No,5100000,24000000,20,848,7100000,2800000,14600000,3100000, Approved
446,1, Not Graduate, No,6600000,7300000,20,657,11000000,3500000,19600000,6000000, Approved
447,0, Not Graduate, No,3200000,13900000,14,308,7700000,4900000,3300000,3800000, Rejected
448,5, Not Graduate, No,9500000,12400000,12,361,30100000,2900000,16300000,13000000, Rejected
449,2, Not Graduate, Yes,5300000,9400000,12,789,10700000,6200000,4700000,6800000, Approved
450,1, Not Graduate, Yes,3000000,3000000,8,462,7300000,1900000,6100000,2200000, Rejected
451,3, Graduate, No,9600000,26700000,6,391,4400000,20500000,34600000,12200000, Rejected
452,2, Not Graduate, Yes,9200000,21500000,8,699,30800000,12800000,20100000,7700000, Approved
453,0, Not Graduate, No,5000000,8300000,14,803,6200000,2700000,10500000,5000000, Approved
454,5, Not Graduate, Yes,400000,1100000,14,539,500000,900000,500000,400000, Approved
455,4, Not Graduate, Yes,6000000,15700000,14,746,5600000,12300000,9500000,4000000, Approved
456,4, Not Graduate, No,5600000,22800000,14,553,2700000,3700000,21200000,4400000, Approved
457,5, Not Graduate, No,1600000,7300000,2,365,4500000,3800000,2500000,1700000, Rejected
458,5, Not Graduate, Yes,6400000,23100000,14,779,6400000,4300000,19600000,3400000, Approved
459,1, Not Graduate, No,8400000,12600000,18,852,9500000,6100000,5400000,9600000, Approved
460,4, Graduate, No,1200000,2600000,14,891,1000000,1200000,1100000,700000, Approved
461,0, Not Graduate, Yes,7200000,33500000,12,360,24600000,3000000,11400000,6600000, Rejected
462,2, Graduate, Yes,1500000,2000000,6,639,4200000,2600000,5500000,1900000, Approved
463,4, Not Graduate, Yes,7500000,19700000,16,674,24500000,10500000,9500000,1000000, Approved
464,4, Not Graduate, No,4300000,20500000,10,347,13100000,9600000,13100000,1900000, Rejected
465,4, Graduate, No,200000,1000000,6,871,600000,100000,200000,200000, Approved
466,4, Not Graduate, No,9600000,25400000,10,361,17100000,4100000,25400000,2400000, Rejected
467,0, Graduate, Yes,1800000,6600000,4,461,1400000,1600000,4600000,700000, Rejected
468,3, Not Graduate, No,6000000,17000000,20,882,7700000,2200000,16100000,6900000, Approved
469,3, Not Graduate, No,1900000,7600000,16,634,2200000,4500000,2900000,300000, Approved
470,0, Graduate, No,9300000,10500000,8,708,23900000,16700000,9900000,8900000, Approved
471,1, Not Graduate, No,7400000,11700000,16,596,2100000,14700000,26700000,1100000, Approved
472,2, Not Graduate, No,8000000,27700000,2,752,5300000,15000000,19900000,2100000, Approved
473,3, Graduate, No,4400000,8500000,8,348,10800000,2700000,5500000,2800000, Rejected
474,5, Not Graduate, Yes,4700000,17200000,14,706,2900000,1700000,9100000,6800000, Approved
475,4, Not Graduate, No,6400000,15400000,2,340,2300000,6900000,4700000,5500000, Rejected
476,5, Not Graduate, Yes,7800000,35500000,16,407,4400000,16200000,16900000,4200000, Rejected
477,1, Not Graduate, Yes,8500000,36400000,18,604,21100000,7000000,16900000,5700000, Approved
478,2, Not Graduate, Yes,300000,900000,12,569,200000,0,300000,300000, Approved
479,1, Not Graduate, Yes,6700000,27400000,6,391,4600000,11100000,13800000,6500000, Rejected
480,5, Graduate, Yes,1200000,2500000,16,779,1200000,600000,3300000,600000, Approved
481,3, Not Graduate, Yes,3000000,8900000,8,481,8000000,4100000,11200000,1100000, Rejected
482,3, Not Graduate, Yes,8300000,14900000,16,820,7100000,300000,24600000,6600000, Approved
483,3, Not Graduate, No,2600000,11600000,14,309,800000,3300000,5900000,2600000, Rejected
484,1, Graduate, Yes,8000000,34300000,2,442,25500000,7900000,25600000,9900000, Rejected
485,5, Not Graduate, No,4700000,21700000,2,478,14500000,10300000,7000000,4400000, Rejected
486,3, Graduate, No,2400000,10800000,2,658,1900000,4300000,6800000,2600000, Approved
487,3, Not Graduate, Yes,3400000,16500000,2,541,3700000,300000,1800000,2600000, Rejected
488,4, Not Graduate, No,5400000,10300000,6,394,4400000,10700000,4100000,4800000, Rejected
489,4, Graduate, No,7600000,35900000,2,643,19600000,15000000,20400000,7500000, Approved
490,2, Graduate, Yes,6100000,20000000,20,875,6300000,10100000,7200000,2600000, Approved
491,4, Not Graduate, Yes,9300000,25000000,20,380,30400000,21600000,27100000,13100000, Rejected
492,4, Not Graduate, No,8700000,28200000,4,451,25500000,17500000,23700000,5100000, Rejected
493,3, Not Graduate, No,7500000,17800000,8,587,16100000,4100000,5400000,7100000, Rejected
494,0, Graduate, Yes,6100000,13100000,16,736,1400000,5800000,11400000,5400000, Approved
495,1, Not Graduate, No,3000000,5900000,14,382,9300000,2600000,7900000,3900000, Rejected
496,0, Not Graduate, Yes,4200000,5600000,12,438,10900000,5300000,12600000,1100000, Rejected
497,1, Graduate, No,1300000,3900000,20,441,3600000,3100000,4400000,1700000, Rejected
498,0, Graduate, No,3800000,17300000,14,670,1700000,5800000,6300000,1100000, Approved
499,3, Graduate, No,9200000,32400000,14,349,23400000,7200000,31500000,2800000, Rejected
500,5, Not Graduate, No,4300000,13300000,12,696,12300000,10100000,7500000,5600000, Approved
501,0, Graduate, No,1300000,3500000,12,555,4400000,2300000,700000,600000, Approved
502,1, Graduate, Yes,6500000,18600000,6,497,13800000,4300000,17100000,6200000, Rejected
503,0, Graduate, Yes,9600000,17600000,12,818,18000000,21800000,12900000,7200000, Approved
504,0, Graduate, Yes,8700000,37300000,20,792,14000000,7500000,8100000,12200000, Approved
505,0, Not Graduate, Yes,2800000,5000000,8,782,7000000,3600000,3900000,3300000, Approved
506,3, Not Graduate, No,4600000,17800000,4,832,14900000,5500000,15600000,2600000, Approved
507,5, Not Graduate, No,5400000,21800000,12,440,11800000,12500000,20000000,6700000, Rejected
508,4, Not Graduate, Yes,2600000,8600000,16,813,2500000,1700000,10100000,1100000, Approved
509,4, Not Graduate, No,2800000,12500000,20,405,700000,2300000,4400000,2700000, Rejected
510,0, Graduate, No,2500000,5400000,12,498,5600000,4100000,5200000,2900000, Rejected
511,5, Graduate, Yes,9900000,39500000,16,633,30200000,21900000,32800000,10700000, Approved
512,3, Graduate, No,7500000,29400000,6,747,3100000,2200000,12100000,7600000, Approved
513,5, Not Graduate, Yes,8400000,35200000,10,647,12700000,4400000,15500000,10600000, Approved
514,2, Graduate, Yes,8200000,30000000,10,636,27100000,19400000,10900000,7200000, Approved
515,4, Not Graduate, No,9500000,39500000,8,526,17600000,18500000,23800000,13300000, Approved
516,2, Graduate, No,1200000,6000000,16,656,1100000,1000000,3400000,400000, Approved
517,3, Not Graduate, No,8800000,23600000,18,585,12000000,7900000,14200000,5300000, Approved
518,0, Graduate, Yes,800000,3400000,8,586,1200000,900000,500000,1000000, Rejected
519,2, Graduate, No,4800000,19100000,4,652,2800000,8100000,14800000,2600000, Approved
520,1, Not Graduate, No,6000000,16900000,18,660,14300000,8400000,15900000,4300000, Approved
521,4, Not Graduate, Yes,3700000,17400000,18,498,8000000,7200000,4700000,4400000, Rejected
522,4, Graduate, Yes,1600000,4100000,20,381,3700000,200000,2600000,1400000, Rejected
523,5, Graduate, Yes,2000000,6500000,6,480,4400000,4100000,7700000,700000, Approved
524,2, Not Graduate, Yes,8200000,11700000,16,545,2100000,1200000,22200000,2800000, Rejected
525,4, Graduate, No,3300000,6300000,16,396,2600000,7300000,8500000,1700000, Rejected
526,5, Not Graduate, Yes,3200000,14000000,16,406,2400000,300000,8800000,1700000, Rejected
527,2, Not Graduate, No,9200000,23800000,18,871,4800000,2900000,35300000,2700000, Approved
528,5, Graduate, Yes,1600000,4100000,20,468,4200000,700000,2700000,2000000, Rejected
529,4, Not Graduate, Yes,9100000,18100000,10,744,5400000,5100000,13500000,4500000, Approved
530,1, Not Graduate, Yes,9200000,27300000,2,376,22100000,9200000,16700000,11300000, Rejected
531,2, Graduate, No,6000000,25300000,4,884,4700000,9800000,19800000,8800000, Approved
532,0, Graduate, Yes,1800000,8200000,18,427,1100000,4000000,1700000,1000000, Rejected
533,2, Not Graduate, No,1700000,2200000,18,536,1300000,2200000,2100000,2500000, Rejected
534,2, Graduate, Yes,2900000,9600000,2,769,5400000,3900000,3800000,1100000, Approved
535,1, Not Graduate, No,5800000,16600000,8,421,13500000,4600000,15800000,5800000, Rejected
536,2, Not Graduate, No,1700000,5900000,6,630,4900000,3400000,4700000,2500000, Approved
537,0, Not Graduate, No,4600000,12800000,8,772,2900000,1300000,8300000,5700000, Approved
538,2, Graduate, No,1300000,3400000,14,314,2900000,1000000,1900000,500000, Rejected
539,1, Graduate, No,5400000,15600000,12,315,14900000,1300000,17000000,2500000, Rejected
540,1, Graduate, No,400000,1300000,10,773,500000,200000,200000,200000, Approved
541,4, Graduate, No,7100000,21300000,10,457,3300000,10400000,21900000,10100000, Rejected
542,5, Not Graduate, Yes,700000,2000000,14,846,500000,200000,900000,300000, Approved
543,1, Not Graduate, Yes,2100000,9000000,14,857,1100000,500000,7700000,1700000, Approved
544,3, Graduate, No,1900000,7600000,2,829,5900000,3900000,3700000,1100000, Approved
545,5, Not Graduate, No,8300000,19600000,4,899,12000000,2500000,22800000,5000000, Approved
546,3, Graduate, Yes,700000,2900000,8,794,1300000,1100000,600000,500000, Approved
547,0, Not Graduate, No,4400000,19400000,10,530,12000000,3900000,6100000,2600000, Rejected
548,4, Graduate, No,5900000,9500000,20,896,8400000,13200000,17400000,5500000, Approved
549,0, Graduate, No,5200000,17300000,18,507,12200000,9200000,12600000,3600000, Rejected
550,3, Graduate, No,6800000,14600000,14,652,3100000,1000000,21700000,4900000, Rejected
551,2, Graduate, No,8000000,31700000,2,303,14300000,17900000,19800000,6500000, Rejected
552,3, Graduate, Yes,4000000,7800000,4,878,2100000,4100000,10000000,2400000, Approved
553,1, Graduate, Yes,8300000,30600000,10,655,8500000,6200000,29100000,9600000, Approved
554,5, Graduate, Yes,3300000,6700000,12,870,3900000,5600000,6600000,2700000, Approved
555,0, Not Graduate, Yes,9800000,29800000,14,512,25200000,17600000,35600000,8000000, Approved
556,5, Not Graduate, No,5100000,24500000,4,488,12400000,3900000,9200000,2000000, Rejected
557,0, Graduate, Yes,7400000,18700000,18,613,19700000,6500000,12200000,1100000, Approved
558,1, Not Graduate, Yes,8700000,39200000,10,818,3500000,3400000,28100000,10700000, Approved
559,3, Graduate, No,7900000,39100000,12,629,27500000,11700000,4300000,10300000, Rejected
560,3, Not Graduate, No,8500000,38200000,2,776,3200000,20300000,9400000,3700000, Approved
561,1, Not Graduate, No,5400000,9000000,18,428,15800000,5600000,4100000,3300000, Rejected
562,1, Graduate, No,600000,2600000,12,766,1600000,1500000,1400000,400000, Approved
563,3, Not Graduate, Yes,5000000,5600000,6,740,10800000,2200000,13500000,5300000, Approved
564,0, Graduate, No,1900000,4900000,8,838,3100000,3800000,1000000,700000, Approved
565,0, Graduate, Yes,8900000,39500000,8,334,24000000,20700000,9500000,13100000, Rejected
566,2, Not Graduate, No,2500000,9400000,2,530,6600000,4300000,3900000,500000, Rejected
567,0, Graduate, No,2400000,7500000,20,353,1600000,700000,3700000,3500000, Rejected
568,0, Not Graduate, No,2600000,6600000,18,540,7300000,2100000,2200000,500000, Approved
569,0, Not Graduate, Yes,6400000,27200000,18,756,2900000,1400000,7100000,3500000, Approved
570,4, Not Graduate, No,5700000,21900000,8,684,10600000,8600000,19700000,2600000, Approved
571,0, Not Graduate, Yes,9400000,27000000,12,752,21900000,23500000,27700000,4400000, Approved
572,1, Graduate, Yes,4200000,19200000,10,743,12200000,3900000,6500000,6300000, Approved
573,4, Graduate, Yes,2900000,5600000,10,896,5000000,1200000,4100000,2200000, Approved
574,2, Graduate, Yes,600000,1000000,12,828,600000,400000,500000,200000, Approved
575,2, Graduate, Yes,200000,700000,10,652,400000,300000,300000,300000, Approved
576,3, Not Graduate, No,3800000,18600000,16,826,3900000,5400000,7200000,1700000, Approved
577,3, Not Graduate, No,9200000,18300000,2,328,17900000,5300000,33700000,1900000, Rejected
578,2, Not Graduate, Yes,5300000,10600000,4,733,9100000,9900000,16400000,700000, Approved
579,5, Graduate, Yes,8900000,13900000,18,613,24700000,2000000,19400000,6700000, Approved
580,1, Not Graduate, Yes,1100000,4900000,18,875,1100000,1700000,1100000,1500000, Approved
581,1, Not Graduate, No,1100000,2100000,18,602,900000,1200000,3100000,100000, Approved
582,3, Not Graduate, No,8300000,25000000,8,407,14600000,2600000,31300000,9300000, Rejected
583,5, Not Graduate, Yes,1200000,6000000,10,735,400000,1900000,900000,600000, Approved
584,5, Graduate, No,700000,700000,2,871,700000,1200000,2400000,300000, Approved
585,4, Graduate, No,4100000,13200000,6,309,5600000,4500000,4600000,4400000, Rejected
586,0, Not Graduate, No,9200000,28100000,16,338,16600000,18400000,27200000,10600000, Rejected
587,4, Not Graduate, No,6900000,29200000,8,697,7500000,8800000,7900000,6100000, Approved
588,0, Not Graduate, Yes,1100000,2700000,10,633,2300000,800000,2900000,400000, Approved
589,5, Not Graduate, No,8400000,22200000,4,629,26000000,20000000,11200000,900000, Approved
590,0, Not Graduate, No,8400000,14000000,10,354,16800000,19800000,20100000,9500000, Rejected
591,0, Graduate, Yes,8000000,31700000,16,643,9200000,1900000,20800000,7500000, Approved
592,3, Graduate, No,9000000,37200000,12,641,3600000,21300000,24000000,6200000, Approved
593,3, Graduate, Yes,2500000,3900000,12,810,1600000,4800000,7200000,1000000, Approved
594,2, Not Graduate, No,9700000,25000000,20,534,19900000,2600000,7200000,11300000, Rejected
595,2, Not Graduate, Yes,3300000,15100000,6,509,8100000,4300000,9800000,700000, Rejected
596,4, Not Graduate, No,8000000,8100000,6,349,2900000,700000,8300000,8000000, Rejected
597,3, Not Graduate, No,5800000,12700000,14,640,4700000,8500000,16600000,6200000, Approved
598,4, Not Graduate, No,7800000,25100000,10,689,9800000,18200000,7300000,3200000, Approved
599,1, Graduate, No,6300000,14700000,20,468,7900000,5800000,13700000,4900000, Rejected
600,3, Graduate, Yes,6400000,13400000,2,739,21500000,8100000,11900000,5300000, Approved
601,0, Graduate, Yes,6200000,17600000,4,863,5400000,3500000,24100000,5800000, Approved
602,1, Graduate, Yes,7800000,13500000,8,404,3200000,10500000,21100000,10600000, Rejected
603,5, Not Graduate, Yes,7400000,23100000,10,644,10100000,14800000,6000000,6400000, Rejected
604,0, Graduate, No,1500000,5700000,18,717,1000000,800000,4400000,300000, Approved
605,2, Graduate, Yes,8200000,27100000,10,311,5100000,11300000,9700000,4800000, Rejected
606,2, Not Graduate, No,5400000,7400000,10,407,8300000,4800000,8100000,5300000, Rejected
607,1, Graduate, Yes,3300000,14400000,4,537,4000000,6200000,6000000,1900000, Approved
608,0, Not Graduate, No,5200000,8800000,10,382,2600000,9100000,16700000,6100000, Rejected
609,0, Graduate, Yes,9600000,39000000,12,513,21100000,16800000,36500000,3500000, Rejected
610,4, Not Graduate, No,8600000,21000000,12,388,16000000,8100000,32100000,2600000, Rejected
611,3, Not Graduate, Yes,8300000,34300000,14,838,3800000,12400000,9100000,3500000, Approved
612,3, Graduate, Yes,4700000,8600000,10,660,14300000,7700000,3300000,6200000, Approved
613,0, Not Graduate, No,7800000,13600000,4,497,8900000,13300000,26500000,8200000, Approved
614,3, Graduate, Yes,3900000,11700000,4,768,13200000,5600000,5900000,3200000, Approved
615,1, Graduate, No,6900000,7800000,4,311,22600000,15000000,17500000,3600000, Rejected
616,1, Graduate, Yes,6400000,12200000,14,658,10400000,4000000,25100000,8900000, Rejected
617,5, Graduate, Yes,2600000,10100000,18,710,2500000,400000,3000000,3500000, Approved
618,2, Not Graduate, No,2800000,12200000,18,786,8300000,6700000,5100000,1800000, Approved
619,0, Not Graduate, Yes,700000,900000,8,433,1000000,100000,2500000,800000, Rejected
620,3, Graduate, Yes,1500000,6800000,2,655,1100000,3400000,4200000,2100000, Approved
621,1, Not Graduate, No,4400000,18400000,14,761,8900000,6700000,16600000,2400000, Approved
622,0, Graduate, Yes,4800000,21500000,2,779,8700000,11000000,13000000,2700000, Approved
623,4, Graduate, No,1800000,6800000,14,405,5400000,2500000,2800000,1600000, Rejected
624,3, Not Graduate, No,4200000,15500000,8,886,10900000,8600000,13900000,2800000, Approved
625,1, Graduate, Yes,6100000,18900000,18,464,18900000,11000000,19300000,7100000, Rejected
626,4, Not Graduate, Yes,2400000,8700000,14,534,6300000,3200000,9000000,2000000, Rejected
627,1, Not Graduate, No,3500000,16400000,16,415,8100000,3200000,7600000,1400000, Rejected
628,3, Graduate, Yes,3800000,5300000,10,390,7000000,0,8600000,2300000, Approved
629,3, Graduate, No,5100000,11500000,18,453,17600000,3200000,8300000,5300000, Rejected
630,0, Graduate, Yes,3700000,4800000,12,381,12500000,8800000,5300000,600000, Rejected
631,4, Graduate, Yes,7400000,35400000,14,740,22200000,5100000,29500000,4300000, Approved
632,3, Graduate, No,3400000,9500000,8,659,9400000,6400000,13300000,400000, Approved
633,2, Not Graduate, No,4400000,16300000,10,534,9300000,5600000,10400000,5500000, Rejected
634,4, Not Graduate, No,3900000,17000000,18,628,4100000,3000000,15000000,1000000, Approved
635,4, Not Graduate, Yes,1900000,9400000,8,663,5900000,4700000,3300000,400000, Approved
636,2, Graduate, Yes,6900000,11400000,2,410,1600000,800000,24000000,8300000, Rejected
637,4, Graduate, Yes,2500000,10500000,8,478,2400000,3600000,6800000,600000, Rejected
638,0, Graduate, No,3100000,14100000,8,830,4800000,3600000,9300000,3300000, Approved
639,3, Not Graduate, Yes,7900000,9400000,10,307,16900000,1500000,23800000,5000000, Rejected
640,1, Graduate, Yes,9400000,37800000,2,875,19300000,5000000,25600000,11800000, Approved
641,3, Not Graduate, Yes,6700000,16200000,4,879,5200000,11600000,23300000,2400000, Approved
642,3, Graduate, No,9100000,32700000,8,452,5000000,2500000,17000000,2000000, Rejected
643,4, Not Graduate, No,8500000,26000000,10,492,7900000,17000000,29500000,3600000, Rejected
644,3, Not Graduate, No,4900000,10000000,2,424,6600000,7700000,5600000,6900000, Rejected
645,0, Not Graduate, No,7700000,11900000,8,636,1900000,1900000,9200000,9700000, Approved
646,5, Graduate, Yes,3400000,5000000,8,428,8400000,2400000,10200000,1700000, Rejected
647,3, Not Graduate, Yes,4700000,6600000,2,775,4800000,1600000,14700000,1800000, Approved
648,0, Graduate, Yes,5400000,19200000,6,532,7300000,10800000,19800000,1700000, Rejected
649,0, Graduate, Yes,9600000,23100000,6,881,12500000,12800000,14000000,3900000, Approved
650,0, Graduate, No,8500000,15900000,4,812,16100000,100000,5900000,3300000, Approved
651,1, Graduate, Yes,4900000,18500000,16,541,14900000,6700000,11200000,6600000, Rejected
652,1, Graduate, Yes,6500000,24400000,2,658,4500000,7800000,23200000,800000, Approved
653,5, Not Graduate, No,2100000,6600000,12,314,2800000,3400000,8200000,2800000, Rejected
654,4, Graduate, Yes,8000000,37900000,14,340,19900000,700000,28000000,1300000, Rejected
655,0, Graduate, Yes,5600000,14200000,18,604,1900000,500000,12400000,7000000, Approved
656,2, Graduate, Yes,5400000,23500000,12,584,15900000,4700000,19000000,3800000, Approved
657,1, Not Graduate, No,7700000,10000000,12,539,26000000,13300000,9600000,1600000, Approved
658,2, Graduate, No,6400000,25300000,16,354,14100000,10700000,23800000,7800000, Rejected
659,0, Graduate, Yes,900000,4500000,18,804,3000000,600000,2200000,400000, Approved
660,1, Not Graduate, Yes,3000000,13200000,6,544,4700000,1600000,5600000,4000000, Rejected
661,3, Not Graduate, No,1900000,6300000,16,582,3000000,3200000,4800000,2200000, Approved
662,3, Not Graduate, Yes,7400000,26000000,10,542,4100000,500000,24000000,10900000, Approved
663,5, Not Graduate, Yes,500000,1200000,2,598,200000,700000,700000,600000, Approved
664,5, Graduate, Yes,2100000,7800000,14,689,2100000,2200000,1800000,900000, Approved
665,2, Graduate, Yes,6000000,24500000,20,759,10700000,3600000,18400000,4000000, Approved
666,4, Not Graduate, Yes,7000000,35000000,4,630,13100000,9100000,26800000,7500000, Approved
667,5, Not Graduate, No,5100000,15100000,2,399,4700000,2800000,13900000,2800000, Rejected
668,2, Not Graduate, No,8600000,10700000,20,825,19100000,12100000,8600000,7400000, Approved
669,2, Not Graduate, No,9200000,31100000,12,471,7300000,3400000,25300000,4000000, Rejected
670,3, Graduate, No,1400000,2100000,6,309,1800000,1400000,1300000,1400000, Rejected
671,5, Not Graduate, Yes,9500000,18800000,16,323,8000000,12100000,14800000,5500000, Rejected
672,4, Not Graduate, No,6200000,14400000,8,765,15500000,500000,3800000,1100000, Approved
673,5, Not Graduate, No,6400000,25100000,8,532,12200000,9800000,14100000,9300000, Approved
674,4, Graduate, No,1100000,1900000,6,313,2900000,2100000,1800000,1400000, Rejected
675,1, Not Graduate, No,6200000,10300000,12,787,2400000,14800000,5200000,3300000, Approved
676,1, Not Graduate, Yes,7300000,8600000,4,482,11700000,3700000,11500000,2100000, Rejected
677,5, Graduate, No,5800000,26100000,8,887,19700000,3000000,16000000,6600000, Approved
678,2, Graduate, Yes,1000000,3800000,8,828,400000,800000,1500000,400000, Approved
679,1, Graduate, No,5300000,6100000,2,328,8400000,11800000,5300000,5000000, Rejected
680,1, Not Graduate, Yes,9300000,10400000,16,714,3100000,9500000,22400000,11100000, Approved
681,2, Graduate, Yes,7200000,23300000,2,662,4900000,5400000,22600000,3500000, Approved
682,3, Not Graduate, Yes,1500000,3200000,20,403,2600000,2800000,5100000,700000, Rejected
683,1, Graduate, No,9600000,32500000,2,506,6900000,900000,20700000,1800000, Rejected
684,1, Graduate, Yes,9500000,26000000,8,594,18200000,13000000,28400000,5200000, Approved
685,2, Not Graduate, Yes,1800000,8400000,2,387,5800000,2000000,6100000,1700000, Rejected
686,1, Not Graduate, Yes,8000000,17200000,8,733,6900000,12500000,22800000,2500000, Approved
687,5, Not Graduate, No,4100000,15200000,14,466,2300000,7500000,9600000,5900000, Approved
688,0, Graduate, No,6000000,7300000,2,863,17500000,4900000,4300000,6700000, Approved
689,4, Graduate, No,4500000,21700000,12,781,7700000,7200000,6800000,1700000, Approved
690,1, Graduate, Yes,7800000,38400000,16,681,24300000,10200000,12600000,6600000, Approved
691,3, Graduate, No,9900000,39200000,10,371,12000000,3300000,18600000,6400000, Rejected
692,1, Graduate, No,7900000,22600000,4,314,17900000,17400000,30200000,5000000, Rejected
693,5, Graduate, Yes,9300000,17500000,14,387,30200000,17500000,11400000,8200000, Rejected
694,5, Graduate, No,9400000,39500000,4,600,7200000,21700000,22500000,2400000, Rejected
695,2, Graduate, Yes,1000000,3900000,2,769,2800000,1800000,4000000,400000, Approved
696,0, Graduate, Yes,2600000,4900000,10,391,5900000,1600000,6900000,800000, Rejected
697,1, Not Graduate, Yes,7200000,20200000,6,725,20800000,7700000,8900000,2500000, Approved
698,4, Not Graduate, Yes,5900000,16800000,2,328,4500000,5700000,22800000,6000000, Rejected
699,4, Graduate, No,600000,2600000,16,459,1000000,100000,1000000,900000, Rejected
700,0, Graduate, No,1100000,4100000,12,659,700000,1100000,700000,1100000, Approved
701,0, Not Graduate, Yes,5300000,18900000,20,797,17900000,4600000,10700000,7800000, Approved
702,2, Graduate, Yes,6200000,22300000,10,766,2500000,100000,8300000,5600000, Approved
703,4, Not Graduate, Yes,1800000,3700000,10,620,700000,3800000,6100000,900000, Approved
704,4, Not Graduate, Yes,1800000,4500000,18,321,5700000,600000,2300000,2400000, Rejected
705,0, Not Graduate, No,1400000,1700000,2,476,1700000,1800000,4700000,300000, Approved
706,5, Graduate, No,5700000,23600000,8,770,12400000,11200000,3600000,1400000, Approved
707,1, Not Graduate, Yes,200000,500000,16,348,200000,300000,800000,300000, Rejected
708,1, Not Graduate, Yes,5800000,16000000,6,724,13600000,2500000,3800000,5900000, Approved
709,2, Not Graduate, No,4800000,9500000,18,723,4000000,7400000,18200000,6700000, Approved
710,4, Graduate, Yes,4700000,8600000,6,751,8100000,8900000,3600000,1300000, Approved
711,1, Graduate, Yes,6800000,22800000,10,430,13300000,14500000,24200000,8000000, Rejected
712,3, Graduate, Yes,5300000,10200000,18,447,6900000,4200000,18100000,2300000, Rejected
713,1, Graduate, Yes,7300000,9200000,6,419,7500000,600000,18800000,4200000, Rejected
714,0, Not Graduate, No,7600000,30900000,20,536,5000000,11600000,4800000,10300000, Approved
715,0, Graduate, Yes,9200000,23100000,2,614,23300000,5200000,24600000,6200000, Approved
716,2, Graduate, No,8000000,20200000,6,371,6000000,15600000,21300000,8300000, Rejected
717,0, Graduate, Yes,5200000,14200000,12,641,6100000,8800000,12700000,7000000, Approved
718,3, Graduate, No,5000000,21300000,12,443,6600000,9700000,13600000,6600000, Rejected
719,4, Graduate, No,2500000,5700000,20,637,4200000,6000000,9700000,300000, Approved
720,3, Not Graduate, No,6000000,24200000,20,481,15100000,8800000,23900000,1900000, Rejected
721,2, Not Graduate, No,1500000,7100000,14,873,2400000,3400000,3500000,2100000, Approved
722,1, Not Graduate, Yes,9300000,33900000,14,491,28600000,14900000,7600000,8300000, Rejected
723,0, Graduate, Yes,8400000,22900000,8,823,20500000,3800000,8100000,6500000, Approved
724,0, Not Graduate, Yes,1300000,5200000,18,405,3900000,2600000,3900000,200000, Rejected
725,0, Graduate, Yes,7900000,22400000,14,351,20300000,13700000,31100000,1100000, Rejected
726,3, Graduate, No,1300000,3500000,2,413,900000,3200000,2600000,1900000, Rejected
727,1, Graduate, Yes,7200000,22300000,18,552,24700000,4400000,6100000,5500000, Approved
728,3, Graduate, No,1000000,2300000,8,841,2800000,800000,1700000,1200000, Approved
729,2, Graduate, Yes,4900000,6900000,10,405,10200000,10100000,9100000,2000000, Rejected
730,1, Graduate, Yes,6600000,17600000,10,771,4900000,1000000,26300000,2900000, Approved
731,2, Not Graduate, Yes,7300000,10900000,18,718,5600000,11600000,21200000,6500000, Approved
732,2, Graduate, No,4300000,11400000,6,507,9600000,5800000,3900000,5700000, Approved
733,0, Graduate, Yes,9200000,29700000,8,502,14500000,3900000,15500000,4600000, Rejected
734,0, Graduate, Yes,7700000,36400000,2,869,18700000,3200000,5200000,4300000, Approved
735,5, Graduate, Yes,2200000,2500000,8,729,3100000,4500000,6100000,1900000, Approved
736,0, Not Graduate, Yes,6700000,23400000,2,443,12700000,300000,19100000,1000000, Rejected
737,1, Graduate, Yes,7300000,20700000,12,848,6000000,13600000,5100000,4600000, Approved
738,2, Not Graduate, No,3400000,3700000,18,544,2400000,6200000,5700000,3000000, Approved
739,2, Not Graduate, No,7400000,14800000,10,347,3300000,12000000,27100000,800000, Rejected
740,4, Graduate, No,9000000,13300000,20,788,26100000,9200000,30500000,8900000, Approved
741,4, Graduate, No,8200000,15300000,20,822,16700000,600000,20600000,1400000, Approved
742,3, Graduate, Yes,7600000,15900000,2,566,25300000,15200000,16700000,8400000, Approved
743,1, Not Graduate, Yes,6400000,16700000,12,723,17100000,2000000,25400000,7800000, Approved
744,5, Graduate, No,2800000,8700000,12,441,7700000,2000000,8500000,3600000, Rejected
745,0, Not Graduate, No,7900000,7900000,8,811,14900000,18700000,30300000,8200000, Approved
746,1, Graduate, Yes,3700000,6100000,18,521,10700000,2800000,2800000,3300000, Approved
747,2, Graduate, Yes,5400000,7400000,8,460,17900000,3400000,6700000,2900000, Rejected
748,2, Not Graduate, Yes,3200000,10200000,2,600,8300000,7800000,1900000,2200000, Approved
749,3, Graduate, Yes,3200000,7400000,12,460,1800000,700000,11300000,700000, Rejected
750,0, Not Graduate, No,1700000,5400000,6,673,4000000,700000,5000000,1900000, Approved
751,5, Not Graduate, Yes,9600000,18100000,8,749,5700000,10500000,10800000,1300000, Approved
752,0, Graduate, Yes,1600000,1800000,12,543,700000,3200000,6300000,1100000, Approved
753,2, Graduate, No,1000000,4800000,16,770,2500000,2200000,3800000,800000, Approved
754,3, Graduate, Yes,9300000,13300000,6,559,27500000,17600000,12000000,9400000, Approved
755,5, Not Graduate, Yes,5600000,8400000,8,883,4100000,13700000,15500000,3300000, Approved
756,3, Graduate, No,4400000,7000000,2,458,2000000,200000,12500000,3200000, Rejected
757,3, Not Graduate, Yes,7400000,36400000,8,723,23100000,11500000,3800000,6800000, Approved
758,1, Not Graduate, No,3900000,13500000,12,621,2500000,1100000,11400000,5400000, Approved
759,4, Graduate, Yes,1400000,4800000,14,867,400000,3200000,1800000,1500000, Approved
760,3, Graduate, Yes,7300000,36100000,6,431,18800000,17100000,26700000,3300000, Rejected
761,0, Graduate, Yes,1900000,2600000,2,418,5700000,1400000,6500000,2400000, Rejected
762,2, Not Graduate, No,5600000,27400000,12,821,10600000,11600000,20500000,1000000, Approved
763,5, Not Graduate, Yes,9500000,17300000,14,841,18800000,15000000,29900000,4600000, Approved
764,5, Graduate, Yes,9300000,32500000,2,749,12200000,2300000,10000000,2300000, Approved
765,1, Not Graduate, Yes,3700000,9900000,12,585,3700000,5600000,6500000,2700000, Approved
766,4, Not Graduate, No,7800000,19800000,2,546,21000000,19000000,23300000,7700000, Approved
767,1, Graduate, No,6200000,29300000,10,700,18600000,4800000,10100000,5200000, Approved
768,4, Not Graduate, No,4800000,7700000,14,749,6000000,0,14300000,5900000, Approved
769,3, Not Graduate, No,1500000,7500000,16,465,1700000,3700000,2500000,1300000, Rejected
770,1, Not Graduate, Yes,3800000,9600000,16,304,4100000,3900000,4300000,1600000, Rejected
771,5, Graduate, No,6500000,23400000,16,344,2400000,7000000,15000000,5500000, Rejected
772,1, Graduate, Yes,9800000,39500000,6,507,11000000,17500000,28400000,11100000, Rejected
773,2, Not Graduate, Yes,200000,300000,18,709,100000,300000,500000,200000, Approved
774,5, Not Graduate, Yes,7200000,33800000,8,564,20200000,5400000,19800000,5200000, Approved
775,1, Not Graduate, Yes,8400000,27500000,8,671,8800000,2100000,17100000,7100000, Approved
776,1, Graduate, No,9500000,36300000,16,582,23500000,19600000,30600000,8200000, Rejected
777,5, Graduate, No,4300000,6900000,8,451,8600000,5200000,11900000,2300000, Rejected
778,2, Not Graduate, Yes,1300000,4100000,2,749,3900000,2200000,3300000,1700000, Approved
779,4, Graduate, No,2800000,10300000,16,734,9400000,6000000,5700000,1100000, Approved
780,0, Not Graduate, No,8500000,24000000,14,878,12000000,400000,20200000,1200000, Approved
781,3, Graduate, Yes,8800000,14300000,12,796,4300000,18900000,6000000,10000000, Approved
782,0, Graduate, Yes,6400000,12600000,4,528,17100000,12000000,18100000,8200000, Rejected
783,2, Not Graduate, No,1400000,6200000,14,723,400000,3300000,1700000,1400000, Approved
784,1, Graduate, No,1300000,1500000,4,510,1200000,800000,4600000,1000000, Rejected
785,2, Graduate, Yes,4800000,18400000,12,824,1800000,3900000,16000000,7000000, Approved
786,2, Not Graduate, Yes,5900000,29500000,12,666,18700000,9800000,13900000,3700000, Approved
787,5, Graduate, Yes,500000,500000,16,801,100000,1200000,1700000,300000, Approved
788,3, Not Graduate, Yes,6900000,11300000,20,469,12600000,17100000,19600000,6400000, Rejected
789,0, Not Graduate, Yes,5500000,20300000,4,308,8800000,5700000,5500000,3900000, Rejected
790,2, Graduate, No,300000,400000,4,384,700000,400000,900000,300000, Rejected
791,4, Graduate, No,1100000,3700000,12,619,1300000,500000,4400000,1600000, Approved
792,2, Not Graduate, Yes,4600000,17200000,20,877,14200000,8000000,3000000,2000000, Approved
793,3, Graduate, Yes,7200000,24100000,4,676,18900000,15100000,9800000,2200000, Approved
794,3, Graduate, No,8200000,20200000,10,786,13300000,16400000,21300000,5700000, Approved
795,5, Not Graduate, Yes,4400000,16700000,10,582,6100000,3800000,8600000,3500000, Rejected
796,3, Graduate, Yes,3000000,10100000,8,876,8700000,7200000,8200000,3300000, Approved
797,3, Not Graduate, Yes,9600000,17600000,14,865,25900000,2900000,24500000,13800000, Approved
798,5, Graduate, Yes,4600000,15000000,6,430,7000000,5700000,15000000,4900000, Rejected
799,1, Not Graduate, No,3200000,14500000,10,818,4200000,4400000,2400000,4700000, Approved
800,4, Not Graduate, Yes,4500000,16500000,18,310,1500000,6000000,9200000,2000000, Rejected
801,4, Graduate, No,300000,900000,8,656,100000,600000,1100000,100000, Approved
802,2, Graduate, No,3100000,7100000,2,562,1200000,4700000,5500000,1600000, Approved
803,5, Not Graduate, Yes,5200000,7000000,18,481,1500000,1000000,11800000,6300000, Approved
804,1, Not Graduate, No,9200000,18200000,6,861,6500000,4100000,5300000,3300000, Approved
805,5, Not Graduate, Yes,7400000,7700000,16,698,22400000,9800000,9500000,2800000, Approved
806,0, Not Graduate, No,7800000,38600000,16,383,22100000,13500000,16600000,5300000, Rejected
807,1, Graduate, Yes,5500000,10400000,12,383,16400000,7100000,10400000,3000000, Rejected
808,1, Graduate, No,1200000,5100000,2,370,2700000,1100000,3600000,1200000, Rejected
809,2, Not Graduate, No,4000000,6700000,20,482,9000000,500000,10600000,5400000, Rejected
810,2, Not Graduate, Yes,9900000,21100000,14,341,6000000,19500000,35500000,2900000, Rejected
811,4, Graduate, No,600000,1600000,10,458,1500000,700000,2100000,500000, Rejected
812,2, Graduate, No,8800000,20200000,18,759,9900000,11900000,11800000,2000000, Approved
813,3, Graduate, No,6900000,28900000,16,825,13200000,8100000,3900000,2800000, Approved
814,0, Graduate, No,2900000,14000000,16,772,9700000,1900000,10100000,1500000, Approved
815,0, Not Graduate, No,7800000,35100000,4,598,24000000,5400000,12900000,7100000, Rejected
816,2, Graduate, No,8400000,13600000,14,717,8100000,1300000,14400000,7400000, Approved
817,0, Graduate, No,600000,2500000,6,867,1600000,1100000,600000,600000, Approved
818,0, Graduate, Yes,1200000,1900000,2,332,700000,800000,3500000,1500000, Rejected
819,0, Not Graduate, Yes,6700000,31200000,8,843,1900000,5000000,9900000,2400000, Approved
820,1, Graduate, Yes,9900000,30400000,4,734,2900000,24600000,11100000,11300000, Approved
821,1, Graduate, No,400000,900000,4,532,300000,400000,900000,400000, Approved
822,0, Not Graduate, No,6700000,10900000,16,569,16700000,8600000,20900000,1400000, Approved
823,1, Graduate, Yes,1500000,1600000,12,563,2100000,1400000,2200000,900000, Approved
824,1, Graduate, Yes,6500000,12900000,8,394,1600000,4700000,19700000,900000, Rejected
825,5, Graduate, Yes,6300000,29300000,4,438,21800000,100000,13300000,1400000, Rejected
826,3, Graduate, No,1000000,4200000,16,477,2000000,2100000,1900000,500000, Rejected
827,4, Graduate, Yes,6800000,33200000,14,303,10200000,8000000,12000000,3000000, Rejected
828,4, Not Graduate, Yes,8900000,12500000,12,601,17000000,16000000,9000000,12100000, Approved
829,0, Not Graduate, No,8600000,29000000,4,586,16500000,20600000,14300000,11600000, Approved
830,2, Not Graduate, No,400000,800000,4,498,700000,0,1400000,400000, Rejected
831,3, Not Graduate, Yes,2600000,8200000,4,406,5800000,4400000,2200000,2900000, Rejected
832,5, Graduate, Yes,2500000,5700000,2,882,7800000,700000,9600000,3700000, Approved
833,2, Not Graduate, Yes,4600000,9800000,20,707,5500000,5300000,4000000,3100000, Approved
834,1, Graduate, No,1600000,5300000,8,585,2900000,3400000,2800000,1300000, Rejected
835,4, Graduate, Yes,8500000,14700000,14,734,1800000,1500000,22300000,8600000, Approved
836,1, Not Graduate, Yes,7800000,22400000,20,523,23700000,19300000,26800000,10800000, Approved
837,5, Graduate, Yes,8100000,29200000,20,429,9800000,11800000,8100000,9800000, Rejected
838,2, Not Graduate, Yes,2100000,3200000,8,704,2300000,2100000,2100000,400000, Rejected
839,0, Graduate, Yes,300000,1400000,10,763,1000000,0,800000,300000, Approved
840,2, Graduate, Yes,9100000,27500000,10,690,19400000,13400000,13900000,4100000, Approved
841,5, Graduate, Yes,3000000,12800000,2,640,1800000,3700000,8300000,1400000, Approved
842,2, Graduate, Yes,6600000,23900000,16,301,7100000,3600000,22300000,5700000, Rejected
843,0, Graduate, Yes,9100000,34900000,12,683,12400000,11200000,7000000,9800000, Approved
844,2, Not Graduate, No,500000,1900000,8,671,1700000,0,1700000,200000, Approved
845,4, Graduate, Yes,200000,900000,12,547,300000,500000,100000,100000, Rejected
846,0, Graduate, No,200000,700000,16,446,200000,200000,700000,200000, Rejected
847,5, Graduate, No,1700000,3600000,2,888,3500000,2000000,6700000,500000, Approved
848,4, Not Graduate, Yes,700000,1000000,14,525,1100000,1400000,2000000,900000, Approved
849,4, Not Graduate, No,8200000,28100000,18,463,3100000,14600000,32300000,6100000, Rejected
850,4, Not Graduate, Yes,6100000,7700000,16,724,18600000,13600000,20600000,5600000, Approved
851,0, Graduate, Yes,9800000,19300000,14,589,2500000,23100000,6400000,2100000, Approved
852,4, Graduate, No,8000000,9900000,2,634,25300000,3800000,4100000,11500000, Approved
853,1, Graduate, No,9600000,30700000,16,689,27000000,9400000,5500000,13200000, Approved
854,0, Not Graduate, No,2500000,4100000,16,521,1100000,4300000,5200000,900000, Rejected
855,0, Graduate, No,3000000,10300000,10,391,7800000,300000,8000000,3100000, Rejected
856,0, Not Graduate, No,8500000,35400000,12,400,23300000,15200000,18600000,10300000, Rejected
857,0, Not Graduate, Yes,2500000,10700000,14,864,5500000,0,7200000,700000, Approved
858,5, Graduate, Yes,700000,1600000,4,603,1500000,1600000,1500000,600000, Approved
859,0, Not Graduate, No,6700000,21400000,6,550,2400000,12000000,4300000,8600000, Approved
860,3, Not Graduate, Yes,8000000,26000000,16,491,3200000,11300000,10300000,6500000, Rejected
861,0, Graduate, Yes,9600000,27800000,20,733,25000000,10300000,38200000,13400000, Approved
862,5, Not Graduate, Yes,9200000,33300000,6,848,5000000,22700000,15700000,1500000, Approved
863,3, Not Graduate, No,1300000,2400000,10,762,1300000,2400000,2100000,1800000, Approved
864,3, Not Graduate, No,7700000,37900000,20,621,14200000,15500000,8000000,11300000, Approved
865,0, Not Graduate, Yes,8400000,11700000,4,585,6200000,17300000,33200000,2700000, Approved
866,5, Not Graduate, Yes,7000000,30200000,6,820,19600000,400000,9100000,4900000, Approved
867,2, Graduate, No,8200000,27700000,2,814,23500000,1100000,22700000,7900000, Approved
868,0, Not Graduate, No,8400000,16600000,6,534,25000000,4200000,5400000,11300000, Rejected
869,4, Graduate, No,4500000,17900000,14,879,1600000,7400000,3300000,1500000, Approved
870,5, Graduate, No,500000,700000,8,797,800000,800000,1500000,300000, Approved
871,0, Not Graduate, Yes,4600000,18800000,20,808,13800000,3700000,12500000,5600000, Approved
872,1, Graduate, Yes,2100000,7100000,18,333,2900000,5100000,6000000,1400000, Rejected
873,3, Graduate, No,1300000,1900000,18,378,3200000,300000,1700000,1200000, Rejected
874,0, Not Graduate, Yes,1400000,1800000,16,479,3000000,2700000,5500000,1200000, Rejected
875,4, Graduate, No,7000000,28000000,16,757,9400000,8400000,17200000,10200000, Approved
876,3, Not Graduate, Yes,5100000,11100000,12,346,5700000,5300000,19900000,1500000, Rejected
877,3, Not Graduate, Yes,5400000,24600000,20,349,12700000,300000,5800000,7700000, Rejected
878,1, Graduate, Yes,7500000,30400000,2,319,4800000,13600000,14400000,6700000, Rejected
879,2, Graduate, Yes,5500000,20900000,16,415,16700000,10600000,9200000,7500000, Rejected
880,0, Graduate, No,6300000,13300000,4,852,13200000,5000000,19800000,1700000, Approved
881,4, Not Graduate, No,1000000,3800000,8,733,600000,1300000,3100000,1000000, Approved
882,3, Not Graduate, No,8500000,39500000,6,730,21400000,12900000,18700000,10800000, Approved
883,3, Not Graduate, No,4500000,6100000,14,475,7300000,4100000,2500000,5400000, Rejected
884,4, Not Graduate, No,1700000,3900000,16,675,1500000,2600000,1900000,200000, Approved
885,3, Not Graduate, Yes,8100000,15700000,2,768,27300000,8800000,5500000,5900000, Approved
886,2, Not Graduate, No,7300000,18800000,14,620,18800000,16000000,25300000,1900000, Approved
887,4, Not Graduate, Yes,700000,2800000,6,814,1500000,1300000,1100000,200000, Approved
888,5, Graduate, Yes,2000000,5800000,2,642,6000000,600000,1800000,2200000, Approved
889,5, Not Graduate, Yes,300000,1000000,10,495,600000,600000,500000,400000, Rejected
890,3, Not Graduate, Yes,2800000,6300000,12,683,4600000,2400000,2200000,2800000, Approved
891,2, Graduate, Yes,1100000,1700000,6,866,900000,2600000,4300000,300000, Approved
892,0, Graduate, No,7100000,14700000,8,796,5000000,10700000,11400000,3100000, Approved
893,2, Not Graduate, Yes,5300000,23500000,20,599,8600000,400000,20000000,3300000, Approved
894,4, Not Graduate, Yes,9800000,33400000,8,658,16700000,18000000,28300000,2700000, Rejected
895,4, Graduate, Yes,7500000,18800000,20,886,19600000,2500000,18600000,9700000, Approved
896,0, Graduate, No,6100000,25400000,18,749,10100000,13400000,13200000,2300000, Approved
897,3, Graduate, No,5100000,6400000,8,602,11000000,12100000,14800000,1400000, Rejected
898,4, Graduate, No,700000,1400000,12,468,2100000,1200000,2000000,800000, Rejected
899,4, Not Graduate, No,800000,1500000,16,844,2800000,1100000,400000,200000, Approved
900,5, Not Graduate, No,6200000,30600000,10,887,7800000,9300000,22800000,4200000, Approved
901,0, Not Graduate, No,200000,800000,10,342,600000,200000,400000,200000, Rejected
902,2, Not Graduate, Yes,600000,2100000,8,319,1700000,100000,1000000,100000, Rejected
903,0, Not Graduate, No,2300000,2300000,4,369,1000000,5300000,4400000,2000000, Rejected
904,4, Not Graduate, No,8800000,15300000,2,532,11500000,7200000,25500000,6800000, Approved
905,3, Graduate, No,4600000,16300000,8,396,4200000,3600000,8400000,4800000, Rejected
906,2, Graduate, Yes,7100000,17900000,16,830,17000000,3400000,12800000,2900000, Approved
907,4, Graduate, No,4200000,19700000,6,849,8500000,10400000,3000000,2500000, Approved
908,5, Not Graduate, Yes,1800000,7300000,4,408,3300000,4200000,3500000,1800000, Rejected
909,1, Not Graduate, Yes,3800000,10600000,8,798,10300000,3300000,3900000,600000, Approved
910,4, Graduate, Yes,1000000,4000000,12,384,1300000,700000,3500000,300000, Rejected
911,5, Graduate, Yes,7700000,37700000,6,773,11300000,15500000,12900000,3800000, Approved
912,0, Graduate, Yes,1900000,5400000,6,519,5800000,2000000,7300000,500000, Rejected
913,4, Graduate, No,3800000,13600000,4,324,13000000,9200000,11000000,600000, Rejected
914,0, Not Graduate, Yes,9800000,39500000,8,557,27100000,22100000,30800000,14500000, Rejected
915,4, Graduate, No,6000000,12000000,6,794,5500000,11400000,22900000,4400000, Approved
916,4, Not Graduate, Yes,4600000,20900000,18,860,2600000,1000000,6100000,3900000, Approved
917,5, Not Graduate, No,5500000,7600000,20,372,4900000,9700000,13700000,2500000, Rejected
918,3, Not Graduate, Yes,7800000,28000000,8,802,12400000,19300000,5000000,900000, Approved
919,1, Not Graduate, No,2600000,10700000,2,476,2600000,2400000,2200000,3000000, Rejected
920,4, Graduate, No,6400000,22100000,2,578,20300000,14100000,11400000,7100000, Rejected
921,1, Not Graduate, Yes,8700000,25900000,8,365,21000000,8900000,25100000,12700000, Rejected
922,0, Not Graduate, No,5800000,20100000,10,884,9100000,14100000,19800000,800000, Approved
923,0, Not Graduate, Yes,4500000,7200000,12,774,5000000,7400000,6300000,1300000, Approved
924,5, Graduate, Yes,1600000,3000000,8,686,2300000,400000,5000000,1800000, Approved
925,2, Graduate, No,2600000,5400000,8,736,4600000,3100000,3300000,1500000, Approved
926,0, Not Graduate, No,9400000,31900000,6,825,24000000,1200000,4900000,1800000, Approved
927,0, Graduate, No,5500000,15200000,12,386,2700000,5400000,3800000,2900000, Rejected
928,0, Not Graduate, Yes,3100000,6100000,14,447,9300000,7100000,7900000,700000, Rejected
929,4, Graduate, Yes,4300000,19500000,2,322,2700000,2500000,9600000,5500000, Rejected
930,0, Graduate, Yes,5800000,14500000,10,593,6200000,13800000,8400000,7700000, Approved
931,4, Graduate, No,5400000,15000000,14,596,18800000,1300000,2800000,5400000, Approved
932,3, Graduate, No,7000000,18500000,14,317,5800000,11600000,17400000,4500000, Rejected
933,1, Not Graduate, Yes,2700000,4700000,12,697,1400000,6500000,9100000,3200000, Approved
934,5, Not Graduate, No,6500000,25500000,12,305,15000000,10600000,4800000,6400000, Rejected
935,2, Graduate, No,4500000,12600000,14,776,6700000,10100000,13800000,5400000, Approved
936,2, Not Graduate, No,9400000,10000000,8,723,4700000,23300000,25600000,7700000, Approved
937,4, Not Graduate, Yes,1700000,8300000,12,789,400000,2700000,3700000,2500000, Approved
938,3, Graduate, No,1600000,6800000,8,371,700000,3100000,1100000,800000, Rejected
939,4, Graduate, Yes,4700000,18300000,10,823,9000000,400000,17500000,4400000, Approved
940,3, Graduate, Yes,5100000,22800000,4,629,4900000,5400000,11100000,6300000, Approved
941,5, Graduate, Yes,6900000,31900000,8,818,19100000,5000000,13100000,9300000, Approved
942,2, Graduate, No,4100000,9600000,4,718,12400000,8400000,14400000,5800000, Approved
943,1, Not Graduate, No,9100000,31300000,6,694,6200000,15400000,31500000,5900000, Approved
944,0, Graduate, No,4800000,16500000,10,319,6300000,7400000,14600000,5200000, Rejected
945,1, Not Graduate, No,1400000,2900000,12,715,1000000,3300000,4800000,700000, Approved
946,4, Not Graduate, Yes,1300000,2500000,20,569,1500000,300000,1200000,1300000, Rejected
947,5, Graduate, No,9700000,14100000,2,810,9600000,23100000,30700000,3500000, Approved
948,1, Graduate, No,1500000,5500000,18,711,4200000,400000,2500000,1000000, Approved
949,0, Not Graduate, Yes,9400000,38800000,8,344,12600000,8200000,33200000,13100000, Rejected
950,4, Not Graduate, No,2900000,11700000,16,834,5300000,4600000,5200000,3600000, Approved
951,4, Not Graduate, No,1100000,2500000,14,337,2700000,900000,800000,900000, Rejected
952,0, Not Graduate, No,3100000,5600000,20,479,9000000,5300000,6000000,900000, Rejected
953,0, Graduate, Yes,6200000,17400000,4,430,7400000,12000000,19500000,4100000, Rejected
954,2, Graduate, Yes,4300000,13700000,20,885,3800000,8900000,9700000,1300000, Approved
955,2, Graduate, No,7800000,36500000,2,392,26700000,3500000,24700000,1500000, Rejected
956,0, Not Graduate, No,6100000,27400000,18,807,7700000,2800000,3800000,8400000, Approved
957,3, Not Graduate, No,4100000,19100000,14,433,9900000,500000,4600000,3200000, Rejected
958,2, Not Graduate, No,6400000,28200000,10,691,15600000,7900000,15800000,1400000, Approved
959,4, Graduate, Yes,9700000,39500000,8,354,18400000,3300000,17900000,10700000, Rejected
960,5, Not Graduate, No,4200000,12000000,2,535,4000000,3300000,12100000,900000, Rejected
961,0, Graduate, Yes,1700000,2000000,18,674,1100000,3600000,6600000,1100000, Approved
962,2, Not Graduate, Yes,4200000,5600000,16,727,7600000,10000000,11800000,1800000, Approved
963,4, Graduate, No,8400000,21500000,20,824,15800000,17300000,16500000,2800000, Approved
964,0, Not Graduate, Yes,2300000,4700000,16,790,6300000,0,5500000,1900000, Approved
965,5, Not Graduate, No,9500000,16000000,20,611,24200000,13500000,35100000,10500000, Approved
966,2, Not Graduate, No,5900000,28400000,18,482,18900000,2500000,16800000,4600000, Rejected
967,4, Not Graduate, No,6000000,10700000,10,457,20400000,5600000,19900000,7500000, Rejected
968,3, Graduate, Yes,3300000,16000000,16,896,8600000,3500000,5100000,4600000, Approved
969,5, Graduate, No,9200000,37200000,6,665,4200000,21700000,28600000,11300000, Approved
970,0, Graduate, Yes,500000,1800000,16,846,800000,800000,500000,700000, Approved
971,5, Not Graduate, Yes,3100000,11500000,14,560,6800000,2100000,9700000,4300000, Rejected
972,3, Not Graduate, Yes,4300000,10000000,10,591,9200000,6900000,15400000,5400000, Approved
973,4, Not Graduate, Yes,4800000,17200000,14,796,3800000,11400000,17500000,2400000, Approved
974,4, Graduate, Yes,4800000,8400000,6,734,10200000,700000,4400000,1700000, Approved
975,3, Graduate, Yes,1600000,7600000,14,420,2200000,3300000,5400000,1800000, Rejected
976,2, Graduate, Yes,2400000,5300000,10,614,3200000,1300000,2100000,3100000, Approved
977,4, Not Graduate, Yes,1100000,2200000,8,428,3200000,400000,2400000,1400000, Rejected
978,3, Not Graduate, No,5800000,22300000,20,757,9200000,13000000,16800000,5800000, Approved
979,5, Not Graduate, No,3600000,13100000,2,317,7000000,0,7900000,4500000, Rejected
980,4, Not Graduate, No,5700000,16000000,16,797,11700000,10600000,9600000,6200000, Approved
981,3, Not Graduate, Yes,5900000,20800000,6,858,12100000,1300000,17100000,6100000, Approved
982,3, Graduate, Yes,7000000,11500000,6,313,6300000,10800000,19700000,1200000, Rejected
983,1, Not Graduate, No,5500000,20300000,4,678,12000000,8500000,14000000,4100000, Approved
984,4, Not Graduate, No,6500000,13500000,4,347,8500000,14000000,15300000,1000000, Rejected
985,1, Graduate, Yes,5900000,12300000,4,516,13900000,12100000,17500000,1400000, Rejected
986,3, Not Graduate, No,6500000,10700000,18,502,4400000,11100000,12400000,5600000, Approved
987,4, Graduate, No,6200000,14400000,20,612,21600000,5900000,4600000,1000000, Approved
988,2, Not Graduate, Yes,3200000,7400000,12,851,8800000,1300000,7600000,4400000, Approved
989,5, Graduate, Yes,2600000,7300000,2,577,4100000,4100000,7900000,1900000, Approved
990,0, Graduate, Yes,7900000,13900000,18,539,9400000,9800000,12200000,8500000, Approved
991,1, Not Graduate, Yes,3500000,6200000,14,355,5200000,700000,3500000,1100000, Rejected
992,1, Graduate, No,5500000,17400000,12,833,14200000,13100000,20300000,7100000, Approved
993,5, Graduate, No,2100000,3200000,20,489,5000000,1700000,7400000,1600000, Rejected
994,3, Not Graduate, Yes,4400000,16500000,10,577,11100000,0,11700000,3900000, Rejected
995,1, Not Graduate, Yes,5300000,25300000,8,355,16600000,11900000,17200000,5300000, Approved
996,5, Not Graduate, No,6300000,17100000,16,473,10700000,9100000,24500000,5400000, Rejected
997,2, Not Graduate, No,5300000,24400000,12,632,12800000,9700000,13200000,4700000, Approved
998,1, Not Graduate, Yes,3700000,5200000,16,841,6100000,1400000,5000000,4200000, Approved
999,5, Graduate, Yes,9600000,11200000,14,497,22100000,9700000,26300000,11800000, Approved
1000,0, Graduate, Yes,5200000,20200000,18,636,9200000,8400000,19200000,2700000, Approved
1001,5, Not Graduate, No,8100000,32800000,8,826,22400000,5100000,23600000,11300000, Approved
1002,0, Not Graduate, Yes,7400000,32400000,2,516,1600000,13000000,4400000,4400000, Rejected
1003,3, Graduate, No,5600000,6900000,10,477,5100000,3300000,20800000,2700000, Approved
1004,3, Graduate, Yes,8800000,36100000,14,326,10400000,4600000,27600000,4700000, Rejected
1005,5, Graduate, No,1400000,3500000,18,845,4600000,0,2700000,800000, Approved
1006,5, Not Graduate, Yes,9200000,20400000,6,366,17200000,6500000,36400000,5000000, Rejected
1007,5, Not Graduate, No,8500000,14400000,16,429,11900000,5200000,25700000,10900000, Rejected
1008,5, Graduate, Yes,5100000,25400000,18,383,7800000,9700000,17300000,4500000, Rejected
1009,5, Graduate, Yes,7300000,9200000,18,725,12300000,10400000,27700000,10600000, Approved
1010,3, Not Graduate, Yes,5200000,22400000,18,519,15900000,2300000,3300000,1100000, Rejected
1011,5, Graduate, Yes,2800000,10000000,20,723,9500000,4000000,9000000,2700000, Approved
1012,4, Not Graduate, No,8000000,31500000,14,665,23900000,4500000,14800000,1900000, Approved
1013,2, Not Graduate, Yes,2600000,10000000,8,309,7700000,2800000,9200000,1900000, Rejected
1014,5, Not Graduate, No,3200000,14200000,10,484,2700000,7100000,11400000,2000000, Rejected
1015,0, Not Graduate, Yes,5200000,9000000,16,302,5700000,9400000,17700000,5500000, Rejected
1016,0, Not Graduate, No,8400000,8400000,6,339,18200000,13700000,27100000,9600000, Rejected
1017,0, Not Graduate, No,3900000,13200000,14,584,9200000,2700000,12800000,1700000, Approved
1018,3, Not Graduate, Yes,5000000,12100000,12,459,4300000,1600000,7700000,1900000, Rejected
1019,0, Graduate, Yes,600000,900000,14,353,1600000,1100000,1200000,400000, Rejected
1020,1, Not Graduate, No,1300000,2300000,10,545,1100000,1800000,1200000,600000, Approved
1021,1, Graduate, Yes,700000,1600000,16,571,700000,1100000,2400000,700000, Rejected
1022,1, Graduate, Yes,900000,1200000,2,896,1100000,2200000,2500000,700000, Approved
1023,0, Graduate, Yes,8700000,10700000,16,697,26000000,7600000,23000000,10900000, Approved
1024,1, Graduate, No,8400000,39200000,18,536,22000000,16800000,11400000,12400000, Rejected
1025,1, Graduate, No,8200000,18400000,18,584,16000000,11500000,21800000,5200000, Approved
1026,4, Graduate, No,700000,3500000,20,353,2000000,400000,1500000,1000000, Rejected
1027,3, Not Graduate, Yes,900000,4400000,8,532,2600000,100000,3600000,1100000, Approved
1028,1, Graduate, No,2900000,4600000,2,649,4300000,4500000,10200000,900000, Approved
1029,0, Graduate, No,5700000,22000000,14,312,15800000,4200000,13300000,7200000, Rejected
1030,3, Graduate, No,3400000,11600000,2,852,3000000,5900000,11300000,2600000, Approved
1031,1, Not Graduate, No,4900000,18400000,6,609,9100000,8600000,5300000,5400000, Rejected
1032,4, Not Graduate, No,1800000,2500000,16,772,1100000,2000000,1500000,2000000, Approved
1033,1, Graduate, No,7300000,12800000,12,465,11700000,9800000,19800000,9800000, Rejected
1034,5, Graduate, Yes,3200000,4200000,14,802,6100000,5000000,9700000,3700000, Approved
1035,0, Not Graduate, Yes,800000,2700000,16,520,400000,900000,500000,1000000, Rejected
1036,5, Not Graduate, No,7400000,36600000,4,857,12800000,16200000,8900000,4100000, Approved
1037,4, Graduate, No,9000000,33200000,16,613,21200000,1700000,21400000,13200000, Approved
1038,4, Not Graduate, Yes,300000,1200000,12,682,700000,700000,200000,300000, Approved
1039,5, Graduate, Yes,4400000,21700000,10,422,1700000,400000,8700000,5200000, Rejected
1040,2, Graduate, No,8300000,30800000,10,897,4300000,4300000,18200000,10800000, Approved
1041,4, Graduate, No,7100000,8200000,12,415,9700000,12600000,26500000,1900000, Rejected
1042,3, Graduate, Yes,8500000,38000000,12,320,25300000,1800000,13600000,4900000, Rejected
1043,4, Not Graduate, Yes,4200000,10300000,8,564,12900000,2800000,4600000,5300000, Approved
1044,3, Graduate, Yes,3800000,3900000,6,801,4600000,1500000,2000000,5300000, Approved
1045,5, Not Graduate, Yes,7100000,21500000,4,853,18300000,12800000,6600000,8200000, Approved
1046,1, Graduate, No,1700000,8100000,8,815,3600000,2500000,5300000,1300000, Approved
1047,4, Not Graduate, No,2500000,5100000,6,632,8600000,400000,5100000,1100000, Rejected
1048,0, Graduate, No,6000000,17800000,12,850,3100000,6900000,7200000,5000000, Approved
1049,0, Graduate, No,6700000,11400000,20,595,13500000,3500000,25200000,4400000, Approved
1050,4, Not Graduate, Yes,1300000,1600000,4,587,2800000,3100000,4200000,1700000, Approved
1051,1, Not Graduate, No,5100000,6700000,8,408,6200000,1400000,4600000,4600000, Rejected
1052,0, Not Graduate, Yes,3700000,14500000,2,773,1300000,5500000,5300000,2400000, Approved
1053,3, Not Graduate, No,5100000,22700000,20,489,1900000,6100000,17700000,4100000, Approved
1054,3, Graduate, No,9500000,14900000,16,417,16100000,13700000,27800000,13400000, Rejected
1055,3, Graduate, No,900000,1900000,6,522,2200000,2200000,3400000,900000, Approved
1056,2, Not Graduate, Yes,9900000,17600000,10,662,24900000,8400000,7600000,4200000, Approved
1057,4, Not Graduate, Yes,4600000,5100000,16,462,3700000,8600000,14800000,3700000, Rejected
1058,0, Not Graduate, No,7700000,24700000,20,515,23300000,8600000,5900000,5800000, Rejected
1059,0, Not Graduate, Yes,4300000,16300000,12,498,6200000,7100000,7200000,2300000, Rejected
1060,2, Graduate, No,3200000,11500000,6,658,10800000,2900000,10000000,3600000, Approved
1061,5, Not Graduate, Yes,7700000,19700000,14,729,4500000,4400000,23000000,3700000, Approved
1062,4, Graduate, No,6900000,22200000,14,706,20400000,1400000,3500000,5400000, Approved
1063,3, Not Graduate, Yes,1600000,2200000,14,384,5100000,400000,1900000,1100000, Rejected
1064,5, Not Graduate, Yes,7100000,11500000,2,508,20700000,17000000,22900000,5400000, Approved
1065,5, Graduate, No,7500000,35500000,16,689,21500000,14800000,7100000,6700000, Approved
1066,0, Graduate, No,4000000,16200000,2,429,5600000,2400000,6600000,4200000, Rejected
1067,3, Graduate, Yes,9200000,39500000,20,341,23500000,12200000,10500000,2800000, Rejected
1068,5, Graduate, Yes,6400000,29900000,18,493,13500000,11400000,5700000,3200000, Approved
1069,1, Graduate, No,3400000,12200000,12,707,5400000,3000000,11700000,4000000, Approved
1070,0, Not Graduate, No,300000,1400000,14,699,1000000,300000,200000,400000, Approved
1071,2, Graduate, Yes,6800000,18100000,2,377,7900000,12200000,16200000,1100000, Rejected
1072,5, Not Graduate, No,2200000,2200000,18,706,3400000,1300000,6400000,400000, Approved
1073,1, Graduate, No,7600000,9500000,6,416,24200000,10000000,5300000,10700000, Approved
1074,3, Not Graduate, No,5300000,7600000,6,745,6100000,2800000,14400000,1600000, Approved
1075,1, Graduate, Yes,4700000,6500000,16,640,3300000,0,7800000,6900000, Approved
1076,4, Not Graduate, No,1800000,4300000,20,376,2200000,3100000,6200000,2300000, Rejected
1077,5, Not Graduate, No,7100000,27000000,10,510,19200000,12600000,23400000,1900000, Rejected
1078,0, Not Graduate, Yes,1800000,7500000,12,791,5500000,4500000,5900000,400000, Approved
1079,2, Not Graduate, No,4200000,14100000,12,560,2400000,1900000,8000000,6200000, Approved
1080,3, Graduate, Yes,8300000,13200000,6,713,18700000,15300000,28000000,3800000, Approved
1081,1, Not Graduate, Yes,9200000,36700000,12,749,19100000,21800000,24900000,7900000, Approved
1082,3, Graduate, No,9800000,23700000,20,318,23600000,15800000,17900000,4200000, Rejected
1083,2, Not Graduate, Yes,9500000,10000000,8,859,22900000,22900000,7400000,8900000, Approved
1084,0, Not Graduate, No,5600000,11900000,16,501,18900000,13900000,4100000,7100000, Approved
1085,3, Graduate, Yes,2100000,4900000,16,776,2800000,4200000,2900000,2100000, Approved
1086,0, Graduate, No,8400000,17600000,18,580,10000000,21000000,13000000,1400000, Rejected
1087,1, Graduate, No,8000000,34000000,16,646,16900000,12500000,30000000,7500000, Rejected
1088,0, Not Graduate, Yes,9900000,39500000,20,516,16000000,12300000,39600000,10200000, Rejected
1089,0, Not Graduate, No,6500000,24600000,16,812,11500000,14900000,6500000,2500000, Approved
1090,2, Graduate, Yes,1500000,2300000,20,370,600000,3100000,5700000,1800000, Rejected
1091,5, Not Graduate, Yes,5100000,21600000,16,838,3500000,1400000,15200000,5000000, Approved
1092,1, Graduate, Yes,4500000,16700000,18,424,14800000,3400000,10100000,500000, Rejected
1093,1, Graduate, No,8400000,14900000,18,830,3600000,5500000,32300000,12000000, Approved
1094,4, Not Graduate, No,4000000,14400000,20,314,8600000,8600000,12000000,2900000, Rejected
1095,5, Not Graduate, Yes,3400000,10000000,12,308,9100000,2000000,8800000,1400000, Rejected
1096,1, Not Graduate, Yes,900000,2500000,16,355,200000,700000,1100000,200000, Rejected
1097,0, Graduate, No,8300000,12000000,20,629,7800000,10800000,11300000,5200000, Approved
1098,4, Not Graduate, Yes,7600000,23400000,8,460,11000000,1400000,28000000,4000000, Rejected
1099,3, Not Graduate, No,600000,800000,4,659,1100000,1400000,800000,300000, Approved
1100,5, Graduate, Yes,4400000,7300000,18,792,5800000,5400000,2700000,5300000, Approved
1101,3, Not Graduate, Yes,4900000,7500000,14,316,11500000,2300000,7000000,4900000, Rejected
1102,5, Graduate, No,4700000,22600000,10,616,4500000,3200000,10300000,1300000, Approved
1103,0, Graduate, No,9200000,19700000,16,744,2600000,18400000,16900000,10000000, Approved
1104,0, Not Graduate, No,1600000,3900000,2,555,300000,2500000,6000000,1800000, Approved
1105,3, Not Graduate, Yes,3200000,7300000,10,855,4300000,3700000,6300000,2600000, Approved
1106,4, Graduate, No,1900000,8700000,6,697,2600000,1600000,6900000,2800000, Approved
1107,2, Graduate, Yes,2500000,8100000,6,320,8300000,5600000,6500000,1200000, Rejected
1108,2, Not Graduate, Yes,9000000,39500000,20,625,3100000,17400000,21000000,1600000, Approved
1109,2, Graduate, No,9400000,20700000,12,530,18300000,16900000,10000000,1300000, Approved
1110,0, Graduate, No,600000,900000,4,379,1300000,700000,900000,300000, Rejected
1111,5, Graduate, Yes,6300000,20300000,8,871,15800000,15500000,22300000,5000000, Approved
1112,5, Not Graduate, Yes,2400000,5700000,6,433,5500000,4300000,7800000,500000, Rejected
1113,5, Not Graduate, No,2000000,8400000,20,350,500000,2100000,4100000,1800000, Rejected
1114,3, Not Graduate, Yes,3000000,13600000,6,433,6900000,7200000,11000000,4100000, Rejected
1115,1, Not Graduate, No,2100000,6100000,8,794,2700000,4700000,7100000,2600000, Approved
1116,2, Graduate, Yes,5000000,24400000,8,660,13800000,9200000,4500000,5200000, Approved
1117,4, Not Graduate, No,9900000,31800000,4,792,8100000,19000000,25900000,10200000, Approved
1118,1, Not Graduate, No,5900000,12300000,16,577,15100000,6200000,19400000,6600000, Approved
1119,0, Not Graduate, Yes,7200000,21300000,12,370,16300000,9100000,24000000,5700000, Rejected
1120,5, Not Graduate, No,5000000,5700000,10,532,11800000,2400000,4100000,3300000, Rejected
1121,0, Graduate, No,300000,1300000,8,420,200000,400000,400000,200000, Rejected
1122,3, Graduate, Yes,1000000,1400000,14,634,2400000,900000,1900000,200000, Approved
1123,0, Not Graduate, Yes,2800000,6300000,2,461,7400000,2400000,3900000,2500000, Rejected
1124,0, Graduate, Yes,2500000,8200000,20,883,4500000,5900000,2200000,1900000, Approved
1125,3, Graduate, Yes,8400000,9800000,12,526,11100000,3500000,22700000,2200000, Approved
1126,1, Graduate, Yes,8400000,11100000,6,488,6300000,17400000,19100000,4000000, Approved
1127,4, Not Graduate, No,8500000,32200000,12,891,9800000,6000000,8900000,10200000, Approved
1128,4, Not Graduate, No,6400000,8200000,18,612,17400000,500000,16300000,2900000, Approved
1129,3, Graduate, No,5600000,16300000,4,402,8700000,600000,4000000,3900000, Rejected
1130,1, Not Graduate, Yes,6500000,15300000,12,588,16400000,7000000,12000000,2100000, Approved
1131,5, Not Graduate, Yes,4100000,7800000,12,453,10800000,4700000,13400000,1400000, Rejected
1132,2, Not Graduate, No,6700000,11800000,18,730,16200000,5400000,24200000,7800000, Approved
1133,4, Not Graduate, No,7900000,32000000,12,644,19100000,13200000,10700000,1500000, Approved
1134,1, Graduate, Yes,7600000,36500000,16,738,16800000,9200000,26700000,3800000, Approved
1135,0, Graduate, No,6200000,9700000,16,865,11800000,1100000,22500000,9100000, Approved
1136,4, Not Graduate, No,700000,3400000,18,738,600000,600000,1800000,500000, Approved
1137,1, Not Graduate, No,7300000,24700000,8,504,21800000,1900000,28700000,6900000, Approved
1138,3, Graduate, No,3700000,13200000,16,421,12500000,600000,5000000,3700000, Rejected
1139,3, Not Graduate, No,7400000,28400000,6,618,12900000,3900000,5500000,2800000, Approved
1140,0, Not Graduate, Yes,5400000,20600000,18,569,17700000,9500000,18600000,3300000, Rejected
1141,1, Graduate, No,8800000,37700000,20,488,30700000,15300000,19500000,5800000, Rejected
1142,1, Graduate, No,3500000,10300000,6,787,6300000,7500000,6000000,1500000, Approved
1143,0, Graduate, Yes,9300000,29100000,12,846,24100000,17600000,6400000,4000000, Approved
1144,5, Graduate, Yes,8400000,19300000,18,529,19500000,11200000,6100000,8000000, Approved
1145,0, Not Graduate, Yes,3400000,4800000,2,709,3300000,2700000,2800000,900000, Approved
1146,4, Graduate, No,4900000,17900000,16,891,1700000,100000,5600000,1400000, Approved
1147,2, Graduate, No,5400000,6100000,18,307,9200000,8700000,21000000,4900000, Rejected
1148,1, Not Graduate, Yes,7700000,16200000,18,519,21500000,5600000,11400000,5600000, Rejected
1149,3, Graduate, No,6900000,9500000,4,743,8800000,4300000,23200000,6600000, Approved
1150,5, Not Graduate, No,8500000,15000000,16,599,23700000,20700000,4800000,1200000, Approved
1151,3, Not Graduate, No,3800000,13500000,16,775,9000000,1700000,6200000,4100000, Approved
1152,0, Graduate, No,5100000,17900000,2,585,12700000,400000,18700000,6600000, Approved
1153,4, Not Graduate, Yes,4400000,11800000,16,338,5000000,10400000,5000000,3700000, Rejected
1154,4, Graduate, No,9100000,12400000,14,560,15900000,7000000,13600000,11600000, Approved
1155,5, Graduate, No,3100000,8500000,20,543,2500000,3000000,10500000,2000000, Approved
1156,1, Graduate, Yes,5900000,14200000,2,808,6000000,1200000,5500000,1200000, Approved
1157,5, Not Graduate, Yes,1300000,5000000,20,388,600000,1300000,900000,800000, Rejected
1158,2, Not Graduate, Yes,8500000,28200000,12,393,5300000,20700000,33000000,6200000, Rejected
1159,2, Not Graduate, Yes,3900000,11600000,6,385,3500000,6800000,7500000,5100000, Rejected
1160,3, Graduate, No,3500000,10300000,8,641,7400000,4100000,9800000,2000000, Approved
1161,3, Not Graduate, No,5900000,28700000,16,898,9800000,4500000,5600000,3200000, Approved
1162,1, Not Graduate, No,5000000,20100000,20,671,5400000,4600000,6400000,6700000, Approved
1163,1, Not Graduate, No,8500000,25400000,8,790,25900000,13000000,17900000,3800000, Approved
1164,3, Graduate, No,5400000,15800000,20,811,10400000,3400000,15500000,5400000, Approved
1165,5, Graduate, No,5200000,5800000,14,660,16900000,2000000,7900000,2900000, Approved
1166,1, Graduate, Yes,1200000,5700000,4,666,2800000,2100000,4300000,1700000, Approved
1167,3, Graduate, Yes,400000,900000,12,446,100000,900000,1300000,100000, Rejected
1168,1, Not Graduate, Yes,4100000,8300000,18,876,13200000,9200000,10000000,4600000, Approved
1169,1, Not Graduate, Yes,9900000,39500000,2,773,30000000,20800000,20900000,8600000, Approved
1170,4, Not Graduate, Yes,9100000,35300000,2,824,20900000,12100000,24300000,13400000, Approved
1171,4, Not Graduate, Yes,6300000,7500000,2,891,12400000,12400000,19300000,9400000, Approved
1172,2, Graduate, No,6300000,7900000,12,509,10700000,14600000,6100000,7600000, Approved
1173,2, Not Graduate, Yes,4000000,4400000,2,386,7200000,200000,13900000,1000000, Rejected
1174,2, Not Graduate, No,1900000,6500000,20,816,5200000,2000000,4200000,1400000, Approved
1175,5, Not Graduate, Yes,200000,300000,4,584,400000,100000,800000,300000, Approved
1176,5, Not Graduate, No,3500000,16600000,2,876,2700000,8700000,13500000,3500000, Approved
1177,0, Graduate, No,3300000,15700000,6,717,1300000,7700000,2000000,4400000, Approved
1178,4, Not Graduate, Yes,2000000,6400000,16,454,1200000,4000000,3700000,2400000, Rejected
1179,2, Not Graduate, No,2700000,9400000,20,513,2800000,2000000,6300000,1500000, Rejected
1180,3, Not Graduate, Yes,400000,900000,6,666,600000,1000000,1000000,100000, Approved
1181,5, Graduate, Yes,6100000,7700000,12,536,19200000,400000,20600000,3400000, Approved
1182,2, Not Graduate, No,9200000,36300000,16,469,9100000,4300000,9100000,9900000, Rejected
1183,2, Not Graduate, No,6900000,9700000,16,426,8700000,10600000,18500000,5300000, Rejected
1184,3, Not Graduate, Yes,4500000,6000000,4,690,4200000,8900000,17100000,700000, Approved
1185,1, Not Graduate, Yes,4300000,9700000,18,321,8600000,9500000,17200000,4900000, Rejected
1186,1, Not Graduate, Yes,3200000,3400000,18,356,7200000,2400000,1700000,500000, Rejected
1187,3, Not Graduate, Yes,1500000,4100000,16,325,2900000,1500000,5900000,1000000, Rejected
1188,1, Graduate, No,6000000,23000000,12,741,20000000,6800000,5600000,4500000, Approved
1189,3, Graduate, Yes,5700000,24000000,8,317,19900000,400000,13600000,4600000, Rejected
1190,1, Graduate, No,200000,700000,18,552,600000,400000,300000,100000, Approved
1191,0, Not Graduate, No,4200000,18400000,18,372,12000000,3500000,11000000,4800000, Rejected
1192,0, Graduate, Yes,2900000,7600000,12,652,4100000,1400000,1800000,3700000, Approved
1193,1, Graduate, No,1800000,7900000,16,320,3800000,1800000,2400000,1900000, Rejected
1194,0, Not Graduate, Yes,7000000,21200000,8,315,9500000,12400000,10900000,10000000, Rejected
1195,1, Graduate, No,5300000,10000000,16,547,14800000,11500000,19600000,2400000, Rejected
1196,2, Graduate, No,6400000,30600000,2,717,4900000,3400000,16300000,2100000, Approved
1197,1, Graduate, Yes,7100000,14900000,20,365,6500000,3100000,21100000,1400000, Rejected
1198,3, Not Graduate, No,9800000,10800000,12,598,3200000,23100000,28100000,10900000, Approved
1199,2, Graduate, Yes,8000000,15800000,12,787,17700000,11000000,15000000,2600000, Approved
1200,0, Not Graduate, No,6200000,15300000,4,675,15300000,5700000,3400000,8800000, Approved
1201,2, Graduate, Yes,8800000,21200000,12,750,1900000,4400000,7700000,8300000, Approved
1202,0, Not Graduate, Yes,4800000,14900000,2,489,9100000,11900000,10100000,5900000, Rejected
1203,4, Graduate, Yes,9800000,39500000,18,866,14100000,17600000,37200000,6900000, Approved
1204,2, Not Graduate, No,7600000,16500000,16,387,21400000,4100000,10400000,8600000, Rejected
1205,3, Graduate, Yes,6500000,20000000,10,663,2100000,1500000,19100000,4700000, Approved
1206,0, Graduate, No,9000000,21200000,18,561,3200000,4500000,30500000,7700000, Rejected
1207,2, Graduate, Yes,5200000,22300000,18,319,11700000,3200000,19100000,6200000, Rejected
1208,4, Graduate, No,7200000,11700000,4,867,15500000,2000000,11000000,3100000, Approved
1209,1, Graduate, Yes,2900000,4100000,2,722,8500000,1700000,10900000,3900000, Approved
1210,5, Graduate, Yes,9600000,28900000,6,436,20700000,2800000,25200000,10600000, Rejected
1211,2, Not Graduate, Yes,6300000,23200000,2,331,21000000,5900000,14400000,7200000, Rejected
1212,0, Not Graduate, No,7800000,32600000,12,706,9700000,9500000,25200000,3400000, Approved
1213,1, Graduate, No,4700000,15800000,12,627,7100000,5300000,6300000,1100000, Approved
1214,2, Not Graduate, No,8600000,35200000,12,329,29500000,17800000,28800000,1700000, Rejected
1215,5, Graduate, No,900000,2300000,2,892,500000,600000,2500000,900000, Approved
1216,2, Graduate, No,1300000,1500000,20,731,3700000,2900000,4300000,400000, Approved
1217,1, Graduate, No,5100000,7500000,20,578,1200000,11600000,17800000,7600000, Approved
1218,2, Graduate, Yes,7300000,8400000,12,443,13200000,17500000,19400000,10600000, Rejected
1219,5, Graduate, Yes,8100000,18800000,2,462,5700000,3700000,5100000,1100000, Rejected
1220,5, Graduate, Yes,4500000,13400000,8,571,9800000,2800000,6900000,5000000, Approved
1221,3, Not Graduate, Yes,6500000,15800000,16,334,18400000,10100000,23200000,3000000, Rejected
1222,5, Graduate, Yes,5600000,18200000,16,521,1700000,2000000,15100000,3200000, Rejected
1223,4, Not Graduate, Yes,9600000,28100000,6,430,7100000,2100000,34700000,4200000, Rejected
1224,2, Not Graduate, No,6600000,24500000,18,367,8800000,1200000,12200000,8300000, Rejected
1225,5, Graduate, No,4200000,15400000,20,375,4400000,6400000,9500000,5700000, Rejected
1226,0, Not Graduate, No,9700000,22000000,12,507,14200000,19500000,34100000,1500000, Rejected
1227,4, Graduate, No,1200000,2900000,8,529,4000000,800000,3800000,600000, Approved
1228,3, Graduate, No,9800000,32700000,12,510,5200000,22900000,17800000,7100000, Approved
1229,3, Graduate, No,1700000,5800000,2,714,2700000,3400000,1000000,1400000, Approved
1230,5, Not Graduate, Yes,3000000,6800000,12,613,5100000,600000,10700000,700000, Approved
1231,1, Graduate, No,8200000,19000000,2,415,9200000,8300000,26700000,10300000, Rejected
1232,1, Not Graduate, Yes,7300000,27600000,2,884,8200000,1200000,15100000,10300000, Approved
1233,3, Not Graduate, No,9700000,34800000,12,738,24800000,22200000,23400000,6400000, Approved
1234,4, Graduate, No,7500000,11600000,12,582,16800000,13900000,9100000,9800000, Approved
1235,0, Not Graduate, No,6400000,17700000,20,329,18400000,11000000,12400000,6700000, Rejected
1236,2, Not Graduate, Yes,3500000,16000000,12,849,5400000,6000000,3700000,3200000, Approved
1237,2, Not Graduate, No,200000,300000,20,747,400000,100000,200000,200000, Approved
1238,4, Graduate, No,1400000,6200000,18,577,4400000,3300000,4800000,1100000, Rejected
1239,5, Not Graduate, Yes,3100000,5100000,8,397,9300000,7200000,5500000,2700000, Rejected
1240,0, Graduate, Yes,600000,1800000,20,364,1900000,1100000,2000000,300000, Rejected
1241,3, Not Graduate, No,5100000,13800000,10,474,5500000,6000000,11000000,5600000, Rejected
1242,4, Graduate, No,7800000,8100000,12,438,26900000,900000,5800000,2500000, Rejected
1243,1, Graduate, Yes,9600000,39500000,4,425,27800000,700000,16900000,4200000, Rejected
1244,5, Not Graduate, No,4900000,13800000,6,544,13800000,1700000,5200000,3800000, Approved
1245,5, Not Graduate, No,8700000,39500000,12,328,20900000,13000000,25500000,5600000, Rejected
1246,1, Not Graduate, No,9800000,21000000,6,495,33800000,19600000,36200000,4300000, Rejected
1247,0, Not Graduate, No,8600000,38400000,12,823,14300000,20400000,27300000,3200000, Approved
1248,3, Graduate, No,4700000,22000000,2,820,12400000,2100000,15200000,6100000, Approved
1249,5, Graduate, No,3300000,10700000,6,305,8300000,2300000,11600000,3100000, Rejected
1250,4, Graduate, No,9700000,17600000,14,707,25400000,1300000,31200000,6100000, Approved
1251,4, Not Graduate, No,2500000,9400000,14,895,6700000,6200000,6200000,3200000, Approved
1252,4, Not Graduate, Yes,4200000,13400000,20,647,3500000,8200000,12600000,5300000, Approved
1253,0, Graduate, No,900000,4300000,18,534,1200000,1100000,1800000,200000, Rejected
1254,0, Graduate, Yes,7900000,21800000,18,595,11800000,11400000,5900000,7100000, Approved
1255,0, Graduate, Yes,6500000,13500000,2,428,17300000,9100000,19300000,3400000, Rejected
1256,5, Not Graduate, Yes,1000000,1600000,14,538,2600000,600000,3000000,900000, Rejected
1257,5, Not Graduate, No,2300000,8700000,6,863,6800000,1100000,3000000,2500000, Approved
1258,5, Graduate, No,5600000,27400000,6,667,15700000,4200000,21500000,600000, Approved
1259,0, Graduate, No,5400000,6000000,6,558,11700000,3300000,3700000,4400000, Approved
1260,5, Graduate, Yes,8000000,31700000,10,374,5300000,11200000,24600000,4100000, Rejected
1261,5, Graduate, No,2800000,13200000,4,844,6400000,2200000,10900000,2400000, Approved
1262,4, Graduate, Yes,9200000,12000000,12,397,28800000,16800000,14600000,2300000, Rejected
1263,2, Graduate, Yes,4500000,6500000,4,733,10500000,6400000,16600000,5600000, Approved
1264,0, Not Graduate, Yes,8200000,30900000,12,482,25900000,10900000,27800000,7100000, Rejected
1265,2, Not Graduate, Yes,2500000,9000000,14,467,8700000,5900000,7800000,1000000, Approved
1266,1, Graduate, Yes,500000,600000,4,402,700000,400000,1900000,600000, Rejected
1267,3, Not Graduate, Yes,700000,3000000,4,525,1800000,1100000,2000000,100000, Rejected
1268,5, Graduate, Yes,3800000,11800000,18,706,7500000,0,8500000,3500000, Approved
1269,2, Not Graduate, Yes,9500000,39500000,16,550,16200000,17500000,27200000,7600000, Rejected
1270,0, Not Graduate, Yes,600000,2700000,6,314,600000,800000,1200000,100000, Rejected
1271,2, Not Graduate, Yes,3800000,16200000,18,458,3800000,2000000,6200000,1700000, Rejected
1272,4, Not Graduate, No,1200000,3700000,6,396,1000000,0,900000,200000, Rejected
1273,3, Graduate, Yes,9300000,18700000,20,541,21200000,16400000,17000000,10500000, Approved
1274,0, Not Graduate, Yes,6800000,20600000,4,842,4500000,11300000,22500000,7400000, Approved
1275,2, Not Graduate, No,7600000,10700000,14,878,12300000,12600000,28900000,1700000, Approved
1276,2, Graduate, No,7100000,25800000,2,899,13700000,7800000,27800000,1800000, Approved
1277,0, Graduate, Yes,6600000,10100000,4,367,10900000,10500000,8100000,8800000, Rejected
1278,2, Not Graduate, Yes,7700000,23400000,10,593,23300000,11000000,19300000,2900000, Rejected
1279,4, Graduate, Yes,200000,300000,2,327,300000,100000,500000,100000, Rejected
1280,0, Graduate, Yes,8600000,18900000,10,597,4100000,11200000,9600000,9100000, Approved
1281,3, Not Graduate, Yes,7400000,14300000,6,646,25700000,9500000,18800000,1400000, Approved
1282,3, Not Graduate, Yes,7400000,25800000,2,764,22100000,15200000,13100000,10600000, Approved
1283,4, Graduate, Yes,4000000,16600000,20,502,9500000,4300000,15200000,500000, Rejected
1284,1, Graduate, No,8000000,9800000,20,321,21600000,8700000,11100000,10300000, Rejected
1285,3, Not Graduate, Yes,3900000,17200000,20,572,2400000,9600000,13300000,2400000, Rejected
1286,4, Not Graduate, Yes,600000,2700000,4,556,1600000,1300000,2200000,200000, Approved
1287,3, Graduate, Yes,9000000,21300000,8,675,8000000,5500000,27700000,5700000, Approved
1288,5, Not Graduate, Yes,2400000,8700000,8,359,4400000,5500000,3000000,3500000, Rejected
1289,1, Not Graduate, Yes,1100000,2900000,8,668,900000,400000,1600000,900000, Approved
1290,0, Not Graduate, Yes,6200000,10000000,10,540,16700000,13200000,24200000,1100000, Approved
1291,5, Graduate, No,2400000,7500000,12,744,2400000,1100000,1800000,3400000, Approved
1292,4, Graduate, Yes,8600000,11600000,10,891,8900000,9200000,7800000,2600000, Approved
1293,2, Not Graduate, No,4500000,20300000,6,436,2500000,11100000,17700000,800000, Rejected
1294,3, Not Graduate, No,200000,900000,20,752,500000,0,600000,0, Approved
1295,5, Not Graduate, Yes,9500000,39500000,20,376,11200000,19900000,29600000,11900000, Rejected
1296,5, Graduate, Yes,5200000,16900000,8,892,9900000,6400000,5500000,1600000, Approved
1297,4, Graduate, No,2700000,8700000,6,589,3500000,700000,6000000,900000, Approved
1298,3, Graduate, Yes,6800000,33600000,12,748,18700000,16200000,23400000,9700000, Approved
1299,4, Not Graduate, No,5300000,10600000,8,767,5000000,7300000,8800000,5100000, Approved
1300,3, Graduate, Yes,400000,500000,20,665,1300000,900000,500000,200000, Approved
1301,2, Not Graduate, No,7600000,24700000,10,531,9600000,16500000,4100000,7000000, Rejected
1302,4, Not Graduate, Yes,4100000,9500000,2,753,2200000,200000,11000000,1800000, Approved
1303,0, Graduate, Yes,7000000,16000000,4,586,7000000,4600000,10700000,5500000, Approved
1304,4, Not Graduate, Yes,8900000,9200000,2,696,4000000,7500000,31400000,5100000, Approved
1305,1, Not Graduate, No,6100000,20600000,8,668,10700000,8200000,9100000,5900000, Approved
1306,3, Not Graduate, No,6700000,13800000,8,578,6900000,1200000,6900000,7800000, Approved
1307,3, Graduate, No,2600000,4600000,18,370,8100000,2500000,10000000,1500000, Rejected
1308,1, Not Graduate, No,2500000,2900000,18,475,4800000,5100000,9700000,800000, Rejected
1309,1, Not Graduate, Yes,4200000,10300000,4,863,4100000,1800000,12200000,2500000, Approved
1310,1, Not Graduate, No,8500000,38400000,20,612,14400000,14900000,31900000,9900000, Approved
1311,0, Graduate, Yes,5300000,12400000,12,682,4500000,6100000,5700000,6400000, Approved
1312,5, Graduate, Yes,3600000,13400000,8,455,2800000,600000,7600000,4300000, Rejected
1313,3, Not Graduate, Yes,7800000,31400000,10,724,9300000,3500000,9500000,11400000, Approved
1314,4, Not Graduate, Yes,8500000,19700000,10,592,4700000,3000000,18500000,10700000, Approved
1315,0, Graduate, Yes,9000000,38600000,4,431,7400000,13900000,29400000,13100000, Rejected
1316,5, Graduate, Yes,3100000,11700000,18,387,10200000,700000,10700000,3000000, Rejected
1317,1, Not Graduate, Yes,7100000,23000000,2,537,17000000,14600000,3700000,3000000, Approved
1318,2, Not Graduate, No,5900000,5900000,2,639,19100000,11900000,11000000,5600000, Approved
1319,3, Not Graduate, Yes,4500000,5100000,6,468,4700000,900000,17900000,1700000, Rejected
1320,4, Not Graduate, Yes,4000000,19900000,4,447,12100000,8900000,10300000,900000, Rejected
1321,0, Not Graduate, Yes,1300000,5400000,2,462,1800000,3100000,2000000,700000, Rejected
1322,5, Graduate, Yes,2800000,13300000,8,476,1900000,300000,5200000,1700000, Rejected
1323,0, Not Graduate, Yes,5500000,25400000,8,744,15700000,13100000,9000000,6000000, Approved
1324,3, Graduate, No,8800000,9500000,4,599,3500000,6100000,18200000,5400000, Approved
1325,1, Not Graduate, Yes,8600000,35800000,18,581,13200000,14300000,17700000,900000, Approved
1326,5, Graduate, Yes,2000000,5600000,18,397,5800000,900000,4500000,2800000, Rejected
1327,3, Not Graduate, No,6800000,28300000,16,627,15200000,13900000,14500000,6300000, Approved
1328,5, Not Graduate, Yes,1000000,1000000,12,878,1900000,2100000,2300000,400000, Approved
1329,5, Graduate, No,6800000,14600000,20,748,9300000,16600000,4100000,3100000, Approved
1330,1, Graduate, Yes,3500000,14000000,8,568,1600000,8700000,2400000,1000000, Rejected
1331,1, Not Graduate, Yes,4600000,19200000,10,484,16000000,900000,8300000,6300000, Rejected
1332,0, Graduate, Yes,7200000,25000000,2,511,5600000,11800000,25900000,3000000, Rejected
1333,4, Not Graduate, No,4300000,9500000,16,316,4500000,2900000,14100000,6100000, Rejected
1334,0, Graduate, No,8100000,18200000,2,317,7900000,2500000,7200000,3800000, Rejected
1335,1, Graduate, No,5400000,26300000,14,766,17300000,2000000,12100000,6600000, Approved
1336,5, Not Graduate, No,9900000,27300000,16,806,26900000,23200000,25900000,1100000, Approved
1337,3, Not Graduate, Yes,6400000,17800000,6,882,10900000,10900000,14000000,5000000, Approved
1338,2, Not Graduate, Yes,3100000,9900000,14,676,10400000,400000,9100000,1900000, Approved
1339,0, Graduate, No,7700000,20300000,8,858,2900000,18900000,30700000,4400000, Approved
1340,5, Graduate, Yes,4100000,13200000,8,550,12900000,8300000,3400000,6100000, Approved
1341,5, Not Graduate, Yes,5400000,14700000,12,452,2200000,4200000,12400000,6000000, Rejected
1342,0, Graduate, No,1500000,6500000,6,447,2200000,1800000,3400000,700000, Rejected
1343,4, Graduate, Yes,1300000,6000000,16,442,500000,2400000,3200000,1500000, Rejected
1344,1, Not Graduate, Yes,5800000,27400000,8,747,20300000,9800000,6300000,1600000, Approved
1345,4, Not Graduate, No,2000000,6500000,10,305,6400000,2300000,5500000,2800000, Rejected
1346,1, Not Graduate, Yes,9900000,27400000,18,868,21100000,12700000,6500000,6900000, Approved
1347,0, Graduate, No,8500000,32500000,6,765,7800000,900000,26300000,3100000, Approved
1348,4, Graduate, No,7000000,30500000,10,528,7800000,8800000,19700000,3400000, Rejected
1349,5, Graduate, No,7400000,24100000,20,721,12500000,6300000,12300000,2300000, Approved
1350,4, Graduate, No,6000000,22800000,8,381,7600000,4300000,23800000,8400000, Rejected
1351,0, Not Graduate, Yes,700000,2800000,4,559,200000,500000,2400000,400000, Approved
1352,2, Not Graduate, No,4000000,14800000,6,365,9500000,6500000,9600000,1200000, Rejected
1353,3, Graduate, Yes,5000000,19900000,20,367,11100000,5400000,19800000,6200000, Rejected
1354,4, Not Graduate, No,9100000,16700000,16,303,29000000,9700000,31000000,3600000, Rejected
1355,4, Graduate, Yes,2300000,6900000,18,778,4100000,900000,2300000,500000, Approved
1356,5, Graduate, No,5000000,16800000,6,747,6700000,12000000,12800000,5200000, Approved
1357,3, Not Graduate, No,3500000,3500000,18,836,6600000,2000000,8900000,400000, Approved
1358,5, Graduate, Yes,1500000,6600000,8,889,1300000,1500000,4200000,1900000, Approved
1359,4, Not Graduate, Yes,1200000,4100000,16,879,2700000,600000,4600000,1100000, Approved
1360,1, Not Graduate, Yes,3700000,5600000,18,896,10100000,6500000,8200000,1600000, Approved
1361,4, Not Graduate, Yes,1000000,4300000,6,309,700000,1100000,800000,800000, Rejected
1362,0, Not Graduate, Yes,800000,3100000,20,771,1000000,800000,1700000,400000, Approved
1363,4, Graduate, Yes,3600000,14500000,14,734,11000000,7900000,11700000,3000000, Approved
1364,1, Graduate, No,2100000,5400000,16,397,3900000,4000000,3700000,1900000, Rejected
1365,1, Graduate, No,5600000,24700000,16,382,10900000,7300000,3300000,6600000, Rejected
1366,3, Graduate, No,300000,800000,4,887,800000,400000,500000,200000, Approved
1367,2, Not Graduate, No,3100000,10200000,16,830,6500000,7400000,9000000,3700000, Approved
1368,3, Not Graduate, Yes,4600000,4600000,6,497,2000000,11000000,3700000,900000, Approved
1369,3, Not Graduate, Yes,9600000,34400000,6,344,27400000,16900000,17400000,13300000, Rejected
1370,3, Not Graduate, Yes,6400000,24800000,4,500,20800000,12200000,6200000,2300000, Rejected
1371,3, Not Graduate, No,8800000,28800000,4,303,3300000,19800000,19100000,11200000, Rejected
1372,1, Not Graduate, Yes,3500000,10500000,20,713,2100000,8400000,3500000,2800000, Approved
1373,4, Graduate, No,4600000,19500000,8,528,11600000,900000,4100000,1100000, Rejected
1374,5, Not Graduate, No,4300000,16000000,8,329,9400000,10700000,12700000,2600000, Rejected
1375,3, Not Graduate, No,8800000,18600000,10,888,12900000,15500000,9300000,12200000, Approved
1376,3, Not Graduate, Yes,9600000,39500000,16,796,19000000,14200000,10000000,12200000, Approved
1377,4, Not Graduate, No,9600000,36800000,12,843,24200000,9900000,24700000,10700000, Approved
1378,0, Not Graduate, Yes,7500000,37100000,12,899,14000000,6300000,4900000,4700000, Approved
1379,0, Graduate, No,5100000,24900000,18,308,3400000,10300000,3100000,4700000, Rejected
1380,3, Not Graduate, No,5500000,25700000,10,765,2700000,9000000,11100000,2300000, Approved
1381,2, Not Graduate, No,9800000,39400000,16,773,16200000,4900000,17400000,9900000, Approved
1382,4, Graduate, No,2900000,10000000,20,769,9400000,4400000,7000000,1300000, Approved
1383,5, Graduate, Yes,3500000,5900000,14,459,7100000,1200000,13900000,4400000, Rejected
1384,4, Graduate, No,8900000,28200000,2,534,12300000,11100000,18000000,9700000, Approved
1385,1, Not Graduate, Yes,3900000,15800000,6,858,12500000,5700000,9800000,2500000, Approved
1386,1, Graduate, Yes,2500000,7700000,14,339,3700000,4000000,9300000,2600000, Rejected
1387,0, Graduate, No,5600000,25000000,10,685,10500000,2000000,12300000,3100000, Approved
1388,0, Not Graduate, Yes,3300000,4700000,6,776,1900000,800000,10700000,1000000, Approved
1389,4, Not Graduate, Yes,8900000,22500000,8,779,23400000,5800000,21500000,3800000, Approved
1390,4, Graduate, No,9100000,27500000,2,658,22900000,13800000,24800000,4400000, Approved
1391,1, Not Graduate, Yes,3100000,8500000,6,760,8700000,7200000,11700000,1300000, Approved
1392,4, Graduate, No,5300000,7600000,16,846,6700000,10300000,2700000,5600000, Approved
1393,2, Graduate, Yes,9800000,15800000,2,760,16100000,18300000,35800000,11100000, Approved
1394,5, Graduate, No,7400000,32200000,18,369,5600000,6100000,16600000,5500000, Rejected
1395,4, Not Graduate, No,2300000,6800000,8,446,7800000,600000,6000000,3400000, Rejected
1396,1, Graduate, Yes,5900000,7000000,18,483,2900000,13200000,12200000,7900000, Rejected
1397,2, Graduate, Yes,6200000,6600000,6,506,14500000,7800000,8800000,1400000, Approved
1398,1, Not Graduate, Yes,6600000,19100000,18,516,16700000,1700000,4800000,4900000, Approved
1399,5, Graduate, Yes,400000,700000,12,432,300000,500000,1500000,500000, Rejected
1400,3, Not Graduate, No,3100000,11800000,18,710,4400000,5200000,8300000,1300000, Approved
1401,5, Not Graduate, Yes,8500000,35500000,2,366,2900000,6800000,30200000,5400000, Rejected
1402,3, Graduate, Yes,2500000,4800000,16,773,5100000,100000,3800000,3600000, Approved
1403,3, Not Graduate, No,3100000,10400000,6,695,10800000,4800000,4600000,3700000, Approved
1404,1, Not Graduate, Yes,3300000,5300000,8,877,5300000,300000,5500000,4200000, Approved
1405,5, Graduate, Yes,1900000,4200000,2,303,6600000,2100000,2500000,2500000, Rejected
1406,4, Not Graduate, No,1700000,7700000,20,477,1000000,3500000,3800000,600000, Rejected
1407,1, Graduate, Yes,3600000,11400000,14,839,5400000,9000000,13600000,3900000, Approved
1408,5, Graduate, Yes,8700000,39500000,20,596,27600000,8100000,31000000,10600000, Rejected
1409,1, Graduate, Yes,200000,400000,12,637,600000,0,400000,100000, Approved
1410,0, Graduate, No,2900000,6700000,4,317,3700000,3600000,5000000,500000, Rejected
1411,4, Graduate, No,700000,2000000,8,758,1700000,500000,1800000,200000, Approved
1412,4, Not Graduate, No,5700000,16600000,10,452,17800000,12700000,15100000,6500000, Rejected
1413,3, Graduate, No,2600000,13000000,4,878,7100000,4600000,7500000,2800000, Approved
1414,4, Not Graduate, Yes,7900000,11500000,20,524,18000000,8000000,18800000,10700000, Approved
1415,1, Graduate, No,5900000,26000000,20,413,4200000,11200000,3500000,3200000, Rejected
1416,1, Graduate, Yes,7800000,34700000,12,656,3400000,6700000,6000000,7600000, Approved
1417,2, Not Graduate, No,6400000,20600000,12,586,14300000,8300000,25000000,900000, Rejected
1418,1, Not Graduate, No,4400000,10500000,16,582,8100000,10200000,13700000,6200000, Rejected
1419,1, Graduate, Yes,8600000,26500000,14,870,8500000,4300000,32800000,7500000, Approved
1420,0, Not Graduate, No,4800000,10400000,2,519,5600000,3800000,8100000,5500000, Rejected
1421,1, Not Graduate, Yes,9500000,39500000,12,539,14200000,21000000,22500000,4700000, Rejected
1422,3, Graduate, No,9900000,29600000,16,675,18200000,11400000,16100000,2100000, Approved
1423,2, Graduate, Yes,5900000,27700000,18,402,8800000,4700000,21700000,1100000, Rejected
1424,2, Not Graduate, Yes,6800000,23700000,12,797,10100000,600000,10200000,8400000, Approved
1425,5, Graduate, Yes,2700000,8300000,18,438,1600000,2800000,7900000,800000, Rejected
1426,0, Not Graduate, No,8100000,31100000,12,445,24800000,10100000,9000000,10200000, Rejected
1427,5, Graduate, Yes,6700000,20200000,8,306,14800000,6800000,5800000,3200000, Rejected
1428,0, Not Graduate, No,9000000,39500000,10,506,6100000,6200000,9400000,7700000, Rejected
1429,3, Graduate, No,2800000,4900000,14,650,4500000,2600000,6600000,1300000, Approved
1430,0, Graduate, No,7900000,38700000,18,723,12400000,12700000,27300000,1300000, Approved
1431,2, Not Graduate, No,4800000,20400000,6,840,10500000,10700000,19200000,4100000, Approved
1432,5, Not Graduate, Yes,2000000,8900000,6,767,4400000,3200000,5400000,1200000, Approved
1433,0, Graduate, No,1800000,5300000,14,492,4200000,2900000,4300000,1300000, Rejected
1434,3, Not Graduate, Yes,5700000,24800000,16,796,14300000,11600000,18500000,5400000, Approved
1435,2, Graduate, No,3300000,7300000,8,416,1800000,1400000,2400000,1800000, Rejected
1436,2, Not Graduate, No,1100000,4500000,14,425,1300000,800000,3700000,1000000, Rejected
1437,3, Graduate, Yes,4300000,6700000,2,515,1100000,500000,13600000,4400000, Rejected
1438,1, Graduate, Yes,6500000,14500000,6,624,11100000,5700000,15300000,1500000, Approved
1439,4, Not Graduate, Yes,3300000,9200000,20,422,5300000,8200000,1900000,1900000, Rejected
1440,1, Graduate, Yes,9500000,21700000,12,840,24900000,7800000,11500000,2100000, Approved
1441,2, Graduate, Yes,7800000,19900000,18,462,5900000,16800000,14000000,900000, Rejected
1442,2, Not Graduate, No,5200000,22300000,6,535,11900000,1100000,19700000,900000, Approved
1443,5, Graduate, No,9300000,18800000,6,663,11300000,10700000,25400000,8600000, Approved
1444,3, Graduate, Yes,4400000,17500000,20,558,6400000,3900000,10100000,1000000, Approved
1445,5, Graduate, Yes,1500000,1900000,20,542,3900000,800000,3300000,2000000, Rejected
1446,0, Graduate, Yes,500000,2000000,18,891,200000,500000,1600000,600000, Approved
1447,0, Not Graduate, No,9300000,38800000,8,561,12400000,15100000,15200000,1000000, Rejected
1448,3, Graduate, Yes,9600000,25000000,18,367,14300000,11800000,8000000,8700000, Rejected
1449,5, Not Graduate, No,7400000,28800000,10,738,19000000,15600000,21200000,800000, Approved
1450,1, Not Graduate, Yes,1200000,5600000,18,724,1000000,2700000,2000000,300000, Approved
1451,1, Graduate, No,3000000,12600000,18,431,10000000,3600000,4900000,4500000, Rejected
1452,0, Not Graduate, No,600000,1500000,10,810,2100000,1500000,1300000,400000, Approved
1453,5, Graduate, Yes,700000,2100000,8,535,2000000,100000,900000,100000, Rejected
1454,0, Not Graduate, No,2600000,10700000,20,390,3100000,1800000,9700000,3400000, Rejected
1455,3, Graduate, Yes,5800000,12600000,10,403,13900000,6000000,20100000,8000000, Rejected
1456,2, Not Graduate, No,800000,3400000,10,729,400000,1200000,3200000,700000, Approved
1457,2, Not Graduate, Yes,9800000,22700000,14,429,30100000,13400000,38000000,10700000, Approved
1458,4, Graduate, Yes,4600000,19400000,20,582,8800000,6500000,7400000,5500000, Rejected
1459,2, Graduate, Yes,2700000,3600000,4,741,2100000,6000000,4900000,3000000, Approved
1460,0, Graduate, Yes,5200000,6100000,20,812,6700000,3600000,15300000,4100000, Approved
1461,3, Not Graduate, No,7900000,39400000,10,594,22500000,16100000,4400000,10000000, Approved
1462,0, Graduate, No,3200000,14300000,2,845,9800000,4500000,12700000,2700000, Approved
1463,5, Not Graduate, No,600000,2700000,8,481,1100000,700000,300000,300000, Rejected
1464,5, Graduate, No,600000,2900000,10,824,1100000,400000,1400000,100000, Approved
1465,5, Graduate, Yes,8500000,23400000,14,450,22800000,6500000,24100000,5100000, Rejected
1466,2, Not Graduate, No,1200000,2600000,12,338,3500000,1200000,4400000,300000, Rejected
1467,2, Not Graduate, No,6400000,9700000,4,735,17400000,12200000,17600000,1200000, Approved
1468,3, Not Graduate, Yes,3900000,11700000,10,754,5700000,4600000,10100000,3000000, Approved
1469,5, Not Graduate, No,7800000,14700000,6,856,18100000,3000000,12100000,11100000, Approved
1470,4, Not Graduate, No,700000,3300000,6,853,2100000,1300000,1800000,200000, Approved
1471,2, Graduate, No,8900000,9000000,16,361,6200000,14800000,27800000,4300000, Rejected
1472,4, Not Graduate, Yes,7000000,11000000,18,673,10400000,16600000,16100000,8800000, Approved
1473,2, Graduate, Yes,4600000,9100000,4,723,1800000,6100000,14900000,3000000, Approved
1474,4, Graduate, No,2200000,4000000,14,661,3400000,3600000,1600000,2600000, Approved
1475,1, Graduate, Yes,9700000,18500000,10,311,26700000,11600000,16200000,8300000, Rejected
1476,2, Graduate, No,3100000,11200000,8,327,2600000,5300000,12000000,2900000, Rejected
1477,4, Graduate, Yes,5000000,11600000,16,702,9900000,5500000,8200000,1600000, Approved
1478,1, Graduate, No,4000000,13800000,6,814,1300000,1400000,10700000,2400000, Approved
1479,3, Not Graduate, Yes,2400000,10900000,16,407,7600000,5900000,5600000,2300000, Rejected
1480,1, Graduate, No,4200000,14300000,10,327,12200000,7600000,15900000,600000, Rejected
1481,2, Not Graduate, Yes,1600000,6000000,2,542,3100000,2400000,1700000,600000, Approved
1482,1, Not Graduate, No,200000,500000,16,488,500000,200000,300000,100000, Rejected
1483,3, Not Graduate, Yes,3000000,4900000,18,890,1600000,5300000,10600000,3100000, Approved
1484,4, Graduate, Yes,1200000,2700000,12,856,3600000,400000,3400000,1000000, Approved
1485,5, Not Graduate, Yes,4200000,20400000,16,635,10800000,3400000,10100000,4600000, Approved
1486,2, Graduate, Yes,8600000,30000000,4,870,5100000,2700000,16200000,9600000, Approved
1487,1, Graduate, Yes,1700000,3600000,8,437,5800000,500000,3300000,200000, Rejected
1488,5, Not Graduate, No,200000,600000,8,896,100000,0,800000,300000, Approved
1489,2, Graduate, Yes,1200000,5200000,16,568,2700000,2300000,3400000,1500000, Rejected
1490,3, Graduate, Yes,5100000,18700000,8,586,3900000,2900000,19100000,2400000, Rejected
1491,2, Not Graduate, No,2800000,9100000,16,330,7200000,5800000,10900000,2200000, Rejected
1492,5, Graduate, No,4900000,22200000,8,406,2100000,11100000,11800000,2600000, Rejected
1493,0, Graduate, No,400000,1500000,14,416,200000,200000,1100000,500000, Rejected
1494,0, Graduate, Yes,3400000,12100000,6,593,5900000,6000000,9500000,2200000, Approved
1495,2, Graduate, Yes,4200000,7400000,12,414,14600000,4800000,14400000,2700000, Rejected
1496,2, Graduate, Yes,4400000,6300000,2,361,4900000,10100000,12300000,6100000, Rejected
1497,4, Not Graduate, Yes,5600000,27200000,16,663,12400000,6800000,5000000,5300000, Rejected
1498,2, Graduate, Yes,7800000,26500000,2,824,14900000,7400000,29600000,2300000, Approved
1499,1, Not Graduate, Yes,4700000,12500000,20,342,14000000,3500000,13200000,4600000, Rejected
1500,0, Graduate, Yes,8400000,28200000,18,636,9700000,19000000,29800000,10200000, Approved
1501,4, Graduate, No,5300000,6600000,12,877,10800000,3000000,10500000,3000000, Approved
1502,3, Graduate, No,2700000,11600000,20,543,9000000,5600000,5800000,2300000, Rejected
1503,5, Not Graduate, No,2400000,4500000,18,409,3100000,1200000,7000000,2300000, Rejected
1504,1, Not Graduate, No,3300000,13900000,4,347,5400000,5300000,10600000,2700000, Rejected
1505,1, Graduate, Yes,6000000,18800000,16,862,18800000,6800000,4600000,9000000, Approved
1506,1, Graduate, No,2500000,5300000,8,543,3200000,700000,4800000,2000000, Approved
1507,2, Not Graduate, Yes,9100000,10200000,18,363,13300000,2900000,29100000,9100000, Rejected
1508,0, Not Graduate, No,4900000,20900000,18,820,5900000,3400000,19500000,5900000, Approved
1509,0, Not Graduate, Yes,8600000,14700000,20,782,24700000,16500000,4700000,2500000, Approved
1510,4, Not Graduate, No,6800000,8200000,10,722,22200000,12400000,9700000,1100000, Approved
1511,4, Not Graduate, Yes,3400000,13700000,4,350,7800000,1700000,7200000,5000000, Rejected
1512,3, Graduate, No,2400000,5800000,4,349,5400000,2900000,3100000,2700000, Rejected
1513,2, Graduate, No,7400000,18900000,4,431,11000000,1800000,4400000,4800000, Rejected
1514,2, Not Graduate, Yes,3400000,6800000,20,396,800000,6100000,8100000,400000, Rejected
1515,3, Not Graduate, No,2600000,11500000,12,619,2000000,5200000,7200000,900000, Approved
1516,1, Not Graduate, Yes,9300000,20400000,8,535,6400000,20800000,18200000,1100000, Rejected
1517,4, Graduate, Yes,4900000,9000000,10,759,2900000,10900000,8800000,3200000, Approved
1518,0, Not Graduate, No,600000,1300000,4,360,1400000,500000,2400000,500000, Rejected
1519,4, Graduate, No,5000000,9100000,12,737,3200000,3200000,10900000,1600000, Approved
1520,4, Graduate, Yes,4700000,10700000,10,861,2300000,10500000,15500000,4700000, Approved
1521,3, Not Graduate, No,8600000,11500000,16,378,12600000,3100000,12900000,12300000, Rejected
1522,1, Not Graduate, Yes,7100000,11600000,2,692,7300000,1100000,24200000,10600000, Approved
1523,5, Graduate, Yes,2000000,5300000,20,605,1400000,1600000,6800000,2500000, Rejected
1524,4, Graduate, No,1600000,7200000,2,356,1100000,3000000,2300000,1200000, Rejected
1525,5, Not Graduate, Yes,6100000,7500000,10,475,6400000,10600000,17100000,5300000, Rejected
1526,0, Graduate, Yes,600000,1100000,8,773,1200000,1500000,1700000,500000, Approved
1527,3, Graduate, Yes,3300000,15300000,16,822,8900000,3000000,6800000,1000000, Approved
1528,0, Graduate, Yes,1500000,6800000,14,521,4500000,1000000,4800000,1900000, Rejected
1529,0, Not Graduate, Yes,400000,1500000,4,364,1100000,400000,600000,400000, Rejected
1530,0, Graduate, Yes,9200000,18000000,10,447,20900000,18000000,20200000,9100000, Rejected
1531,4, Not Graduate, No,1000000,2700000,12,806,3200000,500000,4000000,400000, Approved
1532,4, Not Graduate, Yes,200000,400000,10,642,400000,500000,200000,100000, Approved
1533,5, Graduate, Yes,9300000,14100000,2,558,21300000,11900000,9500000,12300000, Approved
1534,3, Not Graduate, No,2000000,5000000,4,308,3100000,3900000,2000000,700000, Rejected
1535,3, Not Graduate, No,8200000,27100000,12,770,10500000,17000000,32700000,1700000, Approved
1536,1, Graduate, Yes,500000,1200000,6,579,600000,600000,500000,500000, Approved
1537,4, Not Graduate, Yes,1700000,5900000,12,627,1200000,3200000,2000000,1800000, Approved
1538,5, Not Graduate, Yes,1200000,2600000,4,807,3400000,1100000,3500000,300000, Approved
1539,2, Not Graduate, Yes,7100000,16900000,16,638,2700000,14400000,22400000,2800000, Approved
1540,4, Not Graduate, Yes,6200000,25800000,4,857,15000000,12800000,14500000,7500000, Approved
1541,3, Not Graduate, No,4800000,21700000,14,636,14700000,6800000,18900000,6700000, Approved
1542,3, Graduate, No,2500000,5700000,18,505,4600000,1400000,1600000,1900000, Rejected
1543,4, Graduate, Yes,1000000,3300000,8,854,400000,2400000,2700000,1200000, Approved
1544,1, Graduate, Yes,5700000,12000000,4,686,9200000,13500000,14900000,3100000, Approved
1545,5, Not Graduate, Yes,2400000,2900000,2,757,3200000,3700000,3900000,2600000, Approved
1546,5, Not Graduate, Yes,5900000,23300000,8,436,20400000,14500000,21500000,5200000, Rejected
1547,0, Graduate, Yes,6900000,11600000,4,703,17100000,8700000,16800000,8800000, Approved
1548,3, Graduate, Yes,8500000,23000000,18,636,21900000,8000000,11600000,10100000, Approved
1549,0, Graduate, No,5000000,14700000,20,363,9500000,5800000,4000000,2500000, Rejected
1550,2, Not Graduate, No,200000,300000,20,452,500000,0,200000,100000, Rejected
1551,2, Graduate, Yes,2900000,4000000,20,847,7500000,4000000,10600000,3600000, Approved
1552,3, Graduate, No,8500000,20300000,12,643,3600000,14200000,11700000,1200000, Approved
1553,2, Graduate, Yes,5400000,26000000,8,765,5000000,1500000,19800000,5700000, Approved
1554,2, Graduate, No,6200000,21500000,10,403,1500000,4000000,5700000,4800000, Rejected
1555,4, Not Graduate, Yes,4600000,11600000,6,430,8700000,8300000,18100000,900000, Rejected
1556,4, Graduate, Yes,1700000,2000000,18,865,5300000,3400000,5800000,1800000, Approved
1557,0, Graduate, No,8900000,30300000,10,552,19700000,21900000,8100000,6900000, Approved
1558,2, Not Graduate, No,7700000,10500000,8,833,14300000,4900000,6200000,10000000, Approved
1559,4, Not Graduate, No,9900000,31400000,14,785,32200000,20800000,32800000,3900000, Approved
1560,0, Graduate, Yes,8500000,34100000,8,502,6500000,3700000,6600000,900000, Approved
1561,3, Graduate, Yes,3000000,8100000,8,870,1300000,1000000,4300000,800000, Approved
1562,2, Not Graduate, Yes,2600000,5700000,6,766,8400000,4700000,8600000,1200000, Approved
1563,4, Graduate, Yes,2600000,3100000,2,376,8300000,2900000,9600000,2600000, Rejected
1564,4, Not Graduate, No,9200000,10100000,2,357,22600000,18300000,29300000,5600000, Rejected
1565,3, Not Graduate, No,5600000,15200000,10,376,5700000,4000000,20200000,1500000, Rejected
1566,2, Not Graduate, Yes,4600000,20900000,20,744,15600000,2500000,11300000,6800000, Approved
1567,4, Not Graduate, No,9600000,19000000,6,386,26200000,13200000,31000000,2400000, Rejected
1568,2, Not Graduate, No,6100000,20100000,14,469,14800000,1800000,10400000,3600000, Rejected
1569,2, Graduate, Yes,9100000,34000000,8,561,8500000,6300000,29600000,12100000, Approved
1570,2, Not Graduate, No,9800000,12200000,8,381,18600000,4100000,28200000,9900000, Rejected
1571,2, Not Graduate, Yes,900000,1500000,4,498,2600000,700000,2300000,500000, Approved
1572,3, Not Graduate, No,3700000,8600000,12,707,11200000,7100000,14700000,5400000, Approved
1573,3, Not Graduate, No,7300000,26900000,14,884,15000000,2200000,15700000,5900000, Approved
1574,5, Graduate, Yes,8100000,22300000,8,582,15600000,12400000,21600000,900000, Approved
1575,2, Graduate, No,1600000,6300000,12,748,4000000,2300000,3700000,200000, Approved
1576,4, Not Graduate, Yes,3300000,14800000,10,618,6400000,4400000,4700000,4700000, Approved
1577,1, Graduate, Yes,5500000,22200000,6,580,8700000,6700000,9100000,2700000, Rejected
1578,5, Graduate, No,8000000,39500000,14,612,3900000,13300000,31400000,9900000, Rejected
1579,5, Not Graduate, No,1300000,5200000,12,876,800000,2800000,2400000,200000, Approved
1580,3, Not Graduate, Yes,6000000,26500000,2,335,16300000,2400000,17300000,1800000, Rejected
1581,4, Graduate, No,3100000,13400000,10,608,900000,6300000,7700000,4000000, Approved
1582,3, Graduate, No,2300000,9000000,8,330,900000,400000,8300000,3400000, Rejected
1583,1, Graduate, Yes,5200000,21900000,16,825,16600000,6300000,16400000,900000, Approved
1584,5, Not Graduate, No,4200000,19900000,8,661,10600000,5400000,3300000,1400000, Approved
1585,4, Graduate, No,6400000,18600000,20,328,1400000,3200000,11200000,7100000, Rejected
1586,2, Graduate, Yes,3300000,11700000,14,674,4100000,700000,9900000,2800000, Approved
1587,1, Graduate, Yes,8200000,25100000,4,561,22300000,1500000,8700000,5500000, Rejected
1588,4, Not Graduate, Yes,900000,4000000,10,328,1400000,100000,2000000,300000, Rejected
1589,2, Not Graduate, Yes,8600000,23400000,18,887,15000000,12300000,13900000,12200000, Approved
1590,4, Graduate, Yes,400000,1700000,6,527,700000,200000,300000,100000, Rejected
1591,1, Not Graduate, Yes,7400000,31100000,16,314,6400000,15000000,29500000,3500000, Rejected
1592,3, Not Graduate, Yes,3500000,17000000,16,668,9000000,7900000,13100000,1900000, Approved
1593,0, Not Graduate, Yes,3900000,7800000,14,525,2100000,2900000,12200000,1100000, Approved
1594,4, Graduate, No,300000,1200000,2,694,600000,100000,400000,300000, Approved
1595,2, Not Graduate, Yes,7000000,28200000,8,397,5300000,7200000,27700000,4000000, Rejected
1596,1, Not Graduate, No,1800000,8500000,8,797,600000,4000000,4900000,1700000, Approved
1597,3, Not Graduate, No,6600000,30500000,8,552,4400000,6600000,25600000,4100000, Rejected
1598,3, Graduate, No,7300000,24000000,18,552,22400000,2000000,4700000,1900000, Rejected
1599,1, Not Graduate, Yes,8400000,27900000,2,783,6600000,20700000,9300000,11100000, Approved
1600,5, Not Graduate, Yes,7100000,11900000,12,629,7900000,8900000,20400000,5800000, Approved
1601,0, Not Graduate, No,3100000,15200000,20,300,2000000,2700000,11400000,1700000, Rejected
1602,1, Not Graduate, Yes,7400000,14900000,18,647,19400000,16500000,8300000,900000, Approved
1603,1, Not Graduate, No,8200000,32000000,14,688,13700000,19000000,13200000,7700000, Approved
1604,5, Graduate, No,3300000,13800000,20,487,10900000,4100000,8400000,3900000, Rejected
1605,1, Graduate, Yes,1400000,3900000,10,408,3300000,1100000,5600000,1400000, Rejected
1606,1, Not Graduate, No,8900000,16400000,14,332,17400000,10700000,29400000,10700000, Rejected
1607,3, Graduate, Yes,1600000,2800000,12,808,3800000,900000,6000000,500000, Approved
1608,1, Not Graduate, No,6000000,26600000,2,302,2000000,7200000,17200000,8800000, Rejected
1609,1, Not Graduate, No,2500000,7600000,2,650,8300000,1400000,8900000,1000000, Approved
1610,1, Not Graduate, Yes,1400000,1900000,18,802,4700000,2200000,3200000,700000, Approved
1611,3, Not Graduate, No,7800000,30200000,4,511,8700000,14800000,7300000,6400000, Rejected
1612,4, Graduate, No,1600000,3200000,8,420,3600000,3900000,4800000,200000, Rejected
1613,2, Graduate, No,6700000,30200000,14,729,5800000,14100000,17500000,4800000, Approved
1614,5, Graduate, Yes,6900000,15400000,12,678,13800000,1500000,15200000,2600000, Approved
1615,1, Graduate, No,700000,1300000,12,308,1900000,400000,1000000,800000, Rejected
1616,5, Not Graduate, No,1800000,2400000,20,646,5900000,2400000,5800000,2100000, Approved
1617,4, Not Graduate, No,7900000,24100000,16,300,10400000,5100000,26600000,7600000, Rejected
1618,0, Graduate, Yes,5100000,14300000,20,540,12700000,200000,9100000,3500000, Rejected
1619,4, Graduate, Yes,1300000,5200000,14,482,3300000,2500000,4900000,700000, Rejected
1620,5, Graduate, No,9900000,28300000,20,800,9200000,8900000,17800000,12500000, Approved
1621,4, Not Graduate, Yes,2700000,6400000,14,887,6100000,400000,2400000,2200000, Approved
1622,1, Graduate, No,200000,400000,12,719,500000,300000,200000,200000, Approved
1623,2, Not Graduate, Yes,9200000,19400000,18,741,25000000,22500000,20500000,2400000, Approved
1624,5, Graduate, No,300000,1400000,18,313,1000000,500000,200000,100000, Rejected
1625,1, Graduate, No,5600000,9300000,2,338,1900000,2200000,16900000,3400000, Rejected
1626,2, Not Graduate, No,9900000,39500000,20,766,8600000,12700000,32500000,10700000, Approved
1627,3, Not Graduate, Yes,5800000,13400000,14,557,3900000,13100000,14100000,7400000, Approved
1628,4, Graduate, Yes,5900000,8000000,18,604,4200000,800000,21400000,8800000, Approved
1629,5, Not Graduate, Yes,4000000,8000000,16,715,6800000,6400000,15400000,2800000, Approved
1630,4, Not Graduate, Yes,1400000,1700000,20,508,4300000,2500000,2900000,1000000, Rejected
1631,2, Graduate, Yes,5800000,24100000,6,709,9700000,10200000,4700000,6800000, Approved
1632,2, Graduate, No,8900000,27100000,4,736,21400000,3300000,11700000,4900000, Approved
1633,3, Graduate, Yes,1000000,2300000,4,444,1400000,2300000,2800000,900000, Rejected
1634,0, Graduate, Yes,8800000,32100000,6,712,11000000,7100000,16900000,9200000, Approved
1635,2, Graduate, No,4200000,14800000,6,401,12400000,500000,12200000,1800000, Rejected
1636,2, Not Graduate, Yes,5400000,25700000,10,486,12800000,1100000,15300000,2700000, Rejected
1637,5, Not Graduate, No,1800000,8700000,4,768,2400000,2100000,4700000,1100000, Approved
1638,5, Not Graduate, Yes,6200000,23100000,4,890,19900000,600000,6500000,5600000, Approved
1639,1, Not Graduate, No,1900000,8100000,12,338,3500000,3700000,2900000,900000, Rejected
1640,3, Not Graduate, No,2800000,11700000,16,689,2300000,6100000,5100000,1100000, Approved
1641,2, Graduate, Yes,7200000,21300000,4,642,12900000,200000,24400000,2200000, Approved
1642,4, Graduate, No,600000,2300000,12,664,1500000,1200000,1700000,700000, Approved
1643,2, Not Graduate, No,4500000,5900000,14,772,6400000,11000000,12400000,6000000, Approved
1644,3, Graduate, No,6000000,24200000,16,341,17900000,500000,17100000,8200000, Rejected
1645,4, Not Graduate, No,1400000,6800000,4,744,2700000,2500000,3200000,1800000, Approved
1646,4, Graduate, Yes,3000000,4000000,16,467,5200000,7500000,1900000,900000, Rejected
1647,4, Graduate, Yes,3500000,15200000,2,392,10600000,7000000,4200000,800000, Rejected
1648,1, Not Graduate, No,6700000,31700000,6,568,11600000,8500000,6600000,5400000, Rejected
1649,4, Graduate, Yes,9700000,18500000,8,316,15200000,21500000,7000000,8100000, Rejected
1650,1, Not Graduate, Yes,8300000,25700000,18,679,4500000,14700000,13400000,9300000, Approved
1651,4, Not Graduate, No,2000000,9400000,4,639,2800000,1500000,6500000,800000, Rejected
1652,5, Graduate, Yes,300000,1500000,16,608,500000,200000,300000,400000, Approved
1653,2, Graduate, Yes,700000,1100000,20,318,600000,900000,600000,400000, Rejected
1654,5, Graduate, No,6000000,14400000,20,758,12800000,5600000,5600000,5500000, Approved
1655,0, Not Graduate, No,1700000,6400000,8,321,1100000,1400000,2500000,2200000, Rejected
1656,2, Graduate, No,2400000,4500000,2,457,2300000,1100000,2900000,2000000, Rejected
1657,5, Not Graduate, No,8500000,19500000,6,537,17400000,18000000,4700000,9800000, Approved
1658,4, Not Graduate, No,8700000,9500000,16,721,9500000,15300000,12800000,10000000, Approved
1659,1, Not Graduate, No,8400000,13600000,4,545,19400000,7000000,33500000,10100000, Approved
1660,3, Graduate, Yes,2600000,8400000,14,790,6400000,1500000,4400000,3200000, Approved
1661,0, Graduate, No,6200000,22400000,8,861,7400000,2000000,7700000,4000000, Approved
1662,4, Not Graduate, No,6100000,21900000,16,759,3000000,1700000,13600000,3700000, Approved
1663,0, Graduate, Yes,2000000,8200000,14,323,3600000,3100000,2600000,2400000, Rejected
1664,3, Not Graduate, No,5600000,14900000,12,763,2800000,1500000,13800000,5100000, Approved
1665,2, Not Graduate, No,5300000,11100000,16,423,10100000,12700000,10100000,5000000, Rejected
1666,3, Graduate, No,4000000,4200000,20,833,10400000,2800000,14600000,2700000, Approved
1667,2, Graduate, Yes,7500000,13700000,8,888,16900000,500000,28100000,2900000, Approved
1668,0, Graduate, Yes,6800000,15300000,12,350,11400000,14500000,20400000,5000000, Rejected
1669,3, Graduate, No,5400000,9200000,14,359,17900000,5000000,6800000,7900000, Rejected
1670,5, Graduate, Yes,7300000,7900000,18,719,3900000,6300000,15800000,3700000, Approved
1671,3, Graduate, Yes,7600000,12400000,10,386,23600000,2300000,11900000,3700000, Rejected
1672,0, Graduate, No,5700000,20900000,8,882,16200000,9400000,18800000,1600000, Approved
1673,0, Not Graduate, No,2800000,9900000,18,624,4400000,2500000,1700000,2200000, Approved
1674,1, Graduate, Yes,7600000,36000000,20,644,5400000,15600000,21400000,3800000, Approved
1675,1, Graduate, No,7200000,30200000,12,817,5100000,11400000,11700000,7600000, Approved
1676,0, Not Graduate, No,9800000,32100000,4,430,31800000,21600000,21400000,2800000, Rejected
1677,5, Not Graduate, Yes,1600000,2500000,6,634,1600000,2500000,2600000,700000, Approved
1678,4, Graduate, No,4300000,14000000,10,900,13300000,8400000,7600000,800000, Approved
1679,4, Graduate, No,9200000,11500000,16,313,17100000,16000000,26300000,1500000, Rejected
1680,5, Not Graduate, No,5200000,14200000,14,404,9000000,6000000,13400000,6400000, Rejected
1681,5, Not Graduate, Yes,9400000,24100000,18,387,21100000,16200000,12700000,12900000, Rejected
1682,1, Not Graduate, Yes,300000,800000,2,501,300000,500000,200000,400000, Rejected
1683,0, Not Graduate, No,500000,1100000,10,378,800000,0,1700000,700000, Rejected
1684,4, Graduate, Yes,8000000,29900000,16,403,26400000,14000000,17800000,1800000, Rejected
1685,5, Not Graduate, No,3700000,16100000,20,812,3600000,2400000,9900000,5000000, Approved
1686,4, Graduate, No,5200000,21200000,4,579,16900000,7000000,11500000,3900000, Approved
1687,5, Not Graduate, Yes,4300000,15100000,18,515,15000000,1200000,11500000,5100000, Rejected
1688,3, Not Graduate, No,4100000,12900000,2,551,1500000,200000,11000000,3900000, Approved
1689,2, Not Graduate, Yes,9400000,10600000,4,883,18400000,400000,5200000,5500000, Approved
1690,0, Not Graduate, No,1100000,4300000,18,595,800000,400000,2600000,500000, Approved
1691,4, Not Graduate, Yes,7700000,24500000,16,581,17300000,400000,17400000,2000000, Rejected
1692,1, Graduate, No,8900000,18500000,20,857,30800000,2900000,7400000,6000000, Approved
1693,1, Graduate, Yes,6600000,15300000,14,322,20900000,9200000,20500000,5200000, Rejected
1694,5, Not Graduate, No,4000000,19000000,14,587,13000000,4000000,5300000,5900000, Rejected
1695,3, Not Graduate, No,1700000,5900000,12,749,1500000,4200000,1200000,300000, Approved
1696,2, Not Graduate, No,6800000,19700000,12,609,13500000,13700000,22500000,6300000, Approved
1697,4, Graduate, No,4700000,16400000,12,821,4600000,1700000,16600000,3900000, Approved
1698,4, Not Graduate, No,1600000,4200000,6,832,5100000,1700000,2100000,200000, Approved
1699,2, Graduate, Yes,3700000,10700000,18,502,3100000,4000000,10800000,2100000, Rejected
1700,5, Graduate, No,9600000,20700000,8,791,6800000,8700000,5000000,6600000, Approved
1701,0, Graduate, No,2800000,7700000,14,446,700000,3500000,8500000,2200000, Rejected
1702,2, Graduate, No,1900000,7100000,14,444,1500000,3200000,4000000,800000, Rejected
1703,2, Graduate, No,6800000,7900000,12,887,5600000,10900000,22300000,1000000, Approved
1704,0, Graduate, No,2100000,8800000,14,307,1000000,1900000,3900000,1100000, Rejected
1705,4, Graduate, Yes,9200000,19600000,2,512,28200000,16200000,15900000,11700000, Rejected
1706,0, Not Graduate, Yes,8600000,32100000,8,678,23900000,6200000,29600000,10600000, Approved
1707,4, Not Graduate, Yes,9800000,35000000,10,548,10200000,20500000,6200000,3500000, Approved
1708,4, Graduate, No,9100000,32900000,8,807,25300000,21900000,10500000,9100000, Approved
1709,2, Not Graduate, Yes,2500000,8600000,20,451,4000000,1800000,4900000,3500000, Rejected
1710,1, Not Graduate, Yes,2200000,10600000,18,632,6100000,4300000,5700000,800000, Approved
1711,5, Graduate, Yes,3500000,10600000,16,375,4400000,7100000,1800000,1000000, Rejected
1712,4, Not Graduate, No,4800000,18900000,8,426,9900000,5900000,12100000,600000, Rejected
1713,0, Graduate, Yes,8800000,33600000,2,404,12800000,1900000,16100000,3000000, Rejected
1714,4, Not Graduate, No,7300000,14200000,16,745,6000000,14300000,19700000,9000000, Approved
1715,0, Not Graduate, No,6500000,13900000,18,421,13900000,6600000,23900000,8100000, Rejected
1716,3, Graduate, No,8800000,23700000,10,702,23600000,4600000,18000000,7500000, Rejected
1717,1, Not Graduate, No,6500000,13700000,18,507,17500000,10200000,15900000,3700000, Rejected
1718,3, Graduate, No,3900000,9600000,20,639,5400000,4300000,8300000,4800000, Approved
1719,4, Not Graduate, No,4200000,10800000,12,825,8000000,900000,3800000,1600000, Approved
1720,4, Graduate, Yes,5200000,17800000,6,818,14100000,12800000,17000000,1500000, Approved
1721,4, Graduate, No,1000000,1900000,2,306,400000,600000,3600000,200000, Rejected
1722,4, Not Graduate, No,7400000,31200000,16,771,3200000,9500000,24700000,9600000, Approved
1723,4, Not Graduate, Yes,6500000,17900000,12,874,9400000,10800000,24800000,7200000, Approved
1724,5, Not Graduate, No,7300000,27900000,4,701,6800000,2100000,15600000,7100000, Approved
1725,5, Graduate, Yes,5400000,7200000,2,412,7800000,10000000,15000000,6000000, Approved
1726,4, Graduate, No,7800000,22500000,20,699,4000000,12600000,8500000,2300000, Approved
1727,2, Not Graduate, No,9500000,10600000,8,682,20500000,11700000,37200000,6100000, Approved
1728,1, Graduate, No,5700000,21100000,8,697,13800000,7500000,14400000,7100000, Approved
1729,1, Graduate, Yes,4500000,10700000,14,557,12700000,10700000,6400000,6200000, Approved
1730,3, Graduate, Yes,1200000,5800000,8,615,2800000,2700000,4000000,1000000, Approved
1731,3, Graduate, No,7800000,17900000,20,691,11800000,2200000,19900000,2100000, Approved
1732,2, Not Graduate, Yes,9000000,29300000,14,578,29600000,8300000,34400000,13200000, Rejected
1733,2, Not Graduate, No,7000000,14200000,8,764,18200000,9000000,22400000,4600000, Approved
1734,4, Not Graduate, No,8600000,29900000,6,726,16700000,19800000,30700000,4700000, Approved
1735,3, Not Graduate, No,8600000,24700000,18,482,7600000,17600000,20800000,2300000, Rejected
1736,0, Not Graduate, No,8000000,19900000,12,666,18700000,7700000,18500000,900000, Approved
1737,0, Graduate, No,5100000,9300000,20,754,11000000,11300000,16100000,4800000, Approved
1738,1, Graduate, No,1100000,1600000,8,594,2700000,1000000,1000000,1100000, Approved
1739,2, Graduate, Yes,200000,300000,2,729,600000,100000,100000,100000, Approved
1740,4, Not Graduate, No,2200000,11000000,18,376,7100000,3400000,8700000,700000, Rejected
1741,2, Not Graduate, No,4400000,11700000,6,532,14700000,3900000,16300000,3700000, Rejected
1742,2, Graduate, No,7400000,7500000,18,721,16900000,11500000,28500000,5300000, Approved
1743,0, Graduate, Yes,4600000,22100000,16,837,15600000,4700000,3300000,2400000, Approved
1744,0, Graduate, No,400000,400000,6,688,1300000,800000,600000,200000, Approved
1745,5, Not Graduate, Yes,2200000,5900000,16,698,500000,5200000,8000000,2900000, Approved
1746,5, Not Graduate, No,9700000,37500000,2,505,22400000,6600000,7900000,14300000, Rejected
1747,0, Graduate, No,9800000,39500000,8,721,7700000,12500000,20400000,5900000, Approved
1748,2, Graduate, No,3800000,14600000,8,514,4500000,6900000,6400000,4100000, Rejected
1749,5, Graduate, No,8000000,22800000,14,331,9500000,3200000,28600000,10500000, Rejected
1750,4, Not Graduate, No,7200000,35300000,12,448,12900000,14300000,16700000,1000000, Rejected
1751,0, Graduate, Yes,9300000,10800000,14,667,2200000,13600000,14100000,12800000, Approved
1752,2, Graduate, Yes,8800000,39500000,10,878,8600000,3300000,20500000,7000000, Approved
1753,5, Not Graduate, Yes,6300000,27700000,16,597,1900000,13700000,5600000,5500000, Rejected
1754,1, Not Graduate, Yes,4000000,18900000,4,816,9400000,4300000,12200000,3400000, Approved
1755,3, Graduate, No,6300000,12700000,16,767,19700000,2800000,16800000,2800000, Approved
1756,1, Graduate, No,3300000,5200000,2,637,11500000,1600000,8600000,3900000, Approved
1757,1, Graduate, Yes,3600000,13200000,2,783,6000000,7100000,7300000,4100000, Approved
1758,5, Graduate, Yes,6100000,18700000,16,541,6500000,14300000,9300000,1400000, Rejected
1759,1, Not Graduate, No,5700000,17600000,4,566,17200000,5400000,4200000,5100000, Approved
1760,3, Not Graduate, No,5800000,27300000,16,742,3300000,1100000,22100000,8400000, Rejected
1761,2, Graduate, No,3900000,13600000,4,683,13300000,1000000,7600000,5100000, Approved
1762,3, Graduate, No,4200000,9400000,4,617,10700000,6900000,9400000,4100000, Approved
1763,4, Not Graduate, Yes,200000,500000,20,560,400000,200000,400000,100000, Approved
1764,3, Not Graduate, Yes,6000000,9200000,4,886,3100000,6400000,23700000,3500000, Approved
1765,0, Graduate, No,5800000,10300000,20,339,1500000,4900000,19100000,1800000, Rejected
1766,1, Graduate, No,9300000,14600000,8,333,18600000,10800000,7800000,11600000, Rejected
1767,1, Not Graduate, No,5100000,21600000,16,587,8000000,8200000,13400000,6100000, Approved
1768,4, Not Graduate, Yes,4700000,18000000,20,320,14000000,6400000,10300000,6500000, Rejected
1769,4, Graduate, Yes,800000,2500000,4,504,1900000,300000,2600000,200000, Rejected
1770,0, Graduate, Yes,2100000,5200000,8,641,3400000,2600000,8400000,3000000, Approved
1771,3, Not Graduate, Yes,3500000,12900000,12,543,3300000,4000000,10900000,5100000, Rejected
1772,2, Graduate, No,3800000,16200000,18,422,6800000,5200000,13400000,4000000, Rejected
1773,2, Not Graduate, No,3700000,16700000,4,471,2700000,1000000,8400000,4900000, Rejected
1774,5, Not Graduate, No,4000000,12800000,4,663,9600000,1500000,7200000,2900000, Approved
1775,0, Not Graduate, Yes,7700000,33000000,8,871,16900000,10200000,21200000,4100000, Approved
1776,4, Not Graduate, No,1400000,4300000,6,769,4000000,1000000,4400000,400000, Approved
1777,3, Not Graduate, No,3400000,9900000,6,628,5700000,5300000,4400000,500000, Approved
1778,1, Not Graduate, Yes,1700000,7600000,4,383,1900000,1600000,3800000,300000, Rejected
1779,1, Graduate, No,3200000,8100000,18,445,9500000,1800000,2900000,3400000, Rejected
1780,0, Not Graduate, No,6900000,17800000,16,564,17100000,11300000,8700000,3900000, Approved
1781,3, Graduate, No,600000,1300000,4,448,1500000,600000,2200000,100000, Rejected
1782,3, Graduate, Yes,3500000,10800000,12,713,6800000,1400000,3500000,900000, Approved
1783,1, Graduate, Yes,400000,1300000,14,520,1200000,800000,1300000,400000, Rejected
1784,2, Graduate, No,9500000,34600000,14,801,9000000,10300000,17100000,13400000, Approved
1785,5, Not Graduate, No,7300000,19900000,20,461,11100000,16700000,20600000,4900000, Rejected
1786,4, Graduate, Yes,2500000,4700000,14,598,7100000,1200000,9200000,3000000, Approved
1787,3, Graduate, Yes,2100000,9400000,14,729,1300000,4600000,6800000,3100000, Approved
1788,0, Graduate, No,1100000,2600000,2,423,3200000,2200000,3700000,1200000, Rejected
1789,3, Not Graduate, Yes,4800000,22500000,2,757,6500000,1200000,6800000,5300000, Approved
1790,2, Not Graduate, Yes,7500000,13700000,14,652,4600000,10000000,13200000,7200000, Approved
1791,5, Not Graduate, No,5900000,19100000,20,689,2700000,9600000,18100000,8700000, Approved
1792,1, Graduate, Yes,8800000,27700000,8,573,26200000,10900000,28300000,4600000, Approved
1793,5, Graduate, Yes,3500000,15100000,14,861,9700000,3400000,11400000,4200000, Approved
1794,5, Graduate, No,2900000,4500000,6,763,3300000,6800000,9000000,2000000, Approved
1795,4, Graduate, No,4800000,22300000,10,415,2800000,8400000,6300000,1500000, Approved
1796,3, Graduate, No,2100000,6600000,16,633,2100000,5100000,3200000,2400000, Approved
1797,3, Not Graduate, No,9700000,32400000,14,842,8800000,20500000,36800000,12200000, Approved
1798,5, Graduate, No,2000000,6100000,4,467,5200000,4100000,4900000,2600000, Rejected
1799,5, Graduate, Yes,4800000,5500000,18,622,4400000,8700000,15100000,6700000, Approved
1800,4, Graduate, Yes,5300000,15800000,20,753,4800000,8600000,13800000,6100000, Approved
1801,1, Graduate, No,700000,1400000,10,464,200000,1600000,2600000,600000, Rejected
1802,2, Graduate, Yes,4700000,11100000,8,611,10200000,7200000,16600000,6600000, Approved
1803,4, Graduate, No,4600000,16500000,12,632,11400000,900000,6500000,1800000, Approved
1804,0, Not Graduate, No,2700000,8100000,18,406,6400000,3900000,9700000,600000, Rejected
1805,4, Not Graduate, Yes,1400000,1900000,10,406,2900000,400000,2200000,1000000, Rejected
1806,2, Not Graduate, Yes,600000,800000,2,638,2000000,1400000,1200000,500000, Approved
1807,3, Not Graduate, Yes,200000,300000,2,407,400000,300000,700000,200000, Rejected
1808,5, Not Graduate, No,4900000,8600000,18,869,14900000,6800000,8000000,6100000, Approved
1809,5, Graduate, No,1000000,3400000,16,614,2300000,500000,1500000,100000, Approved
1810,2, Graduate, Yes,9600000,16400000,16,724,4600000,12400000,27300000,11700000, Approved
1811,4, Graduate, No,2500000,11300000,4,538,7200000,2100000,10000000,2400000, Approved
1812,0, Not Graduate, Yes,6500000,12000000,4,479,13800000,11000000,6200000,9300000, Rejected
1813,4, Not Graduate, Yes,6800000,9300000,8,592,16000000,10300000,20100000,4000000, Approved
1814,0, Not Graduate, Yes,5000000,22500000,6,727,4000000,6200000,11700000,4800000, Approved
1815,5, Graduate, Yes,8800000,19200000,8,538,14500000,5600000,17000000,10300000, Rejected
1816,1, Not Graduate, Yes,1200000,3200000,12,469,3700000,1600000,3700000,1000000, Rejected
1817,4, Not Graduate, Yes,2400000,11600000,6,386,2200000,2800000,5900000,800000, Rejected
1818,3, Graduate, No,2600000,12400000,4,626,500000,5500000,8600000,400000, Rejected
1819,1, Not Graduate, Yes,1500000,5800000,10,708,1600000,3400000,4700000,400000, Approved
1820,5, Graduate, Yes,3000000,3800000,16,616,5400000,5700000,11800000,2400000, Approved
1821,1, Not Graduate, Yes,3200000,10800000,14,453,9300000,2600000,10700000,3200000, Rejected
1822,5, Not Graduate, No,7600000,37700000,8,448,17700000,700000,5600000,6800000, Rejected
1823,3, Not Graduate, Yes,3100000,14800000,8,526,10000000,7200000,10000000,3400000, Approved
1824,2, Not Graduate, No,8700000,12400000,12,509,14800000,21600000,24100000,1300000, Rejected
1825,1, Not Graduate, Yes,7700000,19900000,4,422,11500000,2400000,6300000,2200000, Rejected
1826,0, Graduate, Yes,9000000,20400000,18,866,8700000,15400000,23600000,10500000, Approved
1827,4, Not Graduate, No,1200000,1800000,18,498,1100000,1300000,3800000,1400000, Approved
1828,4, Graduate, Yes,9800000,37000000,2,450,25800000,3600000,11700000,10600000, Rejected
1829,5, Not Graduate, No,6200000,13000000,20,664,2900000,15500000,12500000,7100000, Approved
1830,5, Not Graduate, Yes,9800000,23300000,2,781,9800000,22900000,23500000,14200000, Approved
1831,1, Graduate, Yes,3600000,4900000,10,579,11200000,8800000,7000000,5100000, Approved
1832,3, Not Graduate, Yes,9500000,28400000,14,701,20000000,3400000,33900000,9500000, Approved
1833,5, Not Graduate, Yes,5900000,9600000,8,357,2100000,7300000,6400000,3200000, Rejected
1834,3, Graduate, Yes,900000,2500000,6,620,2300000,2000000,2900000,100000, Approved
1835,4, Not Graduate, Yes,4200000,6600000,2,340,7900000,7100000,13500000,4100000, Rejected
1836,4, Not Graduate, Yes,1500000,7200000,16,382,4500000,1600000,3100000,1100000, Rejected
1837,5, Graduate, Yes,9400000,14900000,2,655,23000000,12100000,22400000,2900000, Approved
1838,2, Not Graduate, Yes,3100000,9600000,10,422,700000,300000,3200000,1200000, Rejected
1839,1, Not Graduate, Yes,2300000,4100000,8,321,2000000,3500000,2700000,3200000, Rejected
1840,5, Not Graduate, No,5600000,7300000,20,407,5900000,12000000,13200000,1100000, Rejected
1841,2, Graduate, No,4300000,7800000,20,764,10800000,0,5500000,5200000, Approved
1842,1, Graduate, No,1100000,1300000,18,652,2100000,400000,3700000,1500000, Approved
1843,3, Graduate, Yes,8200000,12800000,16,529,21900000,10600000,21800000,8700000, Approved
1844,5, Not Graduate, No,8400000,25000000,12,885,15900000,11800000,5900000,1600000, Approved
1845,4, Graduate, No,7400000,26700000,8,531,9500000,6400000,13000000,9500000, Approved
1846,2, Not Graduate, Yes,6200000,8400000,4,827,3400000,400000,21700000,6300000, Approved
1847,5, Graduate, Yes,4100000,11300000,20,507,3600000,7600000,6000000,2000000, Rejected
1848,0, Graduate, Yes,5500000,18300000,8,315,8400000,3300000,16600000,5400000, Rejected
1849,5, Graduate, Yes,5300000,10300000,10,366,10700000,8500000,4400000,1500000, Rejected
1850,1, Not Graduate, Yes,1800000,4500000,4,464,5900000,2500000,6800000,2000000, Rejected
1851,1, Not Graduate, Yes,1000000,1300000,6,412,1000000,1100000,2100000,1400000, Rejected
1852,1, Not Graduate, Yes,2600000,4900000,14,394,6200000,3800000,5800000,2200000, Rejected
1853,2, Not Graduate, No,4600000,13200000,10,530,3200000,8000000,11500000,6600000, Rejected
1854,0, Not Graduate, Yes,1700000,8400000,12,886,4300000,2400000,3000000,1200000, Approved
1855,4, Not Graduate, No,1200000,6000000,6,420,300000,1700000,3600000,1600000, Rejected
1856,0, Not Graduate, Yes,8500000,39500000,2,441,20100000,9300000,4700000,10100000, Rejected
1857,0, Not Graduate, No,3800000,10200000,18,898,2800000,4100000,4100000,900000, Approved
1858,0, Not Graduate, Yes,5900000,7800000,10,420,4700000,7200000,6800000,8100000, Rejected
1859,5, Graduate, Yes,5300000,12200000,8,798,10800000,6000000,14400000,7300000, Approved
1860,0, Graduate, Yes,7400000,14400000,6,673,10600000,8100000,26800000,4400000, Approved
1861,4, Not Graduate, No,7400000,7800000,14,857,13000000,3900000,5300000,9000000, Approved
1862,3, Not Graduate, No,3100000,4300000,12,634,3800000,5600000,10800000,1300000, Approved
1863,4, Graduate, Yes,8500000,23900000,8,656,28400000,2800000,28600000,1200000, Approved
1864,2, Not Graduate, Yes,3800000,9000000,20,435,4400000,8600000,2900000,1500000, Rejected
1865,5, Not Graduate, Yes,8300000,14300000,20,645,16500000,13000000,8300000,6500000, Approved
1866,2, Graduate, Yes,4100000,15800000,4,702,12400000,500000,7100000,700000, Approved
1867,1, Graduate, No,1200000,2900000,14,893,2900000,2000000,1100000,400000, Approved
1868,5, Graduate, Yes,7600000,33500000,20,358,9600000,6900000,24000000,10900000, Rejected
1869,2, Graduate, No,400000,800000,10,394,800000,900000,900000,300000, Rejected
1870,0, Not Graduate, No,7700000,24300000,2,311,3600000,18000000,14900000,9600000, Rejected
1871,3, Graduate, No,600000,1000000,4,775,1200000,1300000,1800000,200000, Approved
1872,1, Not Graduate, No,2200000,6600000,14,349,3600000,3100000,3400000,500000, Rejected
1873,4, Not Graduate, Yes,6100000,9800000,20,850,16500000,14000000,21700000,7300000, Approved
1874,0, Graduate, Yes,9400000,15500000,4,519,28200000,15300000,26200000,5500000, Approved
1875,4, Graduate, Yes,4200000,14500000,12,473,3600000,9200000,7200000,3100000, Rejected
1876,4, Graduate, Yes,1300000,2700000,10,885,600000,500000,3100000,1900000, Approved
1877,0, Graduate, No,2400000,4100000,6,732,3600000,5400000,3400000,1300000, Approved
1878,3, Graduate, Yes,8900000,39500000,14,628,17500000,14700000,35100000,6800000, Approved
1879,3, Not Graduate, Yes,7300000,8600000,18,834,10500000,5500000,14800000,7200000, Approved
1880,5, Graduate, Yes,1100000,3600000,6,753,2500000,2700000,4000000,200000, Approved
1881,1, Graduate, No,3900000,12500000,2,683,7300000,6700000,15300000,4300000, Approved
1882,2, Graduate, Yes,2700000,5400000,8,493,8900000,6100000,6400000,2000000, Rejected
1883,2, Not Graduate, Yes,1900000,5300000,8,892,2900000,0,5800000,700000, Approved
1884,2, Not Graduate, No,8400000,11300000,16,732,4000000,11600000,21000000,5900000, Approved
1885,5, Not Graduate, No,6200000,24100000,12,868,7400000,11000000,5100000,4600000, Approved
1886,3, Graduate, Yes,1900000,3600000,2,880,4200000,100000,7300000,1900000, Approved
1887,0, Graduate, No,6500000,11500000,8,630,6800000,12400000,13600000,9200000, Approved
1888,5, Not Graduate, No,4200000,9500000,16,515,4600000,6800000,15200000,4900000, Rejected
1889,0, Graduate, Yes,800000,3700000,10,869,1100000,500000,2200000,500000, Approved
1890,5, Graduate, Yes,4600000,19300000,12,900,12200000,7900000,4000000,6700000, Approved
1891,2, Graduate, No,2000000,9600000,6,373,6600000,700000,3900000,2400000, Rejected
1892,4, Graduate, No,2600000,9400000,8,683,3500000,5400000,3100000,400000, Approved
1893,5, Not Graduate, Yes,8800000,32100000,4,662,7400000,19100000,9600000,2300000, Approved
1894,5, Not Graduate, Yes,7100000,20700000,2,749,11300000,8600000,21300000,2900000, Approved
1895,0, Not Graduate, Yes,1500000,6900000,2,886,2000000,1900000,900000,300000, Approved
1896,2, Not Graduate, No,8500000,25900000,14,451,29500000,8500000,33000000,6600000, Rejected
1897,0, Graduate, Yes,5800000,14000000,4,886,10000000,5000000,12000000,3300000, Approved
1898,3, Not Graduate, No,8700000,31000000,12,686,21200000,19000000,19300000,12700000, Approved
1899,2, Not Graduate, Yes,7500000,23900000,20,349,24100000,5700000,11600000,5700000, Rejected
1900,5, Not Graduate, Yes,3500000,5200000,14,607,8000000,3500000,2800000,1400000, Approved
1901,3, Graduate, Yes,5400000,13900000,12,380,5500000,4000000,13800000,7900000, Rejected
1902,2, Not Graduate, Yes,5400000,12200000,4,874,11900000,8900000,9200000,4400000, Approved
1903,0, Graduate, Yes,7200000,31600000,10,758,11000000,14700000,19300000,1500000, Approved
1904,1, Graduate, Yes,2600000,6500000,18,843,4100000,1100000,6400000,600000, Approved
1905,4, Graduate, No,3400000,14600000,8,662,11700000,2200000,4300000,3600000, Approved
1906,0, Graduate, Yes,2500000,6900000,18,538,2800000,700000,5300000,2000000, Approved
1907,5, Not Graduate, Yes,3100000,12400000,16,557,5400000,1200000,4900000,3000000, Rejected
1908,3, Not Graduate, Yes,1700000,2600000,6,869,1200000,1700000,2300000,2200000, Approved
1909,3, Graduate, Yes,500000,2300000,4,391,400000,1000000,1600000,500000, Rejected
1910,2, Graduate, No,9400000,27500000,2,831,20600000,12700000,5100000,12300000, Approved
1911,0, Not Graduate, No,900000,1800000,6,553,2400000,100000,1300000,1000000, Rejected
1912,1, Not Graduate, Yes,8900000,17500000,8,654,20500000,13900000,21000000,9300000, Approved
1913,3, Graduate, No,200000,400000,14,700,300000,400000,400000,100000, Approved
1914,2, Graduate, Yes,7800000,19200000,12,349,3100000,7700000,29600000,6100000, Rejected
1915,1, Not Graduate, No,3400000,13200000,10,389,6000000,2100000,11700000,2400000, Rejected
1916,4, Not Graduate, Yes,5200000,25000000,16,396,9700000,9900000,16300000,4500000, Rejected
1917,2, Not Graduate, No,2900000,10700000,16,767,8000000,200000,6700000,1900000, Approved
1918,2, Not Graduate, No,5000000,15900000,16,346,11600000,10200000,10000000,4800000, Rejected
1919,4, Graduate, Yes,4600000,12900000,18,667,14100000,9200000,2900000,3000000, Approved
1920,0, Not Graduate, Yes,5300000,22900000,8,364,14800000,11800000,17900000,4700000, Rejected
1921,0, Graduate, No,4000000,17600000,18,761,5600000,900000,8000000,2600000, Approved
1922,1, Not Graduate, No,5400000,11700000,10,887,12300000,1500000,8800000,7400000, Approved
1923,0, Not Graduate, No,8200000,39500000,4,548,21900000,17900000,21500000,5100000, Approved
1924,2, Graduate, Yes,4400000,11400000,4,427,14800000,5200000,13800000,4900000, Rejected
1925,0, Graduate, No,3700000,15500000,2,567,5900000,3600000,8600000,3500000, Rejected
1926,3, Graduate, No,1400000,6800000,20,715,3300000,2000000,1400000,900000, Approved
1927,0, Graduate, Yes,3700000,14100000,4,737,5500000,500000,13800000,4600000, Approved
1928,1, Graduate, No,1400000,2300000,18,682,3700000,2300000,1300000,2000000, Approved
1929,1, Not Graduate, No,1900000,6400000,16,649,6100000,4500000,7400000,2200000, Approved
1930,3, Graduate, No,9500000,14000000,10,679,30700000,16000000,19500000,13600000, Approved
1931,2, Not Graduate, No,1000000,4200000,20,430,700000,1200000,3800000,700000, Rejected
1932,4, Graduate, Yes,4900000,10400000,20,424,4300000,11800000,18100000,6800000, Rejected
1933,4, Not Graduate, No,8300000,31400000,20,859,22300000,14300000,16000000,11000000, Approved
1934,2, Not Graduate, Yes,9500000,39500000,10,648,21700000,1400000,31400000,11100000, Approved
1935,0, Graduate, Yes,1600000,2800000,6,817,5100000,2700000,1300000,2000000, Approved
1936,5, Not Graduate, Yes,1800000,4600000,2,675,2200000,300000,1400000,2000000, Approved
1937,2, Graduate, No,3800000,13600000,18,573,11400000,2900000,6600000,3100000, Approved
1938,3, Not Graduate, No,5600000,15000000,18,642,13800000,8600000,14800000,4900000, Approved
1939,5, Not Graduate, No,9600000,16300000,12,715,8100000,5200000,5100000,6600000, Approved
1940,3, Graduate, Yes,2200000,2500000,2,411,1400000,200000,5100000,2300000, Approved
1941,3, Not Graduate, Yes,1800000,4700000,18,577,4500000,2800000,7000000,1000000, Approved
1942,2, Not Graduate, No,2600000,9400000,6,734,1900000,1900000,9100000,3000000, Rejected
1943,4, Graduate, Yes,8700000,28700000,12,352,24500000,11600000,11400000,7000000, Rejected
1944,1, Graduate, No,400000,600000,14,344,800000,300000,900000,200000, Rejected
1945,2, Graduate, Yes,3900000,10900000,4,396,6900000,6700000,4300000,1200000, Rejected
1946,2, Not Graduate, Yes,1300000,3200000,2,655,1400000,2900000,1800000,600000, Approved
1947,0, Graduate, No,1700000,3600000,2,443,5900000,400000,6300000,1700000, Rejected
1948,1, Not Graduate, Yes,9100000,35600000,20,562,23500000,17900000,36300000,5600000, Rejected
1949,1, Graduate, No,200000,400000,20,380,600000,100000,300000,0, Rejected
1950,0, Not Graduate, Yes,3300000,10400000,10,450,9000000,2700000,4100000,1900000, Rejected
1951,4, Not Graduate, Yes,9100000,39500000,10,310,19400000,8100000,16800000,5600000, Rejected
1952,4, Graduate, No,6100000,19300000,10,785,20100000,3100000,12600000,2600000, Approved
1953,5, Graduate, No,900000,3100000,8,580,1900000,200000,700000,500000, Approved
1954,0, Graduate, Yes,4700000,6100000,12,405,9000000,9000000,4800000,5100000, Rejected
1955,2, Not Graduate, No,9700000,16600000,8,616,10700000,19200000,19300000,11100000, Approved
1956,3, Graduate, No,4100000,5800000,14,860,4600000,10200000,5400000,5900000, Approved
1957,2, Graduate, No,5300000,21500000,8,795,13900000,12400000,18300000,1400000, Approved
1958,0, Not Graduate, No,5400000,23500000,14,831,7000000,5900000,16900000,2900000, Approved
1959,2, Graduate, No,6600000,11500000,20,544,17200000,2200000,15700000,1400000, Approved
1960,0, Not Graduate, No,2000000,3800000,6,516,6700000,100000,4000000,1900000, Rejected
1961,0, Not Graduate, No,8400000,19300000,2,490,13900000,11200000,28600000,1000000, Rejected
1962,4, Not Graduate, Yes,9800000,33000000,12,483,5100000,21100000,10600000,3800000, Rejected
1963,0, Not Graduate, Yes,1500000,5200000,4,852,3600000,1000000,5400000,1400000, Approved
1964,1, Not Graduate, No,8200000,30700000,6,382,1900000,4100000,5500000,4900000, Rejected
1965,5, Graduate, Yes,8200000,37900000,16,811,22900000,9000000,30600000,7100000, Approved
1966,5, Not Graduate, No,7400000,16100000,10,850,14300000,16500000,7300000,7400000, Approved
1967,0, Graduate, No,3800000,13800000,12,807,6900000,4300000,12700000,4800000, Approved
1968,2, Graduate, No,4700000,15200000,16,677,9800000,8500000,2600000,3100000, Approved
1969,2, Graduate, Yes,8400000,18700000,4,814,16000000,9700000,28200000,4100000, Approved
1970,3, Graduate, No,1600000,7400000,10,319,2000000,1500000,4100000,1400000, Rejected
1971,4, Graduate, Yes,8300000,11500000,2,791,9400000,9100000,4700000,1600000, Approved
1972,0, Graduate, No,9200000,35400000,10,607,14400000,17700000,29500000,1500000, Approved
1973,2, Not Graduate, Yes,6800000,26600000,6,876,21400000,12800000,5800000,5000000, Approved
1974,1, Graduate, Yes,3500000,16300000,20,351,2300000,3800000,8400000,1400000, Rejected
1975,5, Graduate, No,5600000,17200000,6,858,7100000,3700000,9300000,600000, Approved
1976,1, Not Graduate, No,600000,1400000,6,644,500000,200000,1900000,600000, Approved
1977,0, Graduate, Yes,9300000,39500000,2,362,15000000,0,32400000,11600000, Rejected
1978,3, Not Graduate, No,3500000,14300000,4,605,2200000,1000000,7400000,1100000, Approved
1979,5, Not Graduate, Yes,700000,2100000,6,322,1900000,300000,2200000,600000, Rejected
1980,4, Not Graduate, Yes,7900000,32200000,6,349,4300000,13600000,29300000,11700000, Rejected
1981,0, Not Graduate, Yes,6600000,13700000,16,619,15800000,13500000,19200000,3100000, Approved
1982,4, Graduate, No,6300000,21200000,18,790,6800000,11600000,10200000,7100000, Approved
1983,1, Graduate, Yes,700000,3100000,18,365,1200000,1300000,1500000,200000, Rejected
1984,0, Not Graduate, Yes,7500000,17000000,20,457,6400000,18600000,9800000,10500000, Rejected
1985,3, Not Graduate, Yes,6400000,18800000,18,535,16700000,15400000,13500000,600000, Rejected
1986,4, Graduate, Yes,7900000,38000000,10,625,26300000,5300000,10700000,4000000, Approved
1987,5, Graduate, Yes,8300000,34800000,8,300,7700000,3000000,27600000,12200000, Rejected
1988,3, Not Graduate, Yes,2200000,10000000,14,684,7400000,800000,5800000,2300000, Approved
1989,2, Graduate, No,2200000,5600000,8,599,2800000,4900000,6000000,900000, Approved
1990,3, Graduate, Yes,9200000,39500000,14,878,18800000,2400000,8200000,11100000, Approved
1991,1, Graduate, No,5400000,8700000,20,481,13600000,4600000,2700000,7300000, Rejected
1992,0, Graduate, No,4400000,13500000,4,596,3800000,5800000,14400000,3400000, Approved
1993,2, Not Graduate, No,3000000,8800000,16,349,5000000,4600000,7200000,1000000, Rejected
1994,1, Not Graduate, No,6400000,26800000,20,851,2700000,9500000,24100000,3000000, Approved
1995,0, Graduate, Yes,7500000,34800000,12,801,18800000,14700000,17900000,10700000, Approved
1996,4, Graduate, No,200000,800000,8,513,300000,300000,300000,100000, Rejected
1997,5, Not Graduate, No,5600000,19600000,6,576,17600000,11900000,16500000,3000000, Rejected
1998,4, Graduate, Yes,9900000,26800000,4,815,10900000,2100000,29200000,3000000, Approved
1999,5, Graduate, No,2900000,8800000,8,477,9400000,6200000,2100000,700000, Rejected
2000,2, Not Graduate, No,2900000,8800000,16,441,1900000,4300000,8500000,2400000, Rejected
2001,4, Not Graduate, Yes,8800000,9500000,12,445,19400000,4900000,10900000,5800000, Rejected
2002,1, Graduate, No,800000,2400000,6,725,1000000,2000000,1100000,100000, Approved
2003,2, Graduate, Yes,4000000,17700000,12,426,3200000,9400000,2400000,1200000, Rejected
2004,0, Graduate, Yes,4600000,17700000,18,353,2300000,9700000,12400000,700000, Rejected
2005,3, Graduate, No,8000000,33500000,2,399,18900000,18200000,24500000,1100000, Rejected
2006,2, Not Graduate, Yes,1400000,3600000,2,892,1400000,1300000,1800000,500000, Approved
2007,3, Not Graduate, Yes,4400000,13700000,20,824,9200000,2500000,14400000,5000000, Approved
2008,5, Graduate, Yes,1600000,1800000,16,873,5500000,700000,5100000,200000, Approved
2009,0, Graduate, No,7900000,20000000,12,466,9800000,17300000,15300000,4200000, Rejected
2010,2, Not Graduate, No,6300000,18300000,20,565,2000000,13000000,4700000,5600000, Rejected
2011,2, Not Graduate, No,5000000,10100000,12,594,3400000,12300000,7400000,5700000, Rejected
2012,4, Not Graduate, Yes,4000000,4500000,12,614,2400000,8500000,4300000,4200000, Approved
2013,3, Not Graduate, Yes,1700000,6400000,6,316,2900000,2700000,6600000,2500000, Rejected
2014,4, Not Graduate, Yes,9200000,25200000,18,659,24400000,3300000,30900000,4500000, Approved
2015,5, Not Graduate, Yes,6500000,17300000,16,323,7700000,2700000,5000000,700000, Rejected
2016,1, Graduate, Yes,3300000,6600000,6,465,2200000,3900000,7600000,500000, Rejected
2017,2, Not Graduate, Yes,4200000,13200000,16,475,9700000,8100000,6000000,1000000, Approved
2018,2, Graduate, No,7300000,20100000,16,705,8700000,3200000,4500000,10700000, Approved
2019,4, Graduate, No,7200000,20900000,2,838,15100000,16500000,11700000,6500000, Approved
2020,2, Not Graduate, No,4700000,15600000,4,719,15400000,8000000,4400000,5700000, Approved
2021,4, Not Graduate, Yes,3100000,3200000,12,561,3600000,2400000,4000000,4600000, Rejected
2022,1, Graduate, No,6600000,30600000,14,615,12500000,14600000,10800000,8500000, Approved
2023,5, Not Graduate, No,6600000,8500000,14,607,18900000,9900000,12700000,4400000, Approved
2024,2, Graduate, Yes,6000000,16800000,8,388,14900000,11000000,12800000,8000000, Rejected
2025,5, Not Graduate, Yes,900000,1600000,18,875,2400000,900000,2100000,600000, Approved
2026,2, Graduate, No,4800000,14900000,10,852,13200000,4700000,8600000,1200000, Approved
2027,0, Not Graduate, No,6200000,13100000,6,444,12300000,200000,13900000,5400000, Approved
2028,1, Graduate, No,9500000,39500000,4,369,18700000,12800000,18600000,13100000, Rejected
2029,2, Not Graduate, No,5300000,13700000,18,399,13600000,10100000,20500000,6400000, Rejected
2030,0, Graduate, No,3500000,12400000,16,678,8800000,8500000,2600000,2300000, Approved
2031,4, Not Graduate, Yes,5600000,11200000,10,317,13500000,12500000,14300000,7300000, Rejected
2032,2, Graduate, Yes,1900000,2000000,6,361,2800000,400000,2200000,1400000, Rejected
2033,4, Graduate, No,1000000,2600000,2,689,2900000,2500000,1800000,1100000, Approved
2034,5, Not Graduate, No,6800000,21400000,4,387,6700000,2500000,16400000,3900000, Rejected
2035,0, Graduate, Yes,9800000,27800000,4,341,7000000,1000000,31000000,3700000, Rejected
2036,1, Not Graduate, No,8400000,39500000,12,312,11200000,15700000,32900000,4500000, Rejected
2037,3, Graduate, No,5900000,22600000,4,724,6100000,13400000,13100000,7800000, Approved
2038,5, Not Graduate, Yes,500000,2500000,4,518,1200000,1200000,700000,700000, Rejected
2039,5, Graduate, No,9800000,21400000,6,470,9400000,20200000,32100000,4600000, Rejected
2040,1, Graduate, Yes,4600000,19100000,14,684,10900000,2400000,5900000,1500000, Approved
2041,1, Not Graduate, Yes,3000000,9700000,10,402,5700000,1200000,6800000,600000, Rejected
2042,1, Not Graduate, Yes,8900000,30700000,4,613,6300000,1300000,30800000,10300000, Approved
2043,2, Graduate, Yes,7500000,37100000,16,590,7900000,10900000,14300000,6300000, Approved
2044,3, Graduate, Yes,7500000,27100000,10,705,14400000,9100000,18400000,6600000, Approved
2045,2, Graduate, Yes,2900000,13300000,4,674,7600000,800000,2700000,500000, Rejected
2046,4, Not Graduate, No,9900000,38600000,14,705,15000000,11500000,6900000,2100000, Approved
2047,2, Not Graduate, No,4600000,6900000,20,428,4500000,6500000,18200000,6400000, Rejected
2048,3, Graduate, No,5400000,20500000,12,384,6300000,9800000,6100000,4900000, Rejected
2049,3, Not Graduate, Yes,7500000,22000000,4,620,3900000,7800000,12600000,3100000, Rejected
2050,1, Not Graduate, No,6600000,30900000,8,334,1900000,5300000,15000000,2600000, Rejected
2051,0, Not Graduate, Yes,1800000,7600000,12,573,6100000,3000000,3300000,800000, Rejected
2052,1, Graduate, No,3100000,4400000,20,675,1600000,5300000,2600000,600000, Approved
2053,4, Graduate, Yes,3700000,5700000,20,793,2300000,2500000,4400000,600000, Approved
2054,4, Not Graduate, No,9400000,12000000,20,692,28900000,500000,20900000,10400000, Approved
2055,0, Graduate, Yes,7200000,21400000,18,897,17200000,17000000,14700000,3400000, Approved
2056,2, Graduate, Yes,3700000,4900000,12,634,6100000,7000000,12200000,2400000, Approved
2057,4, Graduate, No,7400000,28800000,14,568,17300000,3700000,11800000,6300000, Approved
2058,4, Graduate, No,7400000,23700000,16,447,24300000,10500000,28100000,4100000, Rejected
2059,0, Graduate, No,4000000,17400000,16,704,2100000,5900000,6000000,3100000, Approved
2060,4, Graduate, Yes,4100000,8700000,14,787,4100000,1300000,6800000,5400000, Approved
2061,4, Graduate, No,8900000,27400000,4,492,27000000,4300000,34000000,3900000, Rejected
2062,0, Graduate, No,5700000,8400000,18,345,15800000,13600000,19600000,6900000, Rejected
2063,2, Not Graduate, Yes,1600000,7300000,2,306,5600000,2000000,2600000,800000, Rejected
2064,0, Not Graduate, Yes,7200000,12200000,10,680,8900000,3400000,13600000,2600000, Approved
2065,3, Graduate, No,5900000,8300000,10,698,19600000,11800000,20300000,1200000, Approved
2066,5, Not Graduate, Yes,5100000,9300000,20,372,6800000,6000000,4100000,5400000, Rejected
2067,1, Graduate, No,7300000,30800000,2,313,18700000,11700000,11200000,4900000, Rejected
2068,2, Not Graduate, No,9000000,12800000,10,693,28000000,6700000,21200000,10600000, Approved
2069,3, Not Graduate, No,3400000,11800000,8,539,2600000,500000,11600000,1000000, Rejected
2070,0, Graduate, No,4300000,17100000,2,551,3800000,1800000,10600000,4100000, Approved
2071,1, Graduate, Yes,2000000,8000000,6,457,4200000,4900000,4400000,200000, Rejected
2072,1, Not Graduate, Yes,6500000,11400000,10,731,19400000,10100000,25100000,2800000, Approved
2073,0, Graduate, Yes,4100000,5100000,20,747,1900000,8500000,3700000,3900000, Approved
2074,4, Not Graduate, Yes,3500000,9800000,8,331,10500000,200000,11300000,600000, Rejected
2075,4, Graduate, Yes,7000000,12700000,18,353,9300000,13400000,6600000,4400000, Rejected
2076,0, Not Graduate, No,4100000,15600000,16,633,6300000,5000000,12600000,3600000, Approved
2077,0, Graduate, Yes,4700000,11400000,18,662,6200000,7800000,11300000,5300000, Approved
2078,0, Graduate, No,4500000,12600000,18,387,14400000,4000000,6400000,4900000, Rejected
2079,5, Not Graduate, Yes,2700000,3900000,16,395,1700000,4200000,6500000,800000, Rejected
2080,3, Not Graduate, Yes,1400000,4600000,16,710,2900000,100000,5000000,300000, Approved
2081,3, Graduate, No,8300000,14500000,4,573,5700000,900000,17900000,5200000, Rejected
2082,0, Graduate, Yes,1000000,3700000,16,372,3300000,2000000,500000,400000, Rejected
2083,0, Graduate, Yes,3300000,4200000,2,666,9300000,1000000,2300000,1700000, Approved
2084,5, Not Graduate, Yes,6700000,32900000,16,344,6500000,200000,18200000,3900000, Rejected
2085,5, Not Graduate, Yes,1400000,5200000,14,438,1700000,3200000,4000000,900000, Rejected
2086,3, Not Graduate, No,6600000,11400000,16,728,9600000,4400000,12600000,5500000, Approved
2087,0, Not Graduate, Yes,7300000,7700000,14,433,11200000,10600000,9900000,800000, Rejected
2088,0, Graduate, Yes,6600000,15400000,8,338,19100000,13800000,19800000,3400000, Rejected
2089,5, Graduate, No,3100000,5000000,8,876,6400000,5800000,4900000,1500000, Approved
2090,3, Not Graduate, Yes,300000,600000,12,434,500000,0,200000,100000, Rejected
2091,1, Not Graduate, Yes,8800000,39500000,10,609,22700000,12300000,17000000,10600000, Approved
2092,0, Graduate, No,3400000,11600000,8,795,5800000,4600000,8100000,1500000, Approved
2093,3, Graduate, Yes,8000000,13600000,10,894,5000000,7000000,31000000,2500000, Approved
2094,5, Graduate, Yes,2100000,6800000,12,786,1200000,4000000,5400000,2700000, Approved
2095,5, Graduate, No,1700000,3400000,6,504,2200000,4100000,2100000,1100000, Rejected
2096,4, Not Graduate, No,7800000,38300000,14,813,17100000,2900000,26600000,2800000, Approved
2097,0, Not Graduate, No,9400000,10600000,8,307,6100000,3400000,14300000,10800000, Rejected
2098,4, Not Graduate, No,8600000,33800000,6,495,17300000,15800000,33200000,8800000, Rejected
2099,4, Graduate, Yes,7500000,30700000,10,419,8200000,8500000,12300000,10700000, Rejected
2100,5, Graduate, Yes,2600000,3300000,4,617,6500000,5200000,9600000,3500000, Approved
2101,0, Graduate, No,9100000,15400000,14,835,2700000,3200000,32500000,9800000, Approved
2102,5, Not Graduate, Yes,6700000,17000000,16,764,11700000,700000,23600000,2200000, Approved
2103,4, Not Graduate, Yes,1800000,8100000,20,899,700000,3100000,1100000,1400000, Approved
2104,4, Graduate, Yes,1400000,4400000,6,382,1800000,3500000,4900000,400000, Rejected
2105,0, Graduate, Yes,8700000,31500000,12,752,2200000,2100000,26300000,7600000, Approved
2106,5, Not Graduate, Yes,2800000,11600000,12,735,4900000,6100000,4700000,3900000, Rejected
2107,0, Graduate, No,7700000,33200000,16,574,21000000,7400000,17100000,800000, Approved
2108,1, Graduate, No,1500000,4400000,14,358,800000,100000,4100000,2000000, Rejected
2109,0, Graduate, No,2900000,8800000,18,362,7600000,3700000,11000000,2500000, Rejected
2110,1, Graduate, No,2900000,11200000,18,848,6200000,2000000,9400000,900000, Approved
2111,3, Not Graduate, Yes,2900000,6000000,4,477,5400000,5000000,5800000,3800000, Rejected
2112,5, Not Graduate, Yes,6800000,30000000,8,683,14800000,4900000,18800000,5800000, Approved
2113,5, Graduate, Yes,9100000,9900000,14,868,11900000,11000000,10500000,6600000, Approved
2114,0, Not Graduate, No,9100000,16200000,12,596,23200000,4600000,18100000,7300000, Approved
2115,5, Not Graduate, Yes,7400000,31100000,10,426,20500000,15300000,24200000,2300000, Rejected
2116,0, Not Graduate, Yes,2100000,5000000,4,591,5800000,4900000,5500000,500000, Approved
2117,4, Graduate, Yes,9600000,15400000,12,437,10500000,9700000,31100000,9900000, Rejected
2118,1, Graduate, No,5500000,9600000,16,408,13000000,6200000,12600000,7300000, Rejected
2119,4, Not Graduate, Yes,5500000,17200000,2,787,3800000,13500000,10100000,5900000, Approved
2120,2, Not Graduate, No,7000000,30700000,12,507,12800000,2500000,21700000,8900000, Rejected
2121,5, Graduate, Yes,7700000,9900000,20,711,1600000,15600000,6400000,9900000, Approved
2122,3, Graduate, No,9500000,10700000,12,737,8000000,13500000,37300000,1400000, Approved
2123,3, Graduate, Yes,5900000,16900000,20,630,13500000,13000000,22500000,7000000, Approved
2124,2, Not Graduate, No,6100000,29400000,8,625,18800000,4500000,21800000,7200000, Rejected
2125,1, Graduate, Yes,7500000,15900000,2,408,2700000,5600000,27000000,4400000, Rejected
2126,3, Graduate, No,2700000,13100000,14,618,5500000,2200000,6200000,1800000, Approved
2127,3, Graduate, No,3200000,14600000,6,751,7400000,100000,7200000,3700000, Approved
2128,0, Not Graduate, Yes,6300000,13400000,2,417,20600000,2700000,21200000,9300000, Rejected
2129,0, Graduate, No,800000,3400000,4,439,1900000,2000000,1200000,1200000, Rejected
2130,2, Not Graduate, No,3300000,12400000,20,714,1800000,2100000,11500000,2500000, Approved
2131,4, Graduate, Yes,7200000,21900000,16,890,4900000,400000,8700000,8700000, Approved
2132,2, Graduate, Yes,9700000,26100000,6,535,22300000,6800000,34700000,7300000, Approved
2133,2, Not Graduate, No,5200000,22200000,12,797,4700000,5300000,12400000,6800000, Approved
2134,5, Not Graduate, Yes,4100000,17100000,8,409,13400000,5600000,14200000,4100000, Rejected
2135,1, Not Graduate, Yes,4500000,18100000,4,642,14600000,800000,10000000,6400000, Approved
2136,2, Graduate, Yes,6900000,34500000,20,867,23000000,13600000,18100000,10300000, Approved
2137,5, Graduate, No,5500000,16000000,18,565,6400000,11400000,20600000,3100000, Approved
2138,3, Not Graduate, Yes,400000,1700000,8,604,1000000,200000,800000,600000, Rejected
2139,0, Not Graduate, Yes,5400000,24000000,8,393,12900000,10800000,6900000,5800000, Rejected
2140,1, Not Graduate, Yes,4100000,7600000,18,617,1300000,3700000,3400000,1800000, Approved
2141,5, Not Graduate, Yes,7000000,8200000,10,651,7500000,7400000,18000000,700000, Approved
2142,4, Graduate, Yes,8700000,22800000,8,889,7700000,20400000,23000000,9200000, Approved
2143,5, Not Graduate, No,9600000,39500000,8,420,13700000,21400000,25700000,3900000, Rejected
2144,2, Not Graduate, No,6100000,13200000,10,520,20400000,5700000,3800000,2600000, Rejected
2145,3, Graduate, Yes,3700000,14100000,12,688,11100000,4500000,2200000,3200000, Approved
2146,0, Graduate, No,4500000,4600000,2,866,5300000,3200000,16400000,600000, Approved
2147,4, Graduate, No,1900000,4600000,10,442,3700000,2400000,5600000,1300000, Rejected
2148,3, Graduate, Yes,9300000,32200000,10,717,7800000,15900000,8300000,11300000, Approved
2149,0, Not Graduate, Yes,8500000,12900000,6,828,9500000,2000000,6500000,1200000, Approved
2150,5, Graduate, Yes,8500000,39000000,8,680,3500000,19500000,9100000,8300000, Approved
2151,2, Not Graduate, Yes,3400000,5500000,10,556,7900000,6100000,11300000,1100000, Rejected
2152,5, Graduate, Yes,3300000,15300000,8,440,7800000,800000,10000000,4300000, Rejected
2153,5, Not Graduate, No,8500000,15900000,20,473,25200000,18500000,23200000,5500000, Approved
2154,2, Not Graduate, Yes,5500000,27400000,12,331,16900000,10200000,15100000,6800000, Rejected
2155,0, Not Graduate, Yes,7100000,24300000,12,391,5200000,5600000,24900000,7900000, Rejected
2156,0, Graduate, No,5000000,6700000,6,563,13300000,6500000,8300000,6600000, Rejected
2157,1, Not Graduate, No,4500000,5700000,20,384,2900000,9700000,7300000,3700000, Rejected
2158,1, Not Graduate, No,6300000,8200000,2,306,9000000,15200000,12500000,4900000, Rejected
2159,2, Not Graduate, Yes,8100000,27200000,12,716,15400000,5700000,32100000,1200000, Approved
2160,5, Graduate, Yes,3400000,14400000,4,342,1200000,5500000,8300000,2900000, Rejected
2161,4, Graduate, Yes,8100000,21200000,16,384,5800000,17400000,19600000,6700000, Rejected
2162,1, Graduate, Yes,2500000,6900000,8,657,2700000,6200000,8300000,2400000, Approved
2163,4, Graduate, Yes,4100000,13800000,6,854,2500000,700000,4600000,1200000, Approved
2164,0, Not Graduate, Yes,9100000,28500000,2,735,29900000,11500000,17500000,7800000, Approved
2165,0, Not Graduate, No,9500000,35600000,16,319,10900000,20700000,26100000,7000000, Rejected
2166,3, Graduate, Yes,9200000,26600000,8,400,17100000,100000,36400000,8600000, Rejected
2167,1, Not Graduate, Yes,3200000,12300000,6,744,11200000,3500000,3300000,3300000, Approved
2168,2, Graduate, No,8400000,39500000,18,740,17400000,12300000,17500000,5100000, Approved
2169,4, Graduate, Yes,9300000,22300000,2,535,14500000,12200000,34100000,7500000, Approved
2170,2, Not Graduate, No,9700000,10200000,10,870,31700000,17800000,29500000,6300000, Approved
2171,1, Graduate, No,400000,600000,4,833,400000,100000,1100000,500000, Approved
2172,5, Graduate, No,7500000,24100000,4,746,5900000,14700000,10500000,9100000, Approved
2173,1, Not Graduate, Yes,9900000,23500000,2,749,19500000,7000000,11400000,5100000, Approved
2174,3, Graduate, No,7600000,36200000,4,771,12200000,15700000,13800000,3500000, Approved
2175,0, Graduate, No,2400000,8400000,20,389,6800000,2500000,3300000,2500000, Rejected
2176,0, Graduate, Yes,7600000,23400000,10,721,2600000,800000,25300000,9000000, Approved
2177,4, Not Graduate, Yes,1200000,5000000,20,864,2700000,2900000,3600000,100000, Approved
2178,5, Graduate, Yes,4900000,10000000,6,435,12500000,9600000,16800000,3400000, Rejected
2179,0, Graduate, No,6300000,27000000,16,308,21500000,5500000,6900000,3300000, Rejected
2180,5, Graduate, Yes,4600000,4700000,2,516,3100000,3100000,7300000,5400000, Rejected
2181,1, Graduate, No,7000000,24400000,4,462,7100000,10300000,22300000,2100000, Rejected
2182,5, Not Graduate, Yes,2500000,11800000,2,870,8200000,6200000,2700000,3000000, Approved
2183,3, Not Graduate, Yes,6100000,25300000,18,567,13900000,4400000,6200000,6300000, Rejected
2184,4, Not Graduate, No,6500000,28700000,14,697,2100000,15400000,12000000,8300000, Approved
2185,0, Not Graduate, Yes,6400000,16600000,16,890,2900000,5300000,7400000,9500000, Approved
2186,0, Not Graduate, Yes,3000000,12900000,20,774,8400000,5300000,2300000,2300000, Approved
2187,5, Not Graduate, No,3100000,9900000,8,750,6400000,3000000,4900000,3300000, Approved
2188,0, Graduate, No,2700000,9400000,16,882,5600000,600000,9600000,3000000, Approved
2189,5, Graduate, Yes,4700000,5800000,12,713,14600000,11000000,3300000,6000000, Approved
2190,0, Graduate, No,5900000,10700000,12,439,5900000,2400000,14600000,4900000, Rejected
2191,3, Graduate, No,3700000,11900000,14,736,2700000,8700000,9100000,900000, Approved
2192,2, Not Graduate, No,4200000,5200000,10,493,9300000,1100000,9900000,6200000, Rejected
2193,2, Graduate, No,3000000,11900000,2,498,9300000,2000000,6800000,500000, Rejected
2194,4, Graduate, No,2300000,10000000,2,687,2500000,5300000,1300000,3300000, Approved
2195,0, Not Graduate, Yes,6600000,30900000,12,489,16200000,10900000,4400000,3000000, Approved
2196,2, Graduate, No,8100000,11400000,12,314,5700000,3800000,18500000,6400000, Rejected
2197,3, Graduate, Yes,3000000,14300000,16,900,2300000,4400000,11700000,4300000, Approved
2198,2, Graduate, Yes,8600000,10900000,12,643,27300000,3900000,16600000,9000000, Approved
2199,1, Not Graduate, Yes,5700000,16500000,4,702,3400000,12500000,12300000,5200000, Approved
2200,0, Graduate, Yes,1800000,7800000,8,786,500000,200000,7100000,1000000, Approved
2201,3, Not Graduate, Yes,3700000,4700000,10,681,10200000,4900000,11900000,1900000, Approved
2202,0, Not Graduate, No,200000,300000,20,666,300000,0,600000,0, Approved
2203,0, Graduate, Yes,500000,500000,12,775,800000,900000,1100000,500000, Approved
2204,1, Not Graduate, Yes,3400000,10400000,14,477,9700000,8000000,12400000,2400000, Rejected
2205,4, Graduate, Yes,4600000,19500000,16,797,3700000,9600000,11700000,1900000, Approved
2206,0, Not Graduate, No,8000000,12100000,8,735,18800000,7400000,22400000,5100000, Approved
2207,1, Not Graduate, Yes,1500000,2200000,20,409,1900000,900000,4900000,2100000, Rejected
2208,0, Graduate, Yes,8400000,27500000,14,387,4600000,2500000,16200000,10800000, Rejected
2209,3, Graduate, No,2400000,4600000,18,828,5900000,5200000,9200000,1700000, Approved
2210,1, Graduate, Yes,1500000,5900000,16,837,1900000,300000,5900000,2200000, Approved
2211,0, Not Graduate, No,7000000,33600000,14,897,21400000,11000000,17900000,5200000, Approved
2212,1, Graduate, No,7700000,31300000,2,360,24900000,7100000,9800000,4500000, Rejected
2213,1, Graduate, Yes,6100000,27500000,12,838,18300000,15200000,19600000,3900000, Approved
2214,0, Graduate, Yes,1300000,4000000,4,818,1600000,1700000,2100000,1700000, Approved
2215,2, Graduate, Yes,1300000,5600000,14,761,1300000,1800000,3300000,600000, Approved
2216,3, Graduate, No,4000000,6900000,16,599,12600000,9200000,3200000,1600000, Approved
2217,2, Graduate, Yes,4600000,5900000,12,605,7800000,11200000,15300000,6600000, Rejected
2218,2, Not Graduate, No,9900000,35900000,8,557,25100000,14400000,38200000,11200000, Rejected
2219,5, Graduate, No,3000000,3600000,2,317,8800000,6000000,2500000,3500000, Rejected
2220,1, Not Graduate, No,2000000,9100000,14,600,2200000,3200000,6100000,2300000, Rejected
2221,2, Not Graduate, No,9400000,35400000,14,442,5600000,10000000,33000000,9900000, Rejected
2222,3, Not Graduate, No,1700000,8200000,10,420,3800000,200000,1500000,400000, Rejected
2223,0, Not Graduate, Yes,400000,900000,16,333,900000,700000,500000,500000, Rejected
2224,5, Graduate, No,4300000,12700000,16,575,4700000,7500000,8000000,1900000, Approved
2225,3, Graduate, Yes,4100000,16300000,12,328,8700000,1200000,14100000,1200000, Rejected
2226,4, Graduate, No,6200000,12200000,2,810,17400000,3600000,13800000,9200000, Approved
2227,1, Not Graduate, No,8800000,27900000,18,834,11900000,16100000,8600000,1200000, Approved
2228,4, Graduate, No,9300000,33800000,10,781,9300000,3500000,13000000,1300000, Approved
2229,5, Graduate, No,3000000,14700000,14,480,7800000,5200000,6400000,1600000, Rejected
2230,3, Graduate, No,9800000,39000000,20,397,27400000,17600000,6200000,12600000, Rejected
2231,1, Not Graduate, No,6400000,9400000,8,603,21400000,5700000,17300000,9400000, Approved
2232,4, Not Graduate, Yes,800000,2300000,14,704,500000,500000,500000,200000, Approved
2233,5, Not Graduate, No,9300000,31200000,2,312,29200000,8700000,30100000,6100000, Rejected
2234,4, Not Graduate, Yes,1500000,2400000,18,814,4100000,1300000,4600000,1700000, Approved
2235,3, Not Graduate, No,5900000,16100000,2,563,14800000,9000000,20800000,5900000, Approved
2236,2, Graduate, Yes,7900000,16900000,12,792,9700000,14700000,8300000,3400000, Approved
2237,1, Not Graduate, Yes,2600000,3800000,8,346,700000,5600000,6800000,1500000, Rejected
2238,4, Graduate, Yes,2800000,8500000,2,555,5200000,200000,9100000,2600000, Approved
2239,2, Graduate, No,4800000,8000000,10,575,5500000,8700000,11100000,700000, Approved
2240,1, Graduate, Yes,8800000,29600000,20,328,10200000,6900000,8400000,10200000, Rejected
2241,2, Graduate, Yes,2300000,3900000,4,725,7500000,4800000,1900000,1100000, Approved
2242,0, Not Graduate, Yes,6700000,26100000,6,859,4700000,1300000,17600000,8400000, Approved
2243,3, Graduate, No,4600000,8200000,4,624,15100000,6300000,10300000,4900000, Approved
2244,3, Not Graduate, Yes,1200000,5500000,4,537,2200000,1600000,4500000,1200000, Rejected
2245,2, Not Graduate, Yes,7100000,7800000,6,682,21100000,5800000,24300000,8300000, Approved
2246,4, Graduate, Yes,8300000,25600000,12,516,9400000,20100000,25200000,1700000, Approved
2247,3, Graduate, Yes,5800000,13200000,16,516,13300000,1600000,22800000,2700000, Approved
2248,2, Not Graduate, Yes,1900000,3600000,14,756,3900000,600000,5600000,1600000, Approved
2249,4, Not Graduate, Yes,1700000,4900000,16,655,5500000,2700000,1400000,2000000, Approved
2250,0, Graduate, Yes,4300000,18800000,16,458,3400000,5500000,3300000,5500000, Rejected
2251,3, Graduate, No,5100000,23800000,8,544,4500000,3400000,17100000,3200000, Approved
2252,0, Graduate, Yes,5600000,12400000,20,801,18700000,4300000,9900000,6800000, Approved
2253,3, Graduate, Yes,2500000,4000000,4,617,1300000,1000000,9300000,1000000, Approved
2254,0, Graduate, No,5100000,19800000,14,345,11700000,11100000,4700000,1100000, Approved
2255,5, Not Graduate, No,3000000,10000000,4,815,1200000,4300000,3600000,1300000, Approved
2256,0, Not Graduate, Yes,6900000,12400000,16,745,3100000,4200000,22100000,9400000, Approved
2257,2, Not Graduate, Yes,8000000,32300000,2,460,17400000,7900000,27700000,6900000, Rejected
2258,3, Graduate, No,6500000,20000000,6,880,13100000,14700000,23000000,5000000, Approved
2259,2, Graduate, Yes,200000,700000,8,872,400000,400000,200000,200000, Approved
2260,1, Not Graduate, No,9900000,24100000,14,898,17500000,1700000,18200000,1100000, Approved
2261,1, Not Graduate, Yes,400000,1100000,2,527,1100000,700000,1100000,100000, Approved
2262,5, Graduate, No,9900000,17000000,6,855,34400000,3800000,36800000,2400000, Approved
2263,0, Not Graduate, No,500000,2000000,8,784,600000,300000,700000,100000, Approved
2264,4, Not Graduate, Yes,5200000,8500000,16,823,6600000,11200000,13500000,3800000, Approved
2265,1, Graduate, Yes,1200000,4900000,20,628,1500000,2700000,1200000,600000, Approved
2266,0, Graduate, No,1100000,4600000,14,467,3000000,200000,3400000,1300000, Rejected
2267,2, Not Graduate, Yes,6800000,27100000,12,436,9200000,14900000,6400000,8700000, Rejected
2268,0, Not Graduate, No,7300000,7900000,8,880,17800000,13300000,29200000,10200000, Approved
2269,4, Graduate, Yes,1300000,2700000,18,601,2200000,2500000,1100000,500000, Approved
2270,4, Not Graduate, No,9700000,27900000,4,857,21400000,19200000,28100000,7800000, Approved
2271,1, Not Graduate, No,3300000,11200000,4,633,9700000,4200000,10600000,600000, Approved
2272,4, Graduate, Yes,3300000,15400000,6,621,6300000,7800000,4600000,1400000, Rejected
2273,4, Graduate, No,3100000,7800000,6,344,5500000,1600000,4300000,3000000, Rejected
2274,4, Graduate, No,4700000,21200000,10,541,5100000,5900000,12200000,3200000, Rejected
2275,0, Not Graduate, Yes,1900000,3100000,20,634,3600000,1500000,5100000,2000000, Approved
2276,0, Graduate, Yes,4300000,10700000,14,365,4600000,8800000,13000000,5500000, Rejected
2277,0, Graduate, No,2200000,2700000,8,397,6600000,500000,5600000,400000, Rejected
2278,4, Graduate, Yes,700000,2800000,6,654,1000000,800000,800000,1000000, Approved
2279,1, Graduate, Yes,3800000,6100000,14,449,2400000,7300000,14200000,600000, Rejected
2280,3, Graduate, Yes,6700000,13600000,6,721,6600000,5200000,7300000,9900000, Approved
2281,2, Not Graduate, No,7600000,31200000,20,576,14900000,4600000,18800000,7500000, Rejected
2282,5, Graduate, Yes,3600000,11300000,10,542,11600000,2400000,13400000,600000, Rejected
2283,1, Graduate, Yes,3300000,3500000,12,370,3900000,5900000,12200000,2100000, Rejected
2284,4, Graduate, No,7900000,8000000,20,544,8500000,5700000,8600000,3600000, Approved
2285,0, Not Graduate, Yes,6800000,20700000,8,625,10500000,6800000,9100000,8300000, Approved
2286,5, Not Graduate, Yes,8300000,18400000,10,644,28200000,11300000,21600000,3400000, Approved
2287,3, Not Graduate, No,9000000,15500000,12,462,26900000,21200000,15100000,11300000, Rejected
2288,1, Graduate, Yes,8200000,28300000,6,316,5700000,16300000,25100000,4400000, Rejected
2289,2, Graduate, No,9300000,17800000,2,861,20700000,4300000,21700000,13800000, Approved
2290,4, Graduate, No,4200000,14100000,6,875,11800000,9300000,6000000,2000000, Approved
2291,2, Graduate, No,4000000,10100000,4,843,10900000,8400000,7800000,4200000, Approved
2292,0, Not Graduate, No,3300000,5800000,14,474,6000000,6100000,9600000,4000000, Rejected
2293,1, Not Graduate, Yes,2500000,3900000,2,662,6500000,3200000,8100000,1000000, Approved
2294,5, Graduate, Yes,7500000,14600000,8,384,15900000,1300000,13500000,1500000, Rejected
2295,2, Graduate, No,7200000,8100000,18,844,6200000,12800000,6200000,6300000, Approved
2296,2, Graduate, Yes,8000000,17900000,12,303,3100000,10400000,13900000,8400000, Rejected
2297,1, Graduate, No,1800000,8300000,14,582,2600000,1400000,4900000,2200000, Approved
2298,0, Graduate, Yes,5000000,21600000,14,814,2000000,100000,15800000,2400000, Approved
2299,1, Graduate, Yes,2300000,5700000,6,736,3500000,1300000,8200000,3000000, Approved
2300,5, Not Graduate, Yes,8900000,29400000,14,818,26100000,13500000,34400000,12300000, Approved
2301,3, Graduate, No,2800000,9200000,6,598,8400000,800000,6600000,3300000, Approved
2302,2, Not Graduate, Yes,1600000,6900000,14,357,500000,2600000,5700000,200000, Rejected
2303,3, Not Graduate, No,5700000,11100000,14,304,2400000,11700000,8100000,1300000, Rejected
2304,4, Graduate, Yes,8800000,19200000,18,391,21200000,7000000,21600000,13200000, Rejected
2305,5, Not Graduate, Yes,9100000,20100000,20,334,16800000,1900000,21700000,10300000, Rejected
2306,1, Graduate, No,1100000,1300000,2,569,800000,400000,3500000,1100000, Approved
2307,4, Not Graduate, No,3300000,7500000,6,330,9400000,3000000,10600000,4500000, Rejected
2308,4, Not Graduate, No,1700000,7700000,12,411,1600000,3500000,2500000,300000, Rejected
2309,0, Not Graduate, No,3200000,14900000,8,552,1500000,5100000,11500000,3700000, Rejected
2310,5, Not Graduate, No,5400000,7800000,14,742,14400000,11700000,19500000,5500000, Approved
2311,1, Graduate, Yes,2900000,8200000,18,705,6400000,7200000,11100000,3700000, Approved
2312,4, Graduate, No,800000,2000000,6,334,1200000,400000,1700000,1000000, Rejected
2313,5, Not Graduate, Yes,5100000,15100000,18,842,12700000,8900000,20200000,4000000, Approved
2314,3, Not Graduate, No,700000,2300000,18,630,2200000,800000,2300000,100000, Approved
2315,1, Not Graduate, Yes,2400000,2600000,20,509,800000,3000000,6700000,3300000, Rejected
2316,5, Graduate, No,200000,900000,2,530,500000,200000,400000,200000, Rejected
2317,2, Graduate, Yes,1000000,4900000,6,809,900000,900000,3400000,600000, Approved
2318,4, Not Graduate, Yes,4400000,15900000,4,579,7800000,7400000,14000000,6500000, Rejected
2319,4, Not Graduate, No,8500000,31000000,4,447,13600000,13200000,21700000,4600000, Rejected
2320,1, Graduate, No,7700000,24000000,2,555,11400000,6100000,30700000,4800000, Approved
2321,3, Graduate, No,1100000,2600000,10,341,900000,300000,1500000,1600000, Rejected
2322,1, Graduate, Yes,500000,800000,2,392,1400000,700000,1400000,500000, Rejected
2323,0, Graduate, Yes,3500000,11700000,6,489,5100000,6500000,5700000,4700000, Rejected
2324,4, Graduate, Yes,6500000,7700000,20,432,20300000,9100000,13700000,8700000, Approved
2325,1, Graduate, Yes,7500000,32200000,18,509,10300000,100000,12600000,6400000, Rejected
2326,3, Not Graduate, No,8200000,22000000,20,338,24400000,5800000,13700000,3900000, Rejected
2327,0, Graduate, No,3500000,9300000,2,666,7000000,6800000,6400000,4500000, Approved
2328,3, Not Graduate, No,1800000,4200000,14,369,2700000,3300000,1300000,1400000, Rejected
2329,1, Graduate, No,400000,2000000,14,430,1000000,0,300000,400000, Rejected
2330,1, Not Graduate, No,1600000,2700000,4,887,4500000,1900000,4900000,1400000, Approved
2331,0, Graduate, No,800000,1300000,20,303,1400000,900000,1300000,100000, Rejected
2332,5, Not Graduate, Yes,8600000,14300000,10,468,13800000,14000000,4900000,1400000, Approved
2333,3, Graduate, No,2800000,10200000,20,600,5900000,900000,2200000,2700000, Rejected
2334,3, Not Graduate, Yes,8200000,39500000,4,484,17500000,12700000,9700000,9900000, Rejected
2335,2, Graduate, Yes,5600000,10900000,14,492,9000000,13300000,3700000,4100000, Approved
2336,5, Graduate, No,5400000,25000000,4,376,14600000,5000000,20600000,2000000, Rejected
2337,0, Graduate, No,4600000,9700000,20,554,7000000,3900000,11500000,3100000, Rejected
2338,2, Not Graduate, Yes,8200000,29500000,14,753,13900000,600000,15400000,9600000, Approved
2339,0, Graduate, Yes,600000,700000,2,653,1300000,100000,1400000,200000, Approved
2340,4, Graduate, Yes,1100000,3300000,6,855,3800000,2600000,1000000,1000000, Approved
2341,5, Not Graduate, No,4300000,15600000,8,720,4600000,10500000,12700000,4700000, Approved
2342,4, Graduate, No,4000000,12600000,2,774,3900000,100000,15600000,2700000, Approved
2343,0, Not Graduate, Yes,5500000,10700000,2,559,4300000,12400000,5300000,5200000, Approved
2344,4, Graduate, Yes,7400000,31900000,20,668,18300000,3200000,7700000,9900000, Approved
2345,1, Graduate, No,5900000,28800000,20,647,9900000,8300000,15900000,2300000, Approved
2346,2, Not Graduate, No,2700000,7700000,12,788,4000000,4600000,2800000,800000, Approved
2347,3, Graduate, Yes,3400000,12000000,20,601,3000000,3100000,3200000,600000, Approved
2348,2, Not Graduate, No,7500000,31200000,14,542,23600000,9900000,21400000,8400000, Rejected
2349,1, Graduate, No,2100000,4100000,2,342,3500000,3300000,5600000,2900000, Rejected
2350,3, Not Graduate, Yes,5100000,22700000,16,816,11200000,2500000,6400000,5400000, Approved
2351,1, Graduate, Yes,5400000,11500000,2,561,3100000,13400000,18300000,7900000, Approved
2352,4, Not Graduate, No,7500000,30800000,18,779,4200000,3800000,6500000,8200000, Approved
2353,0, Graduate, No,7200000,10400000,8,707,3000000,200000,12000000,3600000, Approved
2354,4, Not Graduate, Yes,4700000,10100000,4,301,6600000,11100000,14500000,2200000, Rejected
2355,5, Graduate, No,3200000,10000000,6,691,5600000,3400000,8500000,3300000, Approved
2356,4, Not Graduate, Yes,3800000,11800000,14,593,3800000,3800000,9900000,4000000, Approved
2357,3, Graduate, No,4200000,18500000,18,444,5700000,2900000,12200000,3500000, Rejected
2358,2, Graduate, No,2300000,11500000,12,459,500000,100000,6400000,1900000, Rejected
2359,3, Not Graduate, No,6300000,9000000,4,683,8600000,4200000,22400000,4300000, Approved
2360,3, Not Graduate, Yes,2200000,4600000,20,351,1300000,2200000,5500000,1300000, Rejected
2361,5, Graduate, Yes,6500000,15800000,16,664,4100000,8500000,12400000,6400000, Approved
2362,0, Graduate, No,7500000,21900000,10,808,1600000,8600000,23900000,8600000, Approved
2363,3, Graduate, Yes,9600000,28600000,12,352,24000000,21100000,13500000,11900000, Rejected
2364,3, Not Graduate, No,1300000,5800000,20,304,4300000,3000000,4100000,700000, Rejected
2365,1, Graduate, Yes,7600000,31000000,8,336,17100000,6000000,11200000,9900000, Rejected
2366,2, Not Graduate, No,1000000,1100000,2,738,500000,2400000,2200000,500000, Approved
2367,2, Not Graduate, No,3500000,9900000,4,809,12100000,7600000,10800000,1800000, Approved
2368,0, Not Graduate, Yes,1900000,6600000,14,893,6500000,4400000,5100000,2300000, Approved
2369,2, Not Graduate, Yes,1700000,4800000,20,317,3000000,3000000,1400000,2500000, Rejected
2370,1, Graduate, Yes,1900000,2900000,16,589,1100000,900000,3900000,2700000, Approved
2371,2, Not Graduate, No,600000,1600000,14,328,1500000,300000,2000000,200000, Rejected
2372,1, Graduate, No,8200000,21700000,8,523,27700000,18600000,32700000,4100000, Rejected
2373,4, Not Graduate, No,700000,1200000,10,485,1900000,900000,1500000,800000, Rejected
2374,5, Graduate, No,4100000,16500000,2,664,9300000,9100000,3300000,5000000, Approved
2375,0, Not Graduate, No,7000000,16000000,8,846,15500000,12600000,12500000,5600000, Approved
2376,1, Graduate, Yes,9900000,33200000,14,783,33900000,5300000,21900000,1200000, Approved
2377,0, Graduate, No,8500000,26000000,20,338,3800000,8200000,6400000,6800000, Rejected
2378,2, Graduate, Yes,1500000,6800000,20,444,1000000,3600000,5300000,200000, Rejected
2379,2, Not Graduate, Yes,9800000,14600000,18,465,28800000,500000,23400000,4800000, Rejected
2380,2, Not Graduate, No,6600000,9600000,2,450,4500000,11800000,12900000,6700000, Rejected
2381,0, Graduate, No,1900000,4200000,18,512,2800000,4600000,3600000,500000, Rejected
2382,5, Graduate, No,4500000,12300000,6,664,5100000,1200000,2700000,4900000, Approved
2383,5, Not Graduate, No,9100000,20000000,14,744,9100000,6200000,21100000,8800000, Approved
2384,5, Not Graduate, No,4000000,16200000,20,864,1100000,5500000,8700000,2800000, Approved
2385,2, Graduate, No,1900000,3800000,18,722,3900000,4000000,3300000,1200000, Approved
2386,4, Graduate, No,8700000,11700000,14,479,13300000,11000000,24400000,12000000, Approved
2387,0, Graduate, No,9500000,25200000,6,410,19200000,1400000,18400000,8300000, Rejected
2388,3, Graduate, Yes,9700000,39500000,12,526,11700000,3100000,24300000,13000000, Rejected
2389,3, Graduate, No,9500000,39500000,16,780,31400000,8900000,34200000,6400000, Approved
2390,4, Not Graduate, Yes,8700000,34200000,12,896,18700000,7000000,15400000,8100000, Approved
2391,4, Graduate, No,4600000,14900000,10,535,15500000,2500000,8700000,6600000, Rejected
2392,0, Graduate, Yes,2000000,7800000,10,405,2700000,4200000,7100000,500000, Rejected
2393,2, Not Graduate, Yes,6200000,23100000,12,302,1300000,400000,10900000,2900000, Rejected
2394,2, Not Graduate, No,2300000,4500000,2,346,6400000,4800000,4700000,3200000, Rejected
2395,2, Graduate, Yes,4800000,15400000,20,682,14100000,11100000,15900000,3300000, Approved
2396,3, Not Graduate, Yes,6600000,26900000,4,654,2600000,10400000,17000000,3200000, Approved
2397,4, Graduate, Yes,9400000,21300000,20,686,21300000,14700000,35400000,14100000, Approved
2398,3, Not Graduate, Yes,3000000,10800000,2,314,7100000,1100000,6400000,700000, Rejected
2399,1, Graduate, Yes,2600000,7600000,12,562,1800000,3700000,5700000,2500000, Approved
2400,3, Graduate, Yes,7400000,22300000,10,408,15000000,6900000,4800000,8900000, Rejected
2401,3, Not Graduate, Yes,200000,300000,12,502,200000,100000,200000,200000, Approved
2402,1, Graduate, No,5700000,20900000,10,673,1400000,8300000,13600000,4100000, Approved
2403,3, Not Graduate, No,7500000,33500000,18,465,23000000,0,8700000,1200000, Rejected
2404,3, Graduate, No,5500000,8600000,2,696,10000000,3800000,11500000,7000000, Approved
2405,4, Not Graduate, Yes,3900000,9600000,20,473,10800000,6400000,5800000,4800000, Approved
2406,2, Not Graduate, No,8300000,9900000,14,606,21500000,9400000,4800000,3600000, Approved
2407,5, Graduate, Yes,3800000,4300000,16,575,13200000,1400000,8200000,2200000, Approved
2408,3, Not Graduate, No,7100000,35200000,4,530,11700000,0,19600000,5800000, Rejected
2409,5, Graduate, Yes,4700000,14000000,2,375,7600000,3200000,7900000,1200000, Rejected
2410,0, Not Graduate, Yes,400000,1000000,8,646,500000,500000,1300000,500000, Approved
2411,0, Graduate, No,5300000,11100000,8,895,12000000,7100000,5400000,7400000, Approved
2412,1, Graduate, Yes,600000,3000000,16,686,1100000,200000,500000,300000, Approved
2413,4, Graduate, Yes,9300000,18700000,18,748,24200000,14300000,35100000,13000000, Approved
2414,3, Graduate, No,6000000,23400000,10,782,8300000,15000000,22400000,7300000, Approved
2415,4, Graduate, Yes,3800000,8100000,16,322,2400000,5600000,7300000,4300000, Rejected
2416,0, Graduate, Yes,4900000,6300000,2,776,14900000,6500000,9700000,7100000, Approved
2417,2, Not Graduate, Yes,6200000,23100000,16,445,18200000,9700000,21600000,3400000, Rejected
2418,2, Graduate, Yes,2700000,2700000,2,699,3700000,5900000,6400000,3700000, Approved
2419,5, Graduate, Yes,3000000,11100000,14,891,7400000,7100000,2700000,700000, Approved
2420,0, Not Graduate, Yes,4300000,8600000,8,837,7800000,400000,3900000,3300000, Approved
2421,5, Graduate, Yes,2700000,10800000,10,549,7300000,1400000,2600000,2400000, Rejected
2422,2, Not Graduate, Yes,7600000,31000000,6,803,11300000,2200000,24600000,2100000, Approved
2423,4, Not Graduate, No,1200000,4700000,10,671,2400000,2300000,3100000,1400000, Approved
2424,1, Graduate, Yes,8300000,9100000,18,380,3200000,900000,12900000,6400000, Rejected
2425,0, Graduate, Yes,3600000,13700000,18,444,2800000,8100000,3800000,2700000, Rejected
2426,4, Not Graduate, Yes,5600000,27800000,8,874,15600000,300000,5200000,5100000, Approved
2427,1, Graduate, No,1700000,3300000,6,850,2500000,2600000,5300000,500000, Approved
2428,0, Graduate, No,3900000,8200000,12,835,1200000,2700000,14000000,1500000, Approved
2429,5, Not Graduate, Yes,7500000,31900000,14,530,5600000,8800000,17700000,2600000, Rejected
2430,1, Graduate, Yes,2800000,4600000,4,492,4400000,3100000,9000000,4000000, Approved
2431,5, Not Graduate, Yes,1400000,5100000,16,784,3600000,2600000,2100000,1700000, Approved
2432,2, Graduate, No,5300000,21300000,20,312,7400000,6600000,13500000,4500000, Rejected
2433,1, Not Graduate, Yes,1700000,2000000,18,839,4500000,1800000,3500000,1700000, Approved
2434,2, Not Graduate, Yes,3200000,10300000,12,662,9700000,5800000,2600000,3200000, Approved
2435,1, Not Graduate, Yes,4600000,15200000,8,680,6100000,10600000,10100000,2100000, Approved
2436,5, Graduate, Yes,5700000,12600000,8,563,16200000,11300000,19700000,1300000, Approved
2437,3, Graduate, Yes,6400000,28800000,16,888,4000000,11800000,4400000,5600000, Approved
2438,4, Graduate, No,6800000,11200000,10,750,10700000,8300000,14800000,3200000, Approved
2439,0, Not Graduate, No,8400000,20600000,4,332,4400000,18900000,29900000,11100000, Rejected
2440,1, Graduate, No,800000,3500000,14,615,300000,1000000,2600000,300000, Approved
2441,3, Not Graduate, No,3700000,6500000,4,816,1500000,8600000,8200000,3300000, Approved
2442,2, Graduate, No,200000,900000,20,345,100000,400000,200000,100000, Rejected
2443,5, Graduate, Yes,200000,300000,10,742,600000,100000,700000,200000, Approved
2444,4, Not Graduate, Yes,2200000,6500000,8,447,4400000,300000,2300000,3100000, Rejected
2445,1, Not Graduate, Yes,6000000,7800000,2,604,20000000,11100000,8800000,4100000, Approved
2446,2, Graduate, No,8900000,33000000,4,830,17600000,15300000,8300000,1400000, Approved
2447,4, Not Graduate, No,7700000,32100000,20,595,17500000,11600000,16200000,7900000, Approved
2448,2, Graduate, Yes,6500000,28600000,12,322,5300000,15900000,17600000,1800000, Rejected
2449,3, Not Graduate, Yes,7800000,38400000,20,312,15500000,10600000,26500000,1900000, Rejected
2450,4, Graduate, No,1800000,6600000,20,742,2600000,1600000,3800000,1800000, Approved
2451,1, Graduate, No,8400000,34200000,2,859,27500000,11900000,32700000,2000000, Approved
2452,0, Not Graduate, No,8900000,26900000,8,475,29200000,600000,23000000,2500000, Approved
2453,2, Graduate, No,1100000,5100000,18,862,900000,1600000,2900000,800000, Approved
2454,1, Graduate, No,4800000,17200000,10,572,10800000,10800000,5300000,3500000, Approved
2455,3, Not Graduate, No,8300000,37600000,12,335,19100000,100000,9700000,11400000, Rejected
2456,5, Graduate, Yes,4800000,9300000,12,619,9900000,10100000,12100000,2300000, Approved
2457,4, Not Graduate, No,8400000,25100000,16,885,5100000,16800000,25400000,5600000, Approved
2458,4, Graduate, No,9300000,36400000,20,450,21900000,2500000,11300000,10100000, Rejected
2459,3, Graduate, No,4800000,8700000,18,877,13600000,10200000,10500000,6000000, Approved
2460,5, Graduate, Yes,700000,1300000,14,691,900000,1300000,1200000,400000, Approved
2461,5, Graduate, Yes,3500000,17200000,12,538,6600000,4300000,7100000,3400000, Rejected
2462,4, Not Graduate, Yes,2300000,6300000,8,716,1300000,1400000,2900000,2200000, Approved
2463,0, Graduate, Yes,4800000,8300000,4,540,15700000,3500000,4800000,2500000, Rejected
2464,1, Not Graduate, Yes,5900000,13700000,16,351,3300000,9000000,9600000,1600000, Rejected
2465,5, Graduate, No,4700000,12200000,2,823,4200000,2900000,16600000,5000000, Approved
2466,0, Not Graduate, No,2100000,7300000,14,524,2500000,1700000,7000000,1000000, Rejected
2467,3, Not Graduate, No,3100000,14500000,10,640,9100000,7200000,2700000,1700000, Approved
2468,3, Not Graduate, Yes,6800000,33600000,16,747,17100000,12400000,5500000,6100000, Approved
2469,2, Not Graduate, Yes,400000,1400000,20,349,100000,700000,900000,100000, Rejected
2470,4, Graduate, No,2200000,8400000,12,733,1800000,5300000,3200000,1000000, Approved
2471,0, Not Graduate, Yes,8900000,20400000,12,519,23800000,100000,30100000,6400000, Approved
2472,1, Graduate, No,1100000,4900000,10,627,1700000,700000,2400000,1500000, Rejected
2473,1, Not Graduate, Yes,4200000,7900000,8,574,1200000,6900000,14600000,5000000, Approved
2474,1, Graduate, Yes,2200000,3100000,2,767,7400000,2400000,1900000,1200000, Approved
2475,2, Not Graduate, No,1200000,5900000,2,412,800000,300000,4700000,600000, Rejected
2476,2, Not Graduate, No,4300000,19200000,16,364,8100000,8400000,13700000,6400000, Rejected
2477,5, Not Graduate, Yes,5300000,11700000,20,546,5400000,600000,16200000,5400000, Rejected
2478,2, Not Graduate, Yes,1900000,7000000,2,371,5000000,2600000,7200000,2000000, Rejected
2479,4, Graduate, No,900000,2600000,8,445,2500000,1300000,1900000,200000, Rejected
2480,0, Not Graduate, No,1500000,3400000,14,695,2300000,2400000,1500000,400000, Approved
2481,0, Graduate, Yes,6500000,14000000,16,792,15400000,5100000,14600000,3300000, Approved
2482,2, Graduate, No,8600000,13300000,16,716,27500000,500000,28800000,11000000, Approved
2483,1, Not Graduate, Yes,1900000,6100000,14,490,5500000,4200000,6700000,2600000, Approved
2484,5, Graduate, Yes,3300000,9200000,2,789,5200000,7700000,7300000,1200000, Approved
2485,2, Graduate, No,3500000,10700000,6,544,5800000,4200000,10700000,3800000, Rejected
2486,2, Graduate, No,3700000,6900000,10,408,11600000,200000,5000000,4900000, Rejected
2487,5, Graduate, Yes,2500000,11900000,2,754,800000,3600000,3300000,3300000, Approved
2488,5, Graduate, No,700000,2500000,8,610,200000,600000,1800000,500000, Rejected
2489,4, Graduate, No,5300000,24400000,8,522,4700000,2400000,10500000,2500000, Rejected
2490,2, Not Graduate, Yes,3700000,5300000,20,697,10800000,1600000,3900000,5300000, Approved
2491,1, Not Graduate, No,3500000,12200000,8,735,2500000,1600000,11100000,1700000, Approved
2492,0, Not Graduate, No,2700000,11900000,20,434,3100000,2200000,6400000,1200000, Rejected
2493,0, Graduate, Yes,9300000,21600000,16,370,21200000,6500000,21600000,3600000, Rejected
2494,4, Graduate, Yes,6100000,10900000,14,610,4900000,12800000,7100000,5200000, Approved
2495,0, Not Graduate, No,4300000,8900000,18,330,5200000,5300000,5800000,1100000, Rejected
2496,2, Graduate, No,2200000,4600000,18,683,3800000,2400000,6400000,2000000, Approved
2497,3, Graduate, No,8000000,22300000,6,564,7600000,2900000,27900000,11400000, Rejected
2498,3, Graduate, No,8900000,20500000,10,428,30900000,19500000,10000000,7200000, Rejected
2499,0, Not Graduate, Yes,500000,1000000,12,659,400000,100000,1700000,700000, Approved
2500,3, Not Graduate, No,9300000,33400000,20,525,27900000,5600000,30300000,12700000, Rejected
2501,1, Not Graduate, Yes,7000000,8500000,2,533,12300000,10900000,23500000,8500000, Approved
2502,2, Not Graduate, Yes,1100000,2600000,10,430,700000,1900000,2800000,1000000, Rejected
2503,4, Not Graduate, No,7500000,28200000,6,706,4400000,15000000,13000000,10000000, Approved
2504,2, Not Graduate, Yes,1200000,2000000,6,842,2200000,1200000,3800000,1100000, Approved
2505,2, Not Graduate, Yes,600000,1100000,16,671,800000,500000,1300000,200000, Approved
2506,0, Graduate, No,1300000,2300000,6,442,1300000,900000,1700000,1800000, Rejected
2507,5, Not Graduate, Yes,4700000,4700000,16,800,15800000,6700000,9000000,3800000, Approved
2508,3, Graduate, No,6200000,17900000,20,372,10700000,5400000,13000000,8500000, Rejected
2509,4, Graduate, Yes,4100000,4700000,16,474,13400000,3400000,9300000,2700000, Approved
2510,2, Graduate, Yes,1300000,2700000,4,321,1000000,100000,4700000,700000, Rejected
2511,1, Graduate, Yes,2100000,10500000,4,809,1700000,5000000,4100000,2500000, Approved
2512,1, Not Graduate, No,8500000,39500000,10,327,18400000,1300000,12700000,8400000, Rejected
2513,0, Not Graduate, Yes,9600000,17900000,12,628,10500000,6500000,37100000,6900000, Approved
2514,5, Graduate, Yes,7500000,16800000,16,415,6100000,17300000,10100000,10000000, Rejected
2515,3, Not Graduate, Yes,1200000,3400000,10,427,600000,2200000,600000,1000000, Rejected
2516,2, Not Graduate, No,8200000,35900000,4,665,3700000,11900000,28500000,1000000, Approved
2517,4, Not Graduate, No,6900000,29100000,20,783,18500000,11400000,26500000,7400000, Approved
2518,0, Graduate, No,5300000,8000000,20,310,6000000,1300000,15300000,1000000, Rejected
2519,2, Not Graduate, Yes,1600000,2400000,14,395,5500000,3200000,3100000,1200000, Rejected
2520,2, Graduate, No,9900000,26400000,14,472,8000000,6200000,23800000,3700000, Rejected
2521,5, Not Graduate, No,4500000,20200000,20,867,6200000,10800000,15400000,2000000, Approved
2522,4, Graduate, No,600000,2700000,10,334,900000,300000,2200000,900000, Rejected
2523,4, Not Graduate, Yes,2200000,3100000,4,407,4100000,3400000,1900000,600000, Rejected
2524,1, Not Graduate, Yes,4100000,13500000,14,542,12600000,5600000,14500000,4800000, Rejected
2525,3, Not Graduate, No,800000,1300000,10,495,2400000,300000,2100000,800000, Approved
2526,5, Graduate, No,3300000,12400000,16,329,800000,3000000,2000000,1200000, Rejected
2527,0, Graduate, No,4700000,21900000,16,624,7300000,9200000,4100000,6600000, Rejected
2528,3, Not Graduate, Yes,9400000,26500000,10,665,27600000,5000000,6200000,3600000, Approved
2529,2, Not Graduate, No,1000000,1300000,8,406,200000,2400000,3800000,800000, Rejected
2530,4, Graduate, No,5800000,19200000,10,713,11400000,4300000,11600000,7000000, Approved
2531,2, Not Graduate, Yes,9100000,24000000,14,334,9600000,14300000,27300000,10600000, Rejected
2532,4, Not Graduate, No,8100000,34400000,14,739,12700000,12500000,4100000,4400000, Approved
2533,1, Not Graduate, No,9200000,21700000,12,455,14600000,10800000,30100000,11700000, Rejected
2534,5, Not Graduate, No,1800000,8100000,12,434,2700000,2900000,3900000,2600000, Rejected
2535,5, Graduate, No,8000000,16800000,20,418,25100000,14900000,29900000,6100000, Rejected
2536,3, Graduate, No,9700000,15800000,6,821,19100000,15000000,22500000,9800000, Approved
2537,2, Not Graduate, No,3300000,7300000,4,601,10500000,4600000,10800000,2000000, Rejected
2538,0, Not Graduate, No,5000000,5700000,16,714,13000000,7600000,13500000,3000000, Approved
2539,1, Not Graduate, Yes,5400000,11500000,20,422,7300000,5400000,12500000,4100000, Rejected
2540,2, Graduate, No,5000000,18200000,14,334,9100000,900000,19100000,1900000, Rejected
2541,4, Graduate, Yes,3000000,4700000,10,322,4500000,1200000,6700000,3200000, Rejected
2542,5, Not Graduate, No,9700000,14000000,8,564,28500000,14700000,35100000,3200000, Rejected
2543,3, Graduate, Yes,9500000,14500000,10,496,7800000,22000000,5900000,1000000, Rejected
2544,5, Graduate, No,3900000,5100000,2,761,12800000,300000,10900000,2800000, Approved
2545,1, Not Graduate, Yes,8000000,36000000,12,773,16900000,10900000,29500000,1700000, Approved
2546,4, Graduate, No,4000000,19100000,6,486,8900000,2500000,14600000,3500000, Rejected
2547,3, Not Graduate, No,7900000,9400000,6,560,15100000,11100000,17400000,6500000, Rejected
2548,0, Graduate, No,5900000,23800000,12,529,12000000,11100000,12700000,1700000, Rejected
2549,4, Not Graduate, No,4800000,19000000,20,705,11500000,8800000,16000000,2100000, Approved
2550,5, Not Graduate, No,1400000,7000000,6,678,3300000,2500000,2300000,200000, Approved
2551,2, Not Graduate, No,6600000,15800000,20,691,6000000,12900000,24900000,6100000, Rejected
2552,1, Graduate, No,3300000,7100000,12,333,7000000,600000,4500000,1700000, Rejected
2553,1, Graduate, Yes,2300000,6500000,20,503,3200000,2900000,1700000,2500000, Approved
2554,3, Not Graduate, No,2000000,8900000,8,881,4600000,1300000,6400000,2000000, Approved
2555,4, Graduate, No,9800000,38400000,20,505,19700000,22600000,18800000,6100000, Rejected
2556,1, Not Graduate, No,1200000,3500000,14,404,1000000,2300000,2100000,200000, Rejected
2557,4, Not Graduate, Yes,8000000,15800000,14,419,21000000,2200000,13000000,4400000, Rejected
2558,4, Graduate, No,8600000,33600000,12,316,14700000,5200000,33800000,4800000, Rejected
2559,0, Graduate, No,500000,2200000,10,769,1000000,600000,1300000,300000, Approved
2560,2, Graduate, Yes,5900000,15300000,12,303,14300000,14200000,23400000,8500000, Rejected
2561,1, Graduate, Yes,5800000,21300000,18,658,13700000,1600000,9900000,1900000, Approved
2562,4, Not Graduate, No,3700000,9600000,16,540,9900000,5300000,7200000,1800000, Rejected
2563,3, Graduate, No,6700000,19500000,2,356,5900000,5700000,8300000,8500000, Rejected
2564,3, Graduate, No,4200000,13000000,14,831,2400000,6800000,8400000,5900000, Approved
2565,1, Graduate, Yes,4500000,18500000,18,745,10800000,7300000,3200000,3400000, Approved
2566,2, Not Graduate, Yes,4400000,21600000,16,792,4300000,2600000,2200000,3800000, Approved
2567,5, Graduate, No,8000000,22200000,10,862,4600000,15700000,16700000,1400000, Approved
2568,5, Graduate, No,6400000,15200000,8,848,4100000,1500000,19900000,7900000, Approved
2569,0, Not Graduate, Yes,3900000,9700000,14,721,4800000,8000000,7900000,3600000, Approved
2570,2, Graduate, No,9200000,14100000,14,620,32000000,4900000,21300000,7100000, Rejected
2571,4, Graduate, Yes,8000000,17500000,8,718,5800000,11800000,16500000,4200000, Approved
2572,1, Graduate, Yes,9300000,12500000,10,569,11000000,8100000,21800000,6700000, Rejected
2573,5, Not Graduate, No,7300000,19800000,8,408,23600000,11100000,23500000,8200000, Rejected
2574,2, Not Graduate, Yes,4000000,6700000,2,531,13500000,2700000,13300000,900000, Approved
2575,2, Graduate, No,7700000,18400000,2,580,7400000,11000000,26400000,6200000, Approved
2576,5, Not Graduate, Yes,3400000,14200000,2,327,10600000,100000,4200000,500000, Rejected
2577,3, Not Graduate, Yes,2800000,5600000,10,809,1800000,2600000,5900000,3300000, Approved
2578,0, Not Graduate, No,4600000,15900000,12,846,12500000,9500000,15700000,1800000, Approved
2579,0, Graduate, Yes,9600000,39500000,10,552,2300000,11100000,36400000,13100000, Approved
2580,5, Graduate, No,5700000,18600000,20,598,8800000,7100000,13700000,4400000, Rejected
2581,3, Graduate, No,3900000,6900000,6,805,4000000,6100000,8700000,2900000, Approved
2582,5, Graduate, No,4700000,11200000,8,573,11900000,5100000,14900000,2800000, Approved
2583,5, Graduate, Yes,3000000,10100000,6,713,800000,6500000,11900000,2500000, Approved
2584,4, Graduate, Yes,6600000,20000000,6,609,11400000,6700000,13100000,3800000, Approved
2585,5, Not Graduate, Yes,3600000,5700000,12,462,9000000,8500000,3900000,2200000, Approved
2586,5, Not Graduate, No,5600000,15600000,8,777,2000000,12300000,19200000,2100000, Approved
2587,2, Not Graduate, Yes,3800000,12100000,8,415,12000000,4000000,11300000,2200000, Rejected
2588,3, Not Graduate, Yes,3300000,6800000,14,434,4600000,3000000,3300000,4100000, Rejected
2589,4, Not Graduate, No,9700000,33500000,18,715,7200000,16400000,15800000,4300000, Approved
2590,5, Not Graduate, Yes,3500000,4500000,6,726,3300000,6600000,8500000,4400000, Approved
2591,4, Graduate, Yes,800000,1900000,4,873,1100000,400000,2400000,1000000, Approved
2592,4, Graduate, Yes,3900000,16400000,6,727,3300000,2400000,12600000,4000000, Approved
2593,1, Graduate, No,5400000,11000000,12,314,10200000,2000000,5600000,800000, Rejected
2594,2, Graduate, No,1100000,3800000,20,810,2500000,2100000,1400000,1000000, Approved
2595,4, Not Graduate, No,3100000,8200000,4,548,5100000,5500000,9600000,3900000, Approved
2596,0, Not Graduate, Yes,1800000,4100000,2,305,2900000,900000,1600000,1100000, Rejected
2597,0, Graduate, Yes,5100000,23800000,12,648,14200000,6800000,11400000,2500000, Approved
2598,4, Graduate, Yes,7200000,17100000,20,402,8600000,13800000,17400000,4000000, Rejected
2599,5, Not Graduate, Yes,9600000,18700000,12,550,21600000,22700000,16200000,6600000, Approved
2600,2, Not Graduate, Yes,4000000,18500000,20,583,12600000,1800000,13100000,800000, Rejected
2601,5, Not Graduate, Yes,8600000,34300000,14,344,8000000,6500000,6000000,3700000, Rejected
2602,2, Graduate, Yes,2300000,8600000,2,811,5200000,2000000,7400000,2300000, Approved
2603,3, Not Graduate, No,7800000,9300000,10,606,26000000,12200000,21500000,5900000, Approved
2604,5, Graduate, Yes,5700000,8700000,16,880,11100000,1900000,13000000,2500000, Approved
2605,2, Graduate, No,7600000,27000000,12,579,26000000,3700000,27000000,10700000, Approved
2606,5, Graduate, Yes,7600000,14000000,4,657,9300000,14800000,9200000,3900000, Approved
2607,5, Graduate, No,5400000,10300000,4,788,11100000,7300000,17800000,1500000, Approved
2608,4, Not Graduate, No,2700000,11100000,14,427,3300000,1100000,3100000,1000000, Rejected
2609,0, Graduate, No,5300000,11400000,10,846,1100000,5100000,21000000,2700000, Approved
2610,5, Not Graduate, Yes,8300000,10700000,12,410,29000000,2800000,5100000,6900000, Rejected
2611,2, Not Graduate, Yes,9700000,11100000,8,898,9600000,8800000,23600000,1900000, Approved
2612,1, Not Graduate, Yes,9200000,25500000,8,684,31400000,9200000,10000000,11900000, Approved
2613,2, Not Graduate, Yes,1900000,6600000,14,611,4500000,500000,3700000,2500000, Approved
2614,2, Graduate, Yes,6000000,26900000,2,426,19100000,900000,6100000,3300000, Rejected
2615,2, Graduate, Yes,1200000,1700000,10,642,4100000,2600000,1400000,1400000, Approved
2616,4, Graduate, Yes,6700000,12000000,8,632,13900000,14900000,4800000,6300000, Approved
2617,0, Not Graduate, Yes,9900000,30900000,16,891,34600000,100000,5200000,12700000, Approved
2618,3, Not Graduate, No,700000,1700000,16,801,1900000,1100000,2100000,300000, Approved
2619,1, Graduate, Yes,6600000,19300000,10,590,12700000,1500000,13800000,6300000, Approved
2620,4, Not Graduate, No,9400000,39500000,6,534,22200000,19000000,6200000,1900000, Rejected
2621,5, Graduate, Yes,8500000,27000000,6,532,7100000,18700000,32200000,1000000, Rejected
2622,2, Not Graduate, Yes,4000000,10600000,6,527,900000,6200000,11300000,5300000, Approved
2623,4, Graduate, Yes,1200000,5900000,6,308,1300000,1800000,1700000,600000, Rejected
2624,1, Not Graduate, No,9200000,11600000,16,321,15000000,8500000,18700000,6700000, Rejected
2625,5, Not Graduate, No,9200000,39500000,2,751,8800000,5700000,20400000,3900000, Rejected
2626,3, Not Graduate, Yes,5800000,17400000,2,452,11000000,7200000,14500000,7700000, Rejected
2627,3, Graduate, Yes,9700000,29200000,12,547,23000000,3200000,34000000,6200000, Rejected
2628,0, Graduate, Yes,200000,900000,6,719,500000,300000,500000,100000, Approved
2629,3, Graduate, Yes,6200000,18800000,18,665,19500000,7300000,24300000,5900000, Approved
2630,4, Not Graduate, No,500000,1400000,16,516,1700000,200000,1500000,200000, Rejected
2631,3, Graduate, Yes,9300000,19400000,16,752,29200000,13700000,36800000,4300000, Approved
2632,0, Graduate, No,6800000,24700000,10,395,15300000,13500000,16500000,7100000, Rejected
2633,4, Graduate, Yes,9100000,29800000,10,584,8000000,13400000,26200000,13100000, Rejected
2634,3, Graduate, Yes,5700000,10600000,10,363,18900000,7500000,17600000,6600000, Rejected
2635,5, Graduate, Yes,1000000,3800000,4,619,800000,2100000,3100000,300000, Rejected
2636,5, Graduate, Yes,400000,1400000,12,357,300000,0,200000,200000, Rejected
2637,1, Graduate, Yes,3400000,8800000,18,865,4200000,5200000,3200000,4100000, Approved
2638,1, Graduate, No,7400000,7500000,6,696,15500000,7600000,9600000,3600000, Approved
2639,5, Not Graduate, No,1600000,4500000,2,447,3900000,800000,2300000,1800000, Rejected
2640,0, Graduate, Yes,8500000,8700000,12,668,2100000,20800000,31200000,6500000, Approved
2641,5, Not Graduate, No,2500000,3200000,8,510,6900000,2500000,7600000,3300000, Rejected
2642,0, Graduate, Yes,5000000,13600000,16,611,3900000,4200000,5000000,3000000, Approved
2643,2, Graduate, Yes,2100000,2800000,18,400,2500000,900000,4200000,3000000, Rejected
2644,0, Graduate, No,4700000,9900000,20,600,5900000,11700000,6300000,3200000, Rejected
2645,5, Not Graduate, No,4600000,16700000,8,364,6000000,9800000,15700000,5100000, Rejected
2646,3, Not Graduate, No,200000,400000,20,392,500000,0,700000,100000, Rejected
2647,5, Not Graduate, Yes,5700000,28400000,4,650,1900000,8100000,6100000,4800000, Approved
2648,0, Graduate, No,7900000,36900000,8,600,6700000,2900000,15500000,4200000, Rejected
2649,0, Not Graduate, Yes,9300000,31100000,6,476,2500000,16600000,35700000,1100000, Rejected
2650,3, Not Graduate, No,3400000,16600000,20,336,9400000,4100000,9500000,2400000, Rejected
2651,0, Graduate, No,8800000,39400000,14,554,30300000,2400000,31100000,3000000, Rejected
2652,3, Graduate, No,8800000,20000000,8,856,20900000,12300000,15400000,12700000, Approved
2653,4, Not Graduate, Yes,9800000,39200000,4,725,21000000,22300000,12100000,12100000, Approved
2654,2, Not Graduate, No,3800000,5900000,16,334,12100000,3200000,11100000,4300000, Rejected
2655,4, Not Graduate, Yes,8500000,31800000,14,863,8900000,1100000,8300000,6200000, Approved
2656,0, Graduate, Yes,5700000,16900000,18,554,2400000,13500000,19600000,2600000, Approved
2657,1, Graduate, Yes,700000,700000,10,646,1300000,200000,2200000,400000, Approved
2658,0, Not Graduate, Yes,2800000,5900000,4,300,3000000,3300000,4400000,1100000, Rejected
2659,2, Not Graduate, Yes,6700000,32300000,8,486,11300000,9100000,15000000,5800000, Rejected
2660,2, Graduate, Yes,1700000,3800000,14,772,2900000,1000000,5600000,2100000, Approved
2661,3, Graduate, Yes,4400000,7600000,6,498,5500000,2000000,16600000,1600000, Rejected
2662,0, Not Graduate, Yes,7700000,13500000,2,399,13900000,2200000,13300000,800000, Rejected
2663,2, Not Graduate, No,1600000,4700000,18,354,2300000,300000,5200000,400000, Rejected
2664,4, Graduate, Yes,5000000,21900000,12,855,2900000,6400000,5900000,3700000, Approved
2665,0, Not Graduate, No,2300000,9300000,8,788,7000000,4800000,8400000,300000, Approved
2666,4, Not Graduate, Yes,5400000,14800000,12,326,13600000,1700000,15700000,3600000, Rejected
2667,1, Graduate, Yes,2500000,4600000,16,856,800000,4400000,2600000,600000, Approved
2668,5, Graduate, No,9600000,11400000,2,793,5600000,9900000,29700000,2400000, Approved
2669,4, Graduate, Yes,900000,2600000,10,516,500000,100000,2700000,1000000, Rejected
2670,2, Graduate, Yes,9600000,39500000,6,694,3900000,12900000,29700000,14400000, Approved
2671,0, Not Graduate, Yes,7900000,31000000,2,455,3100000,5000000,13500000,2900000, Rejected
2672,2, Graduate, Yes,8500000,22400000,2,450,6100000,12900000,26300000,3600000, Rejected
2673,3, Graduate, Yes,8500000,28700000,10,729,25500000,7400000,28800000,4400000, Approved
2674,2, Not Graduate, Yes,2000000,5500000,12,421,5900000,3300000,3400000,2400000, Rejected
2675,3, Not Graduate, No,9300000,30800000,12,513,25900000,21400000,11400000,7500000, Rejected
2676,4, Graduate, No,6000000,18400000,16,514,13400000,3700000,21600000,5400000, Approved
2677,5, Not Graduate, No,9600000,35700000,10,390,24800000,22600000,25700000,8300000, Rejected
2678,2, Graduate, Yes,8800000,26700000,12,797,23200000,4500000,18600000,12400000, Approved
2679,5, Graduate, No,5800000,27600000,18,704,18200000,1000000,20800000,900000, Approved
2680,1, Graduate, Yes,3800000,10300000,14,818,9900000,1800000,3700000,1200000, Approved
2681,5, Not Graduate, No,1300000,1400000,20,614,3400000,2600000,4300000,800000, Approved
2682,0, Not Graduate, No,1100000,2100000,6,405,3100000,1900000,2400000,900000, Rejected
2683,3, Not Graduate, Yes,4000000,12000000,16,467,8100000,9700000,2600000,1000000, Rejected
2684,4, Not Graduate, No,8100000,25600000,14,512,7300000,14400000,31600000,10900000, Rejected
2685,0, Not Graduate, Yes,5100000,16400000,12,866,2400000,5300000,16400000,5300000, Approved
2686,2, Graduate, No,4900000,18900000,2,442,7800000,10900000,6100000,6900000, Rejected
2687,1, Graduate, Yes,2500000,5200000,12,716,1300000,6000000,9300000,3500000, Approved
2688,4, Graduate, No,5700000,20900000,18,373,4300000,11300000,21500000,4700000, Rejected
2689,2, Graduate, No,6400000,24400000,14,874,1800000,8900000,21100000,8300000, Approved
2690,0, Not Graduate, No,9800000,25900000,2,688,11700000,20200000,9300000,11100000, Approved
2691,0, Graduate, Yes,7300000,19000000,6,558,24800000,3300000,8400000,4400000, Approved
2692,0, Graduate, No,6100000,10500000,12,507,8800000,13700000,19100000,6200000, Rejected
2693,0, Not Graduate, Yes,9100000,24200000,18,513,9100000,22700000,33700000,13000000, Rejected
2694,2, Not Graduate, Yes,4300000,17800000,10,435,6600000,7200000,5400000,5000000, Approved
2695,1, Graduate, No,9300000,39500000,18,660,11100000,4600000,19600000,10200000, Approved
2696,1, Graduate, Yes,3800000,12800000,16,820,9200000,1400000,4000000,1600000, Approved
2697,2, Graduate, No,1400000,3100000,6,444,3200000,3400000,3000000,1800000, Rejected
2698,2, Graduate, Yes,4200000,15700000,4,749,1200000,9100000,11500000,2700000, Approved
2699,3, Graduate, Yes,1400000,5500000,20,640,2600000,2600000,800000,1400000, Approved
2700,2, Graduate, Yes,1300000,3000000,12,765,400000,3100000,3600000,1400000, Approved
2701,5, Not Graduate, No,8800000,37900000,18,762,21400000,11100000,24100000,7200000, Approved
2702,2, Graduate, Yes,7900000,10200000,20,323,26000000,17500000,16500000,2600000, Rejected
2703,2, Graduate, Yes,2300000,2400000,10,312,7300000,900000,8400000,2500000, Rejected
2704,2, Graduate, No,8400000,12500000,2,849,7400000,3800000,8200000,3700000, Approved
2705,0, Not Graduate, Yes,800000,1300000,20,393,2100000,1000000,500000,400000, Rejected
2706,4, Graduate, No,2900000,13100000,12,645,8200000,2400000,6500000,800000, Approved
2707,3, Graduate, Yes,7100000,19200000,4,752,21700000,7700000,16800000,6900000, Approved
2708,2, Graduate, No,3100000,6500000,12,602,3300000,6200000,4400000,800000, Approved
2709,2, Not Graduate, Yes,7300000,19800000,2,303,12300000,1000000,28200000,4300000, Rejected
2710,3, Graduate, No,8700000,22400000,6,306,8100000,15700000,12100000,11700000, Rejected
2711,5, Not Graduate, Yes,800000,1800000,8,702,200000,200000,1200000,600000, Approved
2712,2, Graduate, Yes,400000,600000,10,839,900000,800000,1300000,500000, Approved
2713,2, Not Graduate, Yes,9400000,34100000,12,506,15300000,4700000,35100000,7400000, Rejected
2714,0, Not Graduate, No,5300000,8200000,18,626,5400000,9700000,12600000,1900000, Approved
2715,1, Not Graduate, No,5100000,20900000,8,861,15300000,7500000,2900000,5900000, Approved
2716,4, Not Graduate, Yes,4700000,8500000,16,795,8600000,4500000,8200000,2800000, Approved
2717,4, Graduate, No,4400000,17300000,20,624,15300000,2900000,5600000,6400000, Approved
2718,4, Not Graduate, No,6900000,29100000,16,693,19400000,1000000,15800000,3200000, Approved
2719,2, Graduate, Yes,5800000,8700000,6,877,17800000,5100000,16800000,7300000, Approved
2720,5, Not Graduate, No,1800000,2400000,14,778,5000000,900000,3400000,1400000, Approved
2721,3, Graduate, Yes,6300000,30200000,6,549,3500000,2100000,15000000,8100000, Rejected
2722,0, Graduate, No,6700000,19100000,10,716,2800000,12400000,21200000,2400000, Approved
2723,0, Graduate, Yes,1300000,4600000,14,497,4200000,700000,1800000,1300000, Rejected
2724,2, Not Graduate, No,3800000,4200000,6,853,2500000,2100000,4500000,1000000, Approved
2725,2, Not Graduate, Yes,7900000,16700000,2,356,11800000,6700000,26200000,9700000, Rejected
2726,0, Not Graduate, Yes,6200000,18700000,18,435,13700000,7200000,3900000,2700000, Rejected
2727,0, Graduate, Yes,1500000,6800000,16,507,1300000,1900000,1500000,1000000, Rejected
2728,3, Graduate, Yes,500000,1000000,4,421,500000,800000,300000,500000, Rejected
2729,4, Not Graduate, Yes,5800000,23800000,8,657,10100000,8500000,14200000,4500000, Approved
2730,1, Not Graduate, No,4700000,17100000,6,728,6500000,5700000,12200000,5600000, Approved
2731,1, Graduate, Yes,9600000,14000000,20,835,23400000,9500000,22600000,10200000, Approved
2732,3, Not Graduate, Yes,5300000,11500000,20,601,2400000,3500000,10300000,1500000, Approved
2733,0, Not Graduate, No,9300000,18100000,14,673,16900000,16500000,21900000,11000000, Approved
2734,5, Not Graduate, No,2300000,6400000,10,660,1800000,1800000,2700000,1600000, Rejected
2735,3, Not Graduate, Yes,4500000,15900000,2,302,9900000,9600000,15300000,4200000, Rejected
2736,2, Not Graduate, No,1500000,4100000,6,725,900000,2200000,5900000,600000, Approved
2737,3, Not Graduate, No,5800000,11500000,2,313,4900000,9200000,13900000,4000000, Rejected
2738,0, Not Graduate, No,2000000,7600000,16,629,5700000,2500000,3600000,2500000, Approved
2739,1, Graduate, Yes,5000000,16700000,2,900,4900000,11600000,16400000,7000000, Approved
2740,3, Not Graduate, No,3500000,10800000,14,773,9200000,3700000,4100000,4900000, Approved
2741,5, Not Graduate, Yes,2000000,6400000,20,604,2200000,2100000,3200000,2200000, Approved
2742,5, Not Graduate, Yes,1100000,2100000,8,491,1100000,2500000,4200000,200000, Approved
2743,3, Not Graduate, Yes,5200000,19400000,14,803,6200000,7900000,6000000,3700000, Approved
2744,2, Graduate, Yes,9400000,24000000,18,816,29200000,10600000,8400000,3500000, Approved
2745,5, Graduate, No,2100000,5200000,10,521,3200000,1400000,5100000,2300000, Rejected
2746,0, Not Graduate, No,4100000,6600000,10,364,4100000,2500000,10500000,1300000, Rejected
2747,1, Not Graduate, No,2400000,8100000,6,649,4700000,4800000,6200000,3500000, Approved
2748,2, Not Graduate, Yes,8100000,27600000,10,681,11900000,5700000,8700000,3000000, Approved
2749,3, Not Graduate, No,4200000,9900000,18,861,11800000,100000,12700000,700000, Approved
2750,4, Not Graduate, Yes,9700000,39500000,14,834,33600000,500000,13100000,12400000, Approved
2751,2, Graduate, Yes,2600000,11400000,6,437,5000000,6400000,9900000,1000000, Rejected
2752,5, Not Graduate, No,900000,1300000,12,451,1500000,1300000,1200000,100000, Rejected
2753,2, Graduate, No,5900000,22300000,16,899,7900000,7200000,3300000,5100000, Approved
2754,3, Not Graduate, No,6500000,16700000,2,496,22200000,14900000,16200000,9500000, Rejected
2755,0, Graduate, No,9900000,39500000,16,575,17800000,8700000,12000000,4700000, Rejected
2756,0, Graduate, No,8700000,16500000,6,483,6900000,17300000,23500000,5800000, Approved
2757,1, Graduate, No,8800000,18700000,6,536,29900000,15900000,11500000,3800000, Approved
2758,0, Graduate, No,6400000,17700000,10,639,21600000,7600000,12800000,5600000, Approved
2759,5, Not Graduate, No,3700000,7700000,12,475,6100000,7200000,4200000,2000000, Rejected
2760,3, Graduate, No,4400000,16600000,20,548,5900000,10600000,8800000,4100000, Rejected
2761,5, Not Graduate, No,1500000,4400000,6,511,3700000,800000,1500000,1200000, Rejected
2762,1, Graduate, No,4400000,8300000,6,364,12900000,200000,7400000,6200000, Rejected
2763,0, Graduate, Yes,3700000,11200000,8,772,6800000,7600000,4400000,3800000, Approved
2764,1, Graduate, No,500000,2300000,18,835,600000,500000,1700000,500000, Approved
2765,0, Not Graduate, No,2200000,9200000,20,595,2600000,3000000,6700000,1700000, Approved
2766,1, Not Graduate, Yes,5400000,16200000,10,423,6900000,3000000,5900000,2800000, Rejected
2767,0, Not Graduate, Yes,3800000,8200000,14,686,2200000,8000000,3000000,2100000, Approved
2768,1, Graduate, No,9900000,17000000,20,620,27400000,17800000,5800000,8000000, Approved
2769,3, Graduate, Yes,4800000,21700000,18,631,2600000,11400000,6200000,1800000, Approved
2770,5, Not Graduate, Yes,9500000,36500000,14,657,14400000,11300000,20700000,2700000, Approved
2771,1, Not Graduate, No,6600000,21700000,12,731,19500000,16100000,12500000,4100000, Approved
2772,5, Graduate, No,500000,2300000,20,324,800000,600000,2000000,100000, Rejected
2773,4, Not Graduate, No,2100000,3100000,6,359,2500000,3300000,6900000,900000, Rejected
2774,0, Not Graduate, No,7100000,26500000,8,357,23600000,12000000,5500000,6000000, Rejected
2775,0, Graduate, No,5500000,10300000,16,392,3400000,6700000,5800000,6600000, Rejected
2776,0, Not Graduate, Yes,3100000,4600000,2,883,9700000,4400000,1800000,1300000, Approved
2777,4, Graduate, No,5300000,15200000,12,738,2100000,3000000,5200000,6400000, Approved
2778,4, Graduate, Yes,9000000,22900000,18,699,14100000,8200000,21200000,1100000, Approved
2779,5, Not Graduate, No,4000000,19100000,4,720,9100000,7000000,3100000,6000000, Approved
2780,3, Graduate, Yes,600000,1400000,18,320,900000,100000,400000,500000, Rejected
2781,0, Graduate, No,3200000,13600000,10,428,6300000,5600000,2900000,2500000, Rejected
2782,5, Graduate, No,9300000,37200000,18,777,8100000,7100000,26400000,9400000, Approved
2783,5, Graduate, No,7600000,27900000,14,578,15800000,5200000,4300000,5800000, Rejected
2784,4, Not Graduate, No,8400000,39300000,4,605,5400000,14600000,32700000,5600000, Approved
2785,5, Not Graduate, Yes,9100000,23900000,16,750,25700000,4900000,16700000,5600000, Approved
2786,1, Not Graduate, Yes,1300000,3300000,2,345,2800000,3100000,2200000,1900000, Rejected
2787,3, Not Graduate, Yes,2900000,4800000,6,779,5200000,7200000,6300000,3800000, Approved
2788,3, Not Graduate, Yes,700000,1500000,18,709,300000,800000,1600000,600000, Approved
2789,1, Not Graduate, No,200000,900000,18,542,400000,200000,400000,300000, Rejected
2790,5, Not Graduate, Yes,8300000,24000000,2,600,17100000,1600000,18300000,2600000, Approved
2791,3, Graduate, No,9300000,22000000,8,344,10000000,18100000,15700000,7800000, Rejected
2792,5, Not Graduate, Yes,1700000,3200000,2,423,4100000,700000,2800000,1200000, Rejected
2793,1, Not Graduate, Yes,7200000,21200000,6,448,3300000,16800000,4300000,4000000, Rejected
2794,2, Graduate, No,5400000,20900000,20,827,4800000,13400000,15400000,7500000, Approved
2795,5, Not Graduate, No,800000,1700000,4,367,2100000,200000,2100000,1000000, Rejected
2796,1, Not Graduate, Yes,9100000,36700000,14,475,6200000,15500000,25900000,12500000, Rejected
2797,3, Graduate, No,8700000,30600000,18,379,8800000,10100000,33000000,8600000, Rejected
2798,4, Not Graduate, Yes,5700000,23700000,18,471,13400000,7700000,12300000,3600000, Rejected
2799,4, Graduate, No,7100000,14200000,8,306,18500000,3200000,25500000,8200000, Rejected
2800,4, Graduate, Yes,4000000,14100000,14,463,1500000,7200000,8200000,1000000, Rejected
2801,3, Graduate, Yes,7900000,12800000,10,734,4900000,3300000,17200000,10200000, Approved
2802,0, Not Graduate, No,4500000,11000000,4,761,7500000,10000000,12200000,600000, Approved
2803,1, Not Graduate, Yes,9800000,38200000,6,528,21100000,11100000,12300000,12200000, Rejected
2804,4, Not Graduate, Yes,800000,2800000,16,724,1400000,1300000,1000000,900000, Approved
2805,3, Not Graduate, No,1800000,3200000,14,671,4200000,4100000,4100000,400000, Approved
2806,2, Graduate, Yes,9600000,39500000,12,842,25900000,17700000,7100000,2900000, Approved
2807,5, Not Graduate, Yes,3000000,3600000,16,783,10000000,4100000,4000000,2200000, Approved
2808,2, Graduate, No,3200000,10800000,14,437,4300000,3200000,10500000,1700000, Rejected
2809,2, Graduate, Yes,7900000,39000000,8,653,5800000,9100000,16800000,10400000, Approved
2810,2, Graduate, No,2000000,6300000,6,772,2100000,1700000,1200000,700000, Approved
2811,2, Graduate, No,5200000,21900000,20,483,3600000,12300000,3700000,3600000, Rejected
2812,3, Not Graduate, Yes,3000000,10100000,20,644,4500000,1900000,11200000,1400000, Approved
2813,5, Not Graduate, No,2100000,8700000,2,540,6500000,2100000,8100000,600000, Rejected
2814,5, Graduate, Yes,9600000,34800000,16,485,12900000,18700000,26300000,4500000, Rejected
2815,2, Graduate, No,2100000,7900000,4,419,1500000,1900000,2400000,2700000, Rejected
2816,2, Graduate, No,1100000,2100000,18,321,2100000,2400000,2000000,1200000, Rejected
2817,5, Graduate, Yes,6800000,27000000,12,750,23600000,4100000,10700000,9400000, Approved
2818,3, Not Graduate, Yes,8600000,16800000,14,792,7100000,700000,27900000,5700000, Approved
2819,1, Not Graduate, Yes,1400000,6900000,16,691,3900000,2200000,3300000,600000, Approved
2820,3, Not Graduate, No,7100000,13600000,14,444,20700000,9000000,22900000,1000000, Rejected
2821,4, Not Graduate, Yes,5400000,10500000,6,311,8200000,12600000,9500000,4300000, Rejected
2822,2, Not Graduate, No,8300000,36800000,18,679,18600000,8800000,29400000,1300000, Approved
2823,3, Not Graduate, Yes,1400000,2800000,12,420,2300000,500000,2800000,100000, Rejected
2824,4, Graduate, Yes,9700000,23700000,12,629,10300000,8000000,19000000,9200000, Approved
2825,0, Graduate, Yes,6200000,23900000,8,883,10000000,6100000,13700000,2100000, Approved
2826,5, Not Graduate, No,8400000,13700000,2,302,4300000,12200000,21600000,7400000, Rejected
2827,0, Not Graduate, No,3700000,6100000,12,646,9400000,2500000,13400000,3300000, Approved
2828,0, Graduate, No,9400000,27700000,8,897,27600000,12900000,19800000,10500000, Approved
2829,1, Not Graduate, No,6300000,12400000,14,500,7700000,14300000,23700000,4000000, Approved
2830,0, Not Graduate, Yes,1400000,2700000,8,789,2900000,1500000,2600000,1500000, Approved
2831,3, Not Graduate, No,9200000,9500000,20,797,8900000,15000000,15100000,5600000, Approved
2832,3, Graduate, No,7900000,19600000,14,592,4900000,4500000,12100000,1900000, Approved
2833,2, Graduate, No,3100000,7000000,10,484,7400000,6200000,1800000,1700000, Rejected
2834,5, Graduate, No,5500000,6200000,16,708,3500000,3700000,19100000,600000, Approved
2835,1, Graduate, Yes,4000000,13900000,14,672,11100000,5800000,3100000,3000000, Approved
2836,5, Not Graduate, No,5500000,19300000,14,586,6000000,4100000,9200000,6300000, Rejected
2837,3, Graduate, No,9600000,12300000,12,415,27900000,1600000,13200000,11500000, Rejected
2838,4, Not Graduate, No,9000000,20400000,20,747,12700000,7200000,27900000,3800000, Approved
2839,5, Not Graduate, No,2300000,10300000,8,427,3300000,1200000,8700000,600000, Rejected
2840,1, Not Graduate, No,9700000,32300000,10,380,26000000,21600000,32600000,3500000, Rejected
2841,0, Not Graduate, No,4400000,11700000,6,340,8300000,2900000,7100000,6500000, Rejected
2842,4, Graduate, No,7100000,20300000,12,568,6100000,17300000,14900000,3800000, Rejected
2843,3, Not Graduate, No,7600000,13900000,20,372,22800000,9400000,10400000,5300000, Rejected
2844,1, Graduate, Yes,4900000,20800000,14,501,6500000,2700000,18300000,1000000, Rejected
2845,5, Not Graduate, Yes,4600000,21400000,6,445,2500000,4500000,4200000,5500000, Rejected
2846,4, Not Graduate, Yes,4600000,21400000,20,576,7200000,2100000,17600000,3300000, Rejected
2847,3, Graduate, Yes,8600000,16300000,16,767,18000000,17900000,28800000,1900000, Approved
2848,0, Graduate, Yes,3900000,8700000,10,570,8600000,1200000,11700000,3000000, Approved
2849,5, Graduate, Yes,2900000,4800000,4,634,8600000,6300000,9300000,3200000, Approved
2850,3, Graduate, No,3700000,8200000,10,385,7400000,400000,6200000,2800000, Rejected
2851,3, Graduate, Yes,2100000,4900000,18,367,2000000,1600000,3200000,3100000, Rejected
2852,0, Not Graduate, No,4000000,14100000,12,886,4300000,1400000,7300000,5300000, Approved
2853,4, Not Graduate, No,1300000,2300000,4,672,700000,2200000,1500000,1100000, Approved
2854,5, Graduate, Yes,1000000,4700000,4,309,2600000,1300000,3100000,1400000, Rejected
2855,4, Graduate, Yes,7200000,10200000,20,639,4000000,16900000,15600000,8900000, Approved
2856,2, Graduate, Yes,900000,900000,10,306,2000000,800000,3200000,600000, Rejected
2857,1, Graduate, No,5700000,25200000,14,346,12400000,600000,20400000,6700000, Rejected
2858,2, Graduate, Yes,7800000,29800000,8,524,21800000,14900000,8200000,6300000, Rejected
2859,3, Not Graduate, Yes,7200000,17400000,2,694,3200000,10400000,9100000,6200000, Approved
2860,1, Graduate, No,4500000,15200000,10,672,3900000,9300000,8700000,3700000, Approved
2861,3, Not Graduate, No,2000000,3800000,14,775,6400000,2100000,1800000,2500000, Approved
2862,5, Graduate, Yes,9300000,15600000,8,407,19400000,17200000,27100000,12900000, Rejected
2863,0, Not Graduate, Yes,8300000,23900000,14,415,14200000,3500000,25600000,4500000, Rejected
2864,1, Graduate, Yes,6100000,14700000,10,620,16300000,15200000,18500000,6100000, Rejected
2865,2, Graduate, Yes,1000000,3500000,8,822,3200000,400000,2100000,1000000, Approved
2866,1, Not Graduate, No,500000,900000,6,734,500000,1000000,1700000,700000, Approved
2867,4, Not Graduate, Yes,3200000,11700000,6,702,10200000,1700000,8400000,2300000, Approved
2868,0, Not Graduate, Yes,1700000,6900000,6,356,900000,3300000,6800000,600000, Rejected
2869,0, Graduate, Yes,8600000,14300000,16,827,29500000,18500000,28800000,3300000, Approved
2870,2, Not Graduate, No,2200000,2600000,8,891,1600000,4800000,6700000,400000, Approved
2871,2, Not Graduate, No,2900000,8000000,16,649,3100000,3400000,2700000,700000, Approved
2872,4, Graduate, No,9700000,39500000,8,502,5000000,10400000,33100000,5100000, Rejected
2873,0, Not Graduate, No,8200000,29500000,8,698,23400000,17100000,12900000,2000000, Approved
2874,4, Graduate, No,2300000,8800000,20,686,7900000,3300000,4500000,3000000, Approved
2875,1, Graduate, No,3900000,10200000,18,858,4600000,6100000,8300000,2400000, Approved
2876,5, Graduate, Yes,5200000,10100000,10,366,6600000,3100000,8600000,3200000, Rejected
2877,3, Graduate, No,6700000,21000000,6,609,7500000,7500000,5900000,7800000, Approved
2878,4, Not Graduate, Yes,9300000,16900000,16,726,6600000,8600000,11100000,4900000, Approved
2879,0, Graduate, Yes,8700000,34000000,2,509,24300000,14500000,28800000,9600000, Approved
2880,4, Graduate, No,9700000,17300000,10,805,3900000,4800000,27000000,12100000, Approved
2881,2, Graduate, No,500000,1100000,12,338,1700000,500000,1900000,300000, Rejected
2882,3, Not Graduate, Yes,2500000,7600000,14,363,8200000,5300000,8400000,1900000, Rejected
2883,0, Not Graduate, No,5700000,16800000,4,775,3400000,7800000,10900000,3100000, Approved
2884,3, Graduate, No,600000,2000000,2,375,1200000,1300000,2000000,400000, Approved
2885,5, Graduate, Yes,3600000,9900000,6,551,12500000,2100000,9100000,3300000, Approved
2886,5, Not Graduate, Yes,1700000,8000000,4,468,5100000,1900000,2600000,1000000, Rejected
2887,5, Graduate, No,9300000,39500000,12,713,23800000,11600000,36400000,7000000, Approved
2888,4, Graduate, Yes,800000,3600000,20,307,200000,800000,3000000,600000, Rejected
2889,1, Not Graduate, No,1600000,5600000,6,514,700000,2700000,1400000,200000, Approved
2890,2, Not Graduate, Yes,2100000,7400000,10,892,5900000,800000,7200000,700000, Approved
2891,0, Not Graduate, Yes,1600000,5500000,6,521,2300000,2100000,1200000,1400000, Rejected
2892,1, Graduate, Yes,5700000,15600000,2,659,13700000,2000000,21400000,600000, Approved
2893,1, Not Graduate, No,3700000,8500000,16,893,9800000,5800000,9900000,4000000, Approved
2894,4, Graduate, No,9100000,30600000,6,665,14500000,18900000,9900000,12400000, Approved
2895,0, Not Graduate, Yes,2700000,3000000,12,753,1800000,100000,9100000,3100000, Approved
2896,5, Graduate, No,5400000,5600000,14,876,8000000,6200000,12400000,2900000, Approved
2897,4, Graduate, Yes,6600000,29100000,18,670,20300000,8100000,4700000,4800000, Approved
2898,4, Not Graduate, Yes,6300000,7500000,4,800,8100000,11300000,20800000,6400000, Approved
2899,3, Graduate, No,8000000,24800000,12,605,3300000,1500000,26100000,8400000, Approved
2900,1, Not Graduate, Yes,2100000,7300000,20,789,7100000,2100000,4600000,3100000, Approved
2901,3, Not Graduate, No,5100000,9100000,10,685,12500000,10000000,15600000,4000000, Approved
2902,3, Graduate, Yes,8000000,36700000,2,504,15900000,10600000,5100000,3600000, Rejected
2903,5, Not Graduate, No,8600000,15100000,6,635,25300000,16100000,13900000,5200000, Approved
2904,4, Graduate, Yes,6200000,28100000,16,501,9700000,5600000,17700000,8600000, Rejected
2905,4, Graduate, No,6500000,26300000,16,538,22400000,15000000,8500000,6400000, Approved
2906,2, Graduate, No,8600000,16900000,8,475,26100000,1700000,17900000,11300000, Rejected
2907,2, Not Graduate, Yes,6300000,10100000,4,595,7100000,1400000,23700000,7000000, Approved
2908,4, Not Graduate, No,9400000,21300000,6,508,13400000,12400000,31900000,13600000, Rejected
2909,3, Not Graduate, No,1400000,3600000,6,676,1600000,1600000,3400000,1100000, Approved
2910,2, Not Graduate, No,3600000,7100000,16,522,8600000,5700000,9100000,5100000, Rejected
2911,2, Graduate, No,1200000,6000000,18,595,2800000,700000,4300000,1600000, Rejected
2912,3, Not Graduate, Yes,1000000,1900000,2,384,1900000,600000,3500000,1300000, Rejected
2913,3, Not Graduate, No,4800000,20700000,16,532,16300000,9000000,3900000,6800000, Rejected
2914,2, Graduate, Yes,2400000,3900000,16,513,4200000,1800000,5100000,2000000, Rejected
2915,0, Graduate, Yes,4100000,20200000,14,877,11400000,7500000,4800000,4700000, Approved
2916,5, Graduate, Yes,4400000,8400000,18,568,10400000,7000000,3500000,3900000, Rejected
2917,1, Not Graduate, No,6200000,16700000,2,312,11800000,1300000,9400000,7400000, Rejected
2918,0, Not Graduate, Yes,9400000,30400000,14,485,3200000,16700000,24800000,11000000, Rejected
2919,1, Graduate, Yes,8500000,12600000,4,738,20100000,18700000,27900000,9900000, Approved
2920,5, Graduate, No,3900000,16600000,18,399,9100000,8000000,14400000,2700000, Rejected
2921,1, Not Graduate, No,3300000,6900000,10,397,2000000,100000,6500000,4000000, Rejected
2922,4, Not Graduate, No,7700000,24600000,2,524,21800000,10400000,15200000,10200000, Approved
2923,2, Not Graduate, No,1400000,4500000,16,514,2400000,3200000,1500000,1400000, Rejected
2924,3, Not Graduate, No,5400000,18400000,16,589,6900000,8100000,6400000,4000000, Rejected
2925,4, Graduate, No,4300000,5300000,10,320,12600000,3100000,3700000,5600000, Rejected
2926,1, Not Graduate, No,1900000,3200000,8,733,2500000,900000,7400000,2300000, Approved
2927,2, Not Graduate, Yes,6200000,10200000,2,428,14000000,10600000,5900000,4700000, Rejected
2928,4, Graduate, Yes,3300000,7300000,20,727,7400000,6400000,10400000,3000000, Approved
2929,5, Graduate, No,2000000,3200000,4,639,700000,4600000,3200000,2100000, Approved
2930,5, Not Graduate, Yes,6600000,30900000,18,421,10500000,14900000,15700000,7000000, Rejected
2931,1, Graduate, Yes,1900000,5800000,12,582,1800000,1600000,6800000,1000000, Rejected
2932,1, Not Graduate, Yes,6700000,23400000,14,322,5800000,10100000,25300000,3400000, Rejected
2933,5, Graduate, Yes,1700000,4100000,14,721,4000000,400000,2300000,2300000, Approved
2934,4, Graduate, No,4400000,9300000,18,482,1000000,1000000,16200000,6200000, Rejected
2935,1, Not Graduate, Yes,8100000,24400000,2,530,27500000,1400000,11200000,5400000, Rejected
2936,3, Not Graduate, Yes,2400000,5200000,20,394,3600000,5600000,8000000,3300000, Rejected
2937,1, Not Graduate, No,7700000,18300000,2,519,9100000,2900000,4300000,5800000, Approved
2938,0, Graduate, Yes,7200000,20200000,20,537,23300000,8700000,17100000,2400000, Rejected
2939,0, Graduate, No,9000000,27200000,6,435,16300000,9700000,27400000,10100000, Rejected
2940,2, Not Graduate, No,1800000,8900000,18,888,4000000,1500000,6200000,300000, Approved
2941,1, Not Graduate, Yes,7200000,13600000,2,468,18000000,9700000,24800000,1900000, Rejected
2942,4, Not Graduate, Yes,9300000,27500000,10,408,28600000,100000,14400000,13200000, Rejected
2943,0, Not Graduate, No,7600000,12100000,12,629,4800000,7200000,26500000,6300000, Approved
2944,1, Graduate, Yes,2000000,4800000,20,491,900000,2400000,3300000,900000, Approved
2945,3, Graduate, No,8200000,31700000,4,572,28500000,16500000,10800000,6300000, Approved
2946,2, Graduate, No,1200000,2000000,2,735,300000,2100000,600000,1100000, Approved
2947,1, Not Graduate, No,5900000,19600000,14,347,15000000,12500000,7800000,5900000, Rejected
2948,0, Not Graduate, Yes,5000000,13300000,2,606,11100000,4700000,4600000,2900000, Approved
2949,0, Graduate, No,5400000,6500000,16,313,10900000,1900000,15500000,3500000, Rejected
2950,1, Not Graduate, No,5200000,24600000,2,326,14500000,5200000,5200000,4500000, Rejected
2951,1, Not Graduate, Yes,500000,1300000,20,355,1700000,1200000,1300000,500000, Rejected
2952,3, Graduate, No,5100000,21100000,12,397,1800000,2700000,4800000,7100000, Rejected
2953,4, Not Graduate, No,9300000,24800000,20,510,20700000,4100000,27600000,6000000, Rejected
2954,0, Not Graduate, No,4400000,20900000,4,862,11300000,10400000,6600000,5800000, Approved
2955,2, Not Graduate, No,2900000,6300000,6,844,3500000,6900000,4600000,4300000, Approved
2956,2, Not Graduate, No,9900000,26200000,10,362,31100000,3700000,27100000,5700000, Rejected
2957,0, Graduate, No,1100000,4400000,2,895,1900000,2100000,4200000,200000, Approved
2958,2, Not Graduate, Yes,4900000,11600000,4,681,3600000,5300000,19500000,4600000, Approved
2959,0, Graduate, Yes,5200000,12800000,8,632,15700000,6400000,9100000,7100000, Rejected
2960,1, Not Graduate, No,4800000,23900000,16,776,15900000,6000000,18300000,800000, Approved
2961,4, Not Graduate, No,9200000,29600000,16,591,4900000,22300000,24300000,3500000, Approved
2962,1, Not Graduate, Yes,4300000,16200000,2,459,11500000,2000000,15800000,4500000, Rejected
2963,4, Not Graduate, Yes,9700000,34700000,2,618,8800000,18700000,5800000,12000000, Rejected
2964,0, Not Graduate, Yes,800000,3400000,14,735,200000,0,500000,200000, Approved
2965,2, Not Graduate, No,7300000,32500000,8,710,7700000,11500000,5600000,4400000, Approved
2966,5, Graduate, Yes,6000000,19500000,16,402,18100000,9800000,19900000,2600000, Rejected
2967,3, Not Graduate, No,2500000,5400000,6,863,1700000,4700000,2500000,3600000, Approved
2968,4, Graduate, No,2400000,2600000,8,471,1500000,5600000,2700000,2500000, Rejected
2969,1, Not Graduate, Yes,7200000,24900000,6,792,19000000,13600000,18400000,5500000, Approved
2970,1, Graduate, No,6400000,27500000,6,487,9900000,11700000,24600000,8400000, Rejected
2971,2, Graduate, No,6100000,17100000,16,338,4200000,3900000,15200000,5200000, Rejected
2972,1, Graduate, No,600000,1000000,10,898,600000,1500000,1800000,800000, Approved
2973,4, Graduate, Yes,6000000,12900000,14,653,16900000,7000000,6900000,2600000, Approved
2974,2, Not Graduate, No,9800000,29800000,2,428,22100000,10200000,36300000,1400000, Rejected
2975,4, Graduate, No,300000,1300000,12,300,800000,400000,200000,200000, Rejected
2976,0, Graduate, No,4700000,7900000,10,377,2500000,4600000,7000000,1800000, Rejected
2977,2, Graduate, Yes,5000000,17200000,20,402,8600000,7400000,10400000,6400000, Rejected
2978,1, Not Graduate, Yes,8900000,35700000,10,856,25200000,7800000,11500000,7500000, Approved
2979,4, Not Graduate, Yes,2900000,13800000,4,406,3100000,1700000,8200000,1500000, Rejected
2980,1, Graduate, Yes,4800000,7000000,14,397,3600000,11100000,13800000,5700000, Rejected
2981,2, Graduate, Yes,7200000,33900000,4,803,10500000,16700000,8900000,6000000, Approved
2982,2, Not Graduate, No,700000,2400000,20,828,900000,900000,400000,600000, Approved
2983,4, Graduate, Yes,8000000,32500000,8,425,6500000,19200000,6100000,2800000, Rejected
2984,2, Not Graduate, No,8200000,10000000,16,690,27500000,8500000,4100000,12200000, Approved
2985,4, Graduate, Yes,7200000,21800000,14,621,12900000,7000000,26400000,7400000, Approved
2986,0, Graduate, Yes,6500000,22700000,10,646,14300000,14900000,17400000,8400000, Rejected
2987,4, Not Graduate, Yes,7500000,16700000,12,487,4500000,11900000,7400000,8700000, Approved
2988,3, Graduate, Yes,7800000,21300000,4,751,17300000,14900000,6400000,6300000, Approved
2989,0, Graduate, No,9000000,29000000,2,829,18300000,9300000,30300000,1000000, Approved
2990,0, Not Graduate, Yes,4300000,13800000,16,736,14100000,4400000,14400000,4400000, Approved
2991,1, Graduate, No,4600000,5400000,20,842,7200000,1000000,17200000,1100000, Approved
2992,5, Graduate, Yes,6400000,17700000,18,366,17800000,15500000,6800000,9300000, Rejected
2993,1, Not Graduate, No,2000000,3700000,8,694,2400000,1100000,4700000,900000, Approved
2994,2, Not Graduate, Yes,8500000,39500000,8,900,17900000,10500000,7900000,5200000, Approved
2995,2, Graduate, No,7700000,37800000,8,621,25100000,2200000,25300000,6700000, Rejected
2996,1, Graduate, No,6300000,13900000,16,866,14300000,10200000,12200000,5100000, Approved
2997,2, Not Graduate, Yes,3100000,5300000,14,509,7900000,3000000,9100000,3200000, Rejected
2998,1, Graduate, Yes,3600000,6800000,16,838,11100000,6900000,2200000,4300000, Approved
2999,4, Graduate, No,4400000,12800000,20,864,14300000,5800000,14200000,5100000, Approved
3000,0, Not Graduate, No,6600000,29700000,8,673,5900000,2100000,8600000,9100000, Approved
3001,3, Not Graduate, No,7800000,23400000,14,723,6600000,200000,26900000,5900000, Approved
3002,1, Graduate, Yes,6700000,8200000,12,614,13500000,3600000,7700000,5700000, Approved
3003,3, Graduate, Yes,9300000,10800000,20,490,32400000,16800000,30400000,12300000, Rejected
3004,3, Graduate, No,9600000,18300000,8,622,17400000,19900000,9300000,4800000, Approved
3005,3, Graduate, No,7100000,31000000,4,878,9200000,6100000,20000000,3200000, Approved
3006,3, Graduate, Yes,3800000,13200000,8,308,7500000,5100000,12300000,400000, Rejected
3007,1, Graduate, No,6000000,19500000,14,423,2500000,3600000,11100000,6800000, Rejected
3008,3, Graduate, Yes,4300000,9800000,20,600,3400000,9500000,5800000,4600000, Rejected
3009,1, Not Graduate, Yes,6300000,29700000,18,503,4400000,15200000,10700000,3100000, Rejected
3010,2, Graduate, Yes,8100000,18800000,2,674,2400000,15200000,12500000,2300000, Approved
3011,1, Not Graduate, Yes,3800000,16500000,12,516,9800000,800000,10300000,600000, Rejected
3012,3, Graduate, No,5100000,23400000,4,695,6500000,5600000,3300000,4000000, Approved
3013,4, Graduate, No,600000,1800000,8,363,500000,1500000,400000,200000, Rejected
3014,3, Not Graduate, Yes,7400000,33900000,20,499,14000000,4200000,11200000,9000000, Rejected
3015,0, Not Graduate, No,5000000,10500000,20,716,6300000,8400000,7300000,7200000, Approved
3016,0, Graduate, Yes,4700000,17100000,4,583,7000000,11000000,5300000,5600000, Rejected
3017,1, Graduate, No,5400000,7300000,4,728,6700000,10400000,16200000,7000000, Approved
3018,3, Graduate, Yes,2300000,6700000,14,682,500000,3500000,1300000,3400000, Approved
3019,1, Not Graduate, Yes,6000000,11200000,10,497,14800000,7600000,22400000,6800000, Rejected
3020,5, Not Graduate, No,7500000,9400000,10,557,4200000,17400000,23600000,6700000, Approved
3021,3, Not Graduate, No,3600000,3700000,18,879,3300000,3600000,6900000,4400000, Approved
3022,5, Graduate, Yes,1400000,3200000,20,878,1200000,3200000,4900000,1200000, Approved
3023,5, Graduate, Yes,3900000,13100000,20,321,5000000,4200000,10400000,2800000, Rejected
3024,0, Graduate, Yes,2100000,5900000,16,723,1500000,4000000,5200000,300000, Approved
3025,5, Graduate, Yes,3800000,8400000,20,595,5100000,8700000,6100000,3800000, Approved
3026,0, Graduate, No,6300000,31300000,16,300,6300000,8700000,17800000,8500000, Rejected
3027,0, Not Graduate, No,1300000,6200000,18,681,500000,1000000,1300000,1400000, Approved
3028,3, Graduate, Yes,7500000,11300000,12,313,23000000,1000000,17500000,5000000, Rejected
3029,3, Not Graduate, No,2400000,6400000,2,491,2900000,4900000,2200000,2300000, Rejected
3030,3, Not Graduate, No,8900000,32000000,18,714,4600000,13800000,18300000,11000000, Approved
3031,0, Not Graduate, No,7300000,28700000,20,788,14000000,4800000,19400000,8500000, Approved
3032,0, Not Graduate, Yes,2800000,6900000,8,547,1700000,6100000,2900000,2200000, Approved
3033,4, Graduate, No,5700000,22700000,10,786,15700000,13100000,7300000,3500000, Approved
3034,3, Graduate, No,1200000,1800000,12,804,500000,2700000,4000000,800000, Approved
3035,2, Not Graduate, No,1100000,2600000,14,568,1900000,1700000,1500000,1500000, Approved
3036,1, Not Graduate, Yes,9500000,36700000,14,403,31500000,23200000,7900000,3200000, Rejected
3037,1, Graduate, Yes,8000000,28000000,8,696,5800000,17500000,13300000,10500000, Approved
3038,1, Not Graduate, No,1700000,7400000,18,308,1500000,400000,6400000,600000, Rejected
3039,2, Not Graduate, No,2900000,3400000,18,836,6300000,7100000,8500000,4300000, Approved
3040,4, Graduate, No,2100000,3600000,20,533,7200000,2900000,5300000,1500000, Rejected
3041,2, Not Graduate, No,4000000,4800000,12,756,5900000,9200000,13800000,4500000, Approved
3042,2, Graduate, No,3000000,5300000,2,742,7000000,5700000,8400000,3400000, Approved
3043,5, Not Graduate, No,3400000,3500000,18,584,2400000,5500000,11400000,4000000, Approved
3044,0, Not Graduate, Yes,5300000,16000000,2,884,12300000,4300000,14800000,6400000, Approved
3045,0, Not Graduate, No,2000000,6200000,4,778,2100000,100000,7000000,300000, Approved
3046,5, Graduate, No,8800000,32000000,6,831,19600000,6100000,23600000,4200000, Approved
3047,5, Not Graduate, No,7300000,18500000,4,356,3600000,12500000,10400000,3100000, Rejected
3048,2, Not Graduate, No,7600000,7700000,16,590,14700000,16400000,4900000,8200000, Rejected
3049,1, Graduate, No,1800000,6700000,10,872,1800000,0,1600000,1900000, Approved
3050,0, Not Graduate, No,7100000,8600000,6,788,17400000,3700000,16300000,3700000, Approved
3051,0, Not Graduate, No,8300000,37100000,2,572,22100000,14000000,32400000,10100000, Approved
3052,5, Graduate, Yes,1900000,2100000,6,342,5700000,1300000,6000000,1000000, Rejected
3053,4, Graduate, No,7500000,23400000,14,469,26100000,2700000,24100000,4400000, Rejected
3054,5, Not Graduate, No,3700000,16900000,16,643,6300000,800000,10400000,2400000, Approved
3055,3, Graduate, Yes,7900000,26000000,6,685,19100000,12600000,28900000,9000000, Approved
3056,3, Not Graduate, Yes,4800000,16500000,2,855,1300000,7100000,14800000,600000, Approved
3057,5, Graduate, No,8000000,29800000,12,355,25500000,17200000,11200000,11000000, Rejected
3058,2, Graduate, No,1600000,2400000,16,538,3600000,1300000,3600000,1700000, Approved
3059,3, Graduate, No,4000000,14800000,2,463,6400000,1400000,7700000,3700000, Rejected
3060,1, Not Graduate, No,2800000,12700000,16,877,4600000,5600000,3000000,1200000, Approved
3061,3, Graduate, Yes,2600000,12700000,4,399,7000000,6400000,3300000,3100000, Rejected
3062,1, Graduate, No,3200000,8900000,6,432,9400000,2900000,4800000,4200000, Rejected
3063,1, Not Graduate, No,3900000,9300000,14,478,11200000,8400000,4300000,3100000, Rejected
3064,2, Not Graduate, Yes,1400000,5600000,2,363,2600000,2700000,1800000,700000, Rejected
3065,5, Graduate, Yes,7100000,22500000,8,686,10100000,16200000,26300000,4500000, Approved
3066,1, Graduate, No,5500000,11200000,4,615,18300000,5800000,9400000,3800000, Rejected
3067,3, Graduate, Yes,8300000,14000000,6,635,19000000,2100000,28200000,4400000, Approved
3068,3, Not Graduate, Yes,7100000,11900000,16,845,14200000,2100000,5200000,7800000, Approved
3069,3, Graduate, No,1600000,4500000,6,560,3500000,3100000,6300000,900000, Approved
3070,0, Not Graduate, No,800000,1300000,2,487,1800000,1700000,2500000,1000000, Rejected
3071,4, Not Graduate, Yes,4300000,4600000,6,525,11000000,4900000,15800000,3200000, Rejected
3072,4, Not Graduate, Yes,4900000,5900000,2,780,9900000,700000,11500000,4800000, Approved
3073,0, Not Graduate, Yes,2500000,11800000,14,617,7700000,400000,6800000,3600000, Rejected
3074,2, Graduate, No,7800000,10100000,20,401,23700000,11700000,13800000,5700000, Rejected
3075,5, Not Graduate, Yes,5800000,7500000,4,714,9600000,13300000,11700000,2000000, Approved
3076,1, Graduate, No,7500000,21000000,16,748,5700000,7500000,23500000,6500000, Approved
3077,3, Not Graduate, No,1200000,2400000,8,450,2500000,2000000,800000,1000000, Rejected
3078,4, Graduate, Yes,8100000,39300000,2,634,18200000,11000000,5100000,9700000, Rejected
3079,4, Not Graduate, Yes,2200000,10200000,14,638,4200000,4900000,7800000,2900000, Rejected
3080,2, Not Graduate, Yes,4500000,11800000,6,405,14100000,9400000,4000000,4900000, Rejected
3081,4, Graduate, Yes,4500000,12600000,12,305,2300000,2200000,13600000,6600000, Rejected
3082,5, Graduate, Yes,8200000,20500000,12,731,9400000,13900000,9800000,3900000, Approved
3083,2, Not Graduate, No,2900000,3300000,12,669,8900000,6100000,5200000,1300000, Approved
3084,5, Not Graduate, Yes,2500000,5400000,4,728,8300000,5800000,3800000,1300000, Approved
3085,4, Graduate, Yes,3500000,5200000,6,526,5600000,5200000,7800000,3600000, Approved
3086,3, Graduate, No,3700000,5200000,16,609,3100000,1600000,12600000,1600000, Approved
3087,4, Graduate, No,1900000,6200000,20,889,3000000,2700000,6800000,400000, Approved
3088,1, Not Graduate, Yes,1900000,2700000,2,435,3200000,3200000,2400000,2800000, Rejected
3089,0, Not Graduate, No,2400000,3400000,10,692,4600000,1600000,4000000,1300000, Approved
3090,4, Graduate, No,4700000,13700000,18,379,5200000,11400000,16100000,1900000, Rejected
3091,4, Graduate, Yes,3500000,9700000,6,339,4300000,2000000,2800000,2100000, Rejected
3092,5, Graduate, Yes,4000000,6200000,10,875,9500000,9100000,3600000,1300000, Approved
3093,3, Not Graduate, Yes,7200000,7300000,20,378,16200000,7700000,15700000,1100000, Rejected
3094,2, Not Graduate, Yes,2500000,4400000,20,694,6000000,0,8200000,1300000, Approved
3095,5, Graduate, No,9100000,17700000,14,609,13100000,12400000,15300000,5200000, Approved
3096,5, Graduate, No,7500000,31500000,14,786,9800000,11800000,5600000,9300000, Approved
3097,4, Not Graduate, Yes,1900000,8900000,14,628,2600000,4100000,7400000,1300000, Approved
3098,4, Not Graduate, Yes,3200000,8400000,6,718,10700000,4300000,12100000,3600000, Approved
3099,1, Graduate, No,1900000,5000000,18,837,2900000,400000,5300000,2100000, Approved
3100,5, Not Graduate, Yes,2800000,10800000,2,798,6200000,6500000,8100000,3400000, Approved
3101,0, Not Graduate, No,3700000,13000000,2,733,7100000,5200000,13900000,5100000, Approved
3102,4, Not Graduate, No,1400000,2400000,14,397,4300000,1000000,3900000,1100000, Rejected
3103,1, Not Graduate, Yes,300000,400000,18,401,400000,700000,1000000,100000, Rejected
3104,0, Graduate, No,4500000,12400000,18,598,7300000,1400000,9600000,700000, Approved
3105,4, Graduate, Yes,7000000,22800000,14,695,20900000,1700000,9100000,2500000, Approved
3106,2, Graduate, Yes,3100000,4800000,8,700,2300000,4100000,10600000,3900000, Approved
3107,5, Graduate, Yes,8600000,18700000,8,772,18600000,13400000,24900000,7800000, Approved
3108,1, Not Graduate, No,3800000,8500000,10,362,5800000,4900000,5800000,1100000, Rejected
3109,4, Not Graduate, No,9000000,18400000,6,404,31100000,20900000,24100000,2600000, Rejected
3110,3, Graduate, No,2500000,7100000,10,390,6500000,1600000,8400000,3400000, Rejected
3111,4, Graduate, Yes,5400000,19500000,4,625,1300000,13400000,7800000,4500000, Approved
3112,5, Not Graduate, Yes,7600000,23100000,8,681,22600000,400000,24200000,2600000, Approved
3113,3, Graduate, No,700000,1300000,20,369,1800000,200000,500000,900000, Rejected
3114,2, Graduate, Yes,9300000,13100000,16,822,19100000,4300000,25000000,10300000, Approved
3115,3, Not Graduate, Yes,3700000,15900000,4,482,3600000,700000,14800000,2800000, Rejected
3116,3, Not Graduate, Yes,5000000,14600000,6,696,3500000,5500000,17700000,3800000, Approved
3117,5, Not Graduate, Yes,6300000,7900000,6,751,14300000,13600000,22500000,6600000, Approved
3118,1, Graduate, Yes,6500000,13200000,6,321,10700000,13300000,18700000,3700000, Rejected
3119,0, Graduate, Yes,400000,1700000,14,819,1200000,700000,800000,600000, Approved
3120,2, Not Graduate, No,8600000,34500000,18,883,9200000,200000,24700000,10300000, Approved
3121,2, Graduate, No,6300000,28400000,16,876,14500000,13600000,10200000,6300000, Approved
3122,5, Not Graduate, No,9900000,33700000,10,383,10100000,9800000,24100000,10500000, Rejected
3123,1, Graduate, Yes,4800000,12900000,4,535,11000000,8800000,11500000,7200000, Approved
3124,0, Not Graduate, No,6200000,16800000,4,439,2200000,11300000,14900000,700000, Rejected
3125,0, Not Graduate, No,4500000,8000000,18,570,6700000,2000000,8700000,600000, Rejected
3126,5, Graduate, No,8900000,32100000,14,885,6900000,11500000,15400000,10700000, Approved
3127,3, Graduate, No,8300000,27700000,12,758,18300000,19200000,13700000,3300000, Approved
3128,5, Graduate, Yes,9100000,14700000,12,763,11300000,6000000,11700000,9600000, Approved
3129,1, Graduate, Yes,5100000,23200000,18,553,14000000,9100000,10400000,4100000, Rejected
3130,0, Not Graduate, No,7900000,19500000,18,862,4600000,18900000,7200000,4300000, Approved
3131,2, Graduate, Yes,3700000,4400000,2,852,7500000,3300000,13500000,1600000, Approved
3132,1, Graduate, No,4700000,10900000,8,784,10100000,4600000,3500000,5600000, Approved
3133,0, Not Graduate, No,7600000,34000000,2,789,2100000,8600000,26100000,2600000, Approved
3134,5, Graduate, Yes,900000,4200000,8,691,300000,1800000,1200000,300000, Approved
3135,2, Graduate, No,7100000,21000000,14,357,8600000,7800000,24800000,5100000, Rejected
3136,0, Not Graduate, Yes,300000,1400000,6,471,700000,400000,900000,100000, Rejected
3137,1, Not Graduate, Yes,5800000,26100000,4,762,19600000,3200000,21600000,5800000, Approved
3138,2, Graduate, Yes,4800000,20600000,10,496,2400000,11900000,17000000,7100000, Rejected
3139,5, Graduate, Yes,4700000,20900000,12,403,11800000,10500000,13900000,5400000, Rejected
3140,3, Not Graduate, Yes,5000000,12600000,16,869,12400000,7500000,5200000,4700000, Approved
3141,3, Not Graduate, No,5000000,20100000,2,593,12000000,12000000,12100000,3300000, Approved
3142,3, Graduate, Yes,4100000,13600000,6,817,7800000,7000000,6900000,6100000, Approved
3143,4, Graduate, Yes,4600000,17800000,16,470,15600000,11000000,16600000,6100000, Rejected
3144,1, Graduate, Yes,5700000,9800000,14,516,10600000,2300000,20300000,7100000, Rejected
3145,2, Not Graduate, No,7600000,29800000,18,506,22500000,4300000,12200000,3200000, Rejected
3146,2, Not Graduate, Yes,5600000,27100000,18,524,6000000,12400000,16000000,1500000, Rejected
3147,0, Not Graduate, Yes,6400000,14100000,18,562,18300000,6700000,10800000,2200000, Rejected
3148,3, Not Graduate, Yes,8300000,39500000,12,478,29000000,7700000,23900000,3800000, Approved
3149,4, Graduate, No,9800000,24600000,20,789,31400000,18500000,26000000,2100000, Approved
3150,3, Graduate, Yes,1200000,2200000,10,496,1400000,1900000,2700000,1600000, Rejected
3151,0, Graduate, Yes,7100000,10300000,20,565,21200000,6100000,25400000,2600000, Rejected
3152,2, Graduate, No,2400000,9900000,8,817,1200000,2400000,3300000,1000000, Approved
3153,2, Not Graduate, Yes,2100000,6800000,10,562,5100000,2100000,6900000,2800000, Approved
3154,0, Not Graduate, Yes,7900000,17600000,14,306,10500000,2500000,23000000,11400000, Rejected
3155,3, Graduate, Yes,800000,2700000,8,300,1900000,500000,1200000,300000, Rejected
3156,3, Not Graduate, No,8500000,19800000,4,562,13300000,11400000,16800000,4400000, Rejected
3157,4, Not Graduate, Yes,7700000,21500000,18,689,1800000,15100000,5700000,9400000, Approved
3158,4, Graduate, No,9900000,39500000,10,866,9500000,10400000,25700000,14400000, Approved
3159,5, Not Graduate, No,6700000,24600000,20,378,2300000,6400000,24200000,6800000, Rejected
3160,2, Graduate, Yes,8700000,35200000,8,626,14000000,14100000,7900000,6300000, Approved
3161,1, Graduate, No,1300000,4300000,20,473,3900000,500000,1300000,1400000, Rejected
3162,3, Graduate, No,8900000,39500000,14,570,23500000,8500000,19200000,10600000, Rejected
3163,3, Graduate, Yes,1700000,3300000,16,566,4800000,900000,2500000,400000, Approved
3164,1, Graduate, Yes,3200000,6600000,16,487,9200000,5200000,4700000,2300000, Rejected
3165,2, Graduate, Yes,1400000,1900000,6,310,2000000,400000,3800000,1800000, Rejected
3166,5, Not Graduate, Yes,4100000,13200000,18,344,7700000,4600000,7900000,4500000, Rejected
3167,4, Not Graduate, No,7500000,25900000,20,613,14100000,11200000,25900000,2400000, Approved
3168,3, Graduate, No,2800000,10900000,14,434,1600000,5800000,5600000,3200000, Rejected
3169,5, Graduate, Yes,8200000,19200000,20,496,17800000,14900000,21800000,8500000, Rejected
3170,0, Graduate, Yes,6100000,6400000,18,354,15700000,14400000,11500000,2900000, Rejected
3171,3, Not Graduate, No,6300000,22200000,14,329,14000000,10700000,8800000,3700000, Rejected
3172,1, Not Graduate, Yes,9400000,39500000,10,376,25000000,8200000,20200000,5100000, Rejected
3173,1, Not Graduate, No,4400000,9600000,18,526,2600000,2500000,13300000,6600000, Rejected
3174,4, Not Graduate, Yes,3500000,6100000,4,398,9500000,500000,13400000,1300000, Rejected
3175,4, Not Graduate, No,9900000,21100000,12,439,8800000,6900000,6400000,12500000, Rejected
3176,2, Not Graduate, No,5600000,15100000,18,481,17300000,1900000,13200000,4700000, Rejected
3177,3, Graduate, No,6200000,12400000,20,475,6300000,5700000,16900000,8300000, Rejected
3178,3, Graduate, Yes,3100000,7400000,6,306,5700000,5400000,2500000,4600000, Rejected
3179,5, Graduate, Yes,2300000,8200000,2,370,4200000,4000000,7800000,3300000, Rejected
3180,0, Graduate, No,1800000,4300000,8,871,2000000,1400000,2600000,2300000, Approved
3181,3, Graduate, Yes,2300000,5900000,18,701,3200000,2900000,8200000,1600000, Approved
3182,0, Graduate, Yes,2100000,2400000,12,374,1700000,1100000,5100000,1000000, Rejected
3183,5, Graduate, Yes,7500000,35000000,2,470,15600000,9400000,7700000,4100000, Rejected
3184,1, Graduate, No,700000,1800000,4,530,2200000,900000,2200000,700000, Approved
3185,0, Graduate, No,6300000,14600000,8,844,7800000,4700000,6600000,3600000, Approved
3186,4, Not Graduate, No,9500000,12800000,8,828,17800000,6200000,28700000,6700000, Approved
3187,4, Not Graduate, No,7700000,27200000,4,763,23400000,18900000,25600000,1600000, Approved
3188,5, Graduate, No,4100000,18300000,10,364,6900000,5500000,10300000,4800000, Rejected
3189,2, Graduate, Yes,700000,800000,10,594,2100000,1000000,1000000,200000, Approved
3190,1, Not Graduate, Yes,8300000,13100000,4,590,13900000,200000,16900000,4700000, Rejected
3191,4, Graduate, No,200000,300000,6,683,300000,100000,500000,200000, Rejected
3192,5, Graduate, Yes,6800000,23200000,14,807,4900000,6100000,19200000,5700000, Approved
3193,5, Not Graduate, Yes,6700000,31400000,20,492,4100000,16200000,18200000,9000000, Rejected
3194,2, Graduate, Yes,2000000,5500000,20,634,4400000,900000,3800000,2000000, Approved
3195,3, Not Graduate, Yes,7400000,17600000,12,458,21700000,5600000,23300000,8900000, Rejected
3196,4, Graduate, Yes,1900000,7700000,2,426,1200000,4700000,6100000,1000000, Rejected
3197,4, Graduate, Yes,2400000,9500000,18,488,7700000,2900000,7000000,700000, Rejected
3198,3, Graduate, No,8100000,16100000,20,742,11200000,6400000,11800000,9200000, Approved
3199,0, Graduate, Yes,9700000,15900000,6,563,15600000,15400000,20800000,3100000, Approved
3200,3, Graduate, Yes,2700000,6600000,10,709,8500000,3400000,5400000,3400000, Approved
3201,1, Graduate, Yes,9200000,37700000,2,715,29100000,22000000,30900000,13100000, Approved
3202,2, Not Graduate, No,9100000,34400000,18,517,17600000,1900000,30300000,4500000, Rejected
3203,3, Graduate, Yes,7700000,28200000,16,873,8600000,15200000,27200000,9000000, Approved
3204,0, Not Graduate, Yes,1500000,6500000,2,327,1200000,1000000,2000000,1100000, Rejected
3205,2, Graduate, Yes,3100000,6500000,16,839,3400000,6300000,9700000,1600000, Approved
3206,1, Not Graduate, Yes,6800000,16000000,10,304,18900000,14400000,24100000,4800000, Rejected
3207,0, Graduate, Yes,9900000,11600000,12,529,12600000,21000000,10700000,10000000, Approved
3208,3, Not Graduate, No,8100000,36200000,6,796,20200000,17600000,5200000,12000000, Approved
3209,4, Not Graduate, No,4300000,14300000,18,711,3600000,7700000,3700000,2200000, Approved
3210,5, Not Graduate, No,2500000,5500000,10,493,4400000,900000,6600000,2700000, Rejected
3211,4, Not Graduate, No,9600000,12300000,18,832,13100000,1200000,19000000,5500000, Approved
3212,1, Not Graduate, Yes,2900000,11300000,4,382,5400000,2500000,3400000,1300000, Rejected
3213,0, Graduate, No,3500000,14000000,12,703,7300000,4300000,8200000,3400000, Approved
3214,4, Graduate, Yes,9600000,35200000,8,611,33300000,7300000,31200000,11200000, Approved
3215,0, Graduate, Yes,5700000,10300000,20,424,18100000,10600000,19900000,6300000, Rejected
3216,2, Not Graduate, Yes,2700000,12600000,12,853,6700000,4900000,8500000,3800000, Approved
3217,2, Not Graduate, Yes,200000,800000,16,760,100000,500000,700000,100000, Approved
3218,1, Not Graduate, Yes,4400000,16000000,2,305,14200000,4400000,11500000,3800000, Rejected
3219,3, Not Graduate, No,9800000,35300000,14,352,30800000,19300000,33600000,5000000, Rejected
3220,4, Graduate, Yes,4400000,20300000,4,333,13800000,8200000,8600000,5500000, Rejected
3221,5, Not Graduate, Yes,7000000,33000000,8,549,12500000,17300000,24400000,1300000, Approved
3222,2, Graduate, No,2600000,8800000,6,550,2000000,5000000,9500000,900000, Rejected
3223,2, Not Graduate, No,7800000,20800000,2,735,21000000,5500000,22600000,9200000, Approved
3224,1, Not Graduate, Yes,7800000,19100000,12,706,11600000,300000,15700000,4700000, Approved
3225,0, Not Graduate, Yes,6100000,26100000,6,309,8200000,14800000,9100000,6400000, Rejected
3226,5, Not Graduate, Yes,7700000,27600000,12,586,11500000,13800000,12600000,11500000, Approved
3227,5, Not Graduate, Yes,5800000,7600000,16,771,11900000,11800000,5600000,4300000, Approved
3228,5, Graduate, No,3900000,6100000,4,839,5100000,7700000,2600000,3300000, Approved
3229,0, Graduate, Yes,7400000,34000000,16,475,18300000,13600000,14400000,10800000, Rejected
3230,2, Graduate, Yes,8300000,37700000,6,326,19400000,15600000,5400000,9500000, Rejected
3231,3, Not Graduate, No,8400000,39500000,8,391,15800000,19500000,30100000,3200000, Rejected
3232,5, Graduate, No,2200000,6000000,12,504,800000,5000000,6100000,2700000, Rejected
3233,2, Not Graduate, Yes,6800000,28100000,14,566,22400000,6400000,23500000,5600000, Rejected
3234,0, Not Graduate, Yes,200000,900000,14,511,300000,0,400000,200000, Rejected
3235,5, Graduate, No,5800000,13100000,4,354,9800000,600000,7400000,5400000, Rejected
3236,0, Not Graduate, Yes,5700000,9000000,12,504,9700000,6400000,8600000,2400000, Rejected
3237,4, Not Graduate, No,3700000,18500000,6,474,5200000,7700000,12900000,4600000, Rejected
3238,2, Graduate, Yes,9900000,11100000,6,593,24000000,21000000,9200000,1000000, Approved
3239,0, Graduate, Yes,8800000,29800000,20,347,2200000,8900000,25900000,11800000, Rejected
3240,3, Not Graduate, Yes,500000,1800000,4,775,1500000,400000,600000,600000, Approved
3241,2, Not Graduate, Yes,2200000,8200000,10,550,1200000,2800000,3800000,3200000, Rejected
3242,2, Not Graduate, Yes,2200000,4400000,10,491,7700000,4600000,1100000,300000, Rejected
3243,1, Graduate, No,8900000,34600000,6,844,20200000,14200000,19400000,6300000, Approved
3244,4, Not Graduate, No,5200000,9700000,16,747,2200000,1800000,4900000,1800000, Approved
3245,1, Not Graduate, No,7300000,31500000,10,382,15000000,6600000,25600000,4600000, Rejected
3246,0, Graduate, Yes,8100000,15200000,16,388,10500000,11200000,6800000,4900000, Rejected
3247,2, Graduate, No,7700000,29200000,8,301,25800000,10400000,10600000,7200000, Rejected
3248,1, Not Graduate, No,1000000,4100000,18,636,2700000,2100000,600000,700000, Approved
3249,3, Not Graduate, Yes,1500000,2600000,16,513,2800000,3500000,6000000,2200000, Approved
3250,3, Not Graduate, Yes,4000000,7800000,8,525,6500000,1000000,11000000,2000000, Rejected
3251,4, Not Graduate, No,3500000,14400000,20,606,12200000,2000000,9600000,2400000, Approved
3252,5, Graduate, Yes,7500000,10100000,18,624,18000000,7400000,17400000,8100000, Approved
3253,0, Graduate, No,1700000,3000000,12,300,3200000,1300000,6000000,800000, Rejected
3254,0, Not Graduate, No,3800000,10700000,2,364,5800000,3900000,3800000,4200000, Rejected
3255,2, Graduate, No,2500000,11800000,12,774,3200000,300000,8200000,2700000, Approved
3256,0, Graduate, No,2000000,6500000,14,873,5100000,300000,6600000,2200000, Approved
3257,5, Graduate, No,1800000,4600000,8,803,3900000,3800000,1100000,1900000, Approved
3258,4, Graduate, No,2100000,10300000,4,844,6300000,500000,2000000,2600000, Approved
3259,2, Not Graduate, Yes,5700000,16300000,12,578,11600000,11700000,13800000,8500000, Rejected
3260,5, Not Graduate, Yes,4200000,11500000,18,796,8900000,3200000,3400000,700000, Approved
3261,3, Not Graduate, No,4400000,11600000,8,830,7800000,3400000,6500000,3500000, Approved
3262,3, Not Graduate, No,4800000,10800000,10,836,13000000,1200000,9200000,5900000, Approved
3263,4, Graduate, No,7400000,17000000,2,389,11600000,200000,7800000,700000, Rejected
3264,3, Not Graduate, No,8600000,32300000,16,388,25900000,7600000,25500000,7400000, Rejected
3265,4, Not Graduate, Yes,5300000,6200000,18,541,6800000,11100000,11800000,5400000, Approved
3266,1, Not Graduate, No,6400000,23900000,16,602,15900000,14700000,17500000,2400000, Approved
3267,3, Not Graduate, Yes,7400000,13400000,10,875,23300000,1100000,16000000,4900000, Approved
3268,4, Graduate, No,6900000,17500000,2,491,18900000,500000,13400000,8300000, Rejected
3269,5, Not Graduate, No,1500000,2400000,10,799,2000000,600000,3300000,300000, Approved
3270,1, Not Graduate, No,9800000,31500000,20,833,24800000,18800000,35800000,2800000, Approved
3271,0, Graduate, No,1800000,7100000,2,880,1600000,900000,3400000,2200000, Approved
3272,3, Graduate, Yes,4200000,10200000,6,413,1600000,2400000,11500000,5200000, Rejected
3273,0, Graduate, Yes,6500000,10700000,18,445,18300000,14400000,22200000,6000000, Rejected
3274,4, Graduate, Yes,4100000,7800000,12,432,11800000,9000000,11000000,2800000, Approved
3275,2, Not Graduate, No,2500000,10700000,4,741,700000,4200000,3200000,600000, Approved
3276,4, Graduate, Yes,9200000,19000000,2,712,30600000,3800000,8500000,11400000, Approved
3277,0, Graduate, No,900000,3700000,10,544,1500000,900000,2300000,400000, Rejected
3278,0, Not Graduate, No,2600000,6000000,12,353,8300000,1500000,7900000,3600000, Rejected
3279,1, Graduate, Yes,9900000,17400000,18,613,27700000,16600000,31600000,11700000, Approved
3280,0, Not Graduate, Yes,7300000,28500000,18,740,23200000,14200000,21400000,1600000, Approved
3281,0, Not Graduate, Yes,1000000,2900000,10,585,3000000,400000,500000,1000000, Approved
3282,4, Graduate, Yes,7500000,8400000,10,461,25600000,16800000,24100000,10400000, Approved
3283,4, Graduate, No,9700000,39500000,20,655,22100000,11200000,25400000,12900000, Approved
3284,3, Graduate, Yes,1100000,1800000,16,697,1000000,2200000,4400000,1100000, Approved
3285,2, Not Graduate, No,4200000,10100000,6,655,6200000,500000,13300000,1400000, Approved
3286,1, Not Graduate, Yes,4700000,11900000,14,824,12600000,4200000,9400000,4900000, Approved
3287,5, Not Graduate, No,1400000,4100000,16,488,1000000,100000,4000000,1400000, Rejected
3288,5, Not Graduate, No,2100000,8700000,6,666,6900000,3800000,5600000,1900000, Approved
3289,1, Not Graduate, No,1900000,1900000,20,813,1700000,400000,3200000,900000, Approved
3290,5, Not Graduate, Yes,2000000,9500000,6,427,6200000,1700000,4700000,2700000, Rejected
3291,3, Not Graduate, Yes,4100000,14700000,12,469,7400000,8000000,5000000,3300000, Rejected
3292,2, Graduate, No,4700000,22600000,10,329,14000000,8800000,3800000,2400000, Rejected
3293,1, Not Graduate, Yes,2500000,10700000,14,525,8400000,4000000,7700000,1100000, Rejected
3294,3, Not Graduate, Yes,3000000,14100000,20,326,4800000,5200000,5500000,1500000, Rejected
3295,0, Not Graduate, No,2000000,6800000,8,748,5000000,3300000,6300000,1500000, Approved
3296,1, Graduate, Yes,8000000,19400000,8,353,7600000,12800000,17700000,3400000, Rejected
3297,4, Not Graduate, Yes,2200000,6100000,16,716,6300000,1900000,7300000,1800000, Approved
3298,2, Graduate, No,9000000,32700000,20,648,26200000,600000,27800000,3300000, Approved
3299,0, Not Graduate, Yes,5400000,14600000,20,893,6300000,6000000,17100000,2600000, Approved
3300,0, Graduate, No,8000000,31400000,16,509,2200000,900000,16000000,2100000, Rejected
3301,4, Not Graduate, Yes,6400000,8800000,16,507,10400000,7500000,24700000,3800000, Rejected
3302,5, Not Graduate, Yes,2800000,12100000,16,446,2100000,3200000,5400000,1900000, Rejected
3303,4, Graduate, No,6000000,10900000,20,622,17400000,2700000,19700000,4000000, Approved
3304,0, Graduate, No,2800000,13400000,2,431,3000000,5500000,6200000,3100000, Rejected
3305,4, Graduate, No,1300000,2100000,12,368,4300000,2300000,1700000,1000000, Rejected
3306,1, Graduate, No,2600000,3900000,2,870,8900000,3600000,7000000,2800000, Approved
3307,3, Graduate, No,2900000,12300000,12,708,9300000,6700000,6200000,400000, Approved
3308,3, Not Graduate, Yes,1500000,6400000,8,371,3300000,1100000,2100000,1100000, Rejected
3309,5, Not Graduate, Yes,400000,1600000,8,671,400000,300000,700000,100000, Approved
3310,4, Not Graduate, No,9400000,39500000,18,483,26900000,4300000,10000000,7000000, Rejected
3311,0, Not Graduate, Yes,5200000,10800000,16,408,13100000,7100000,20600000,5000000, Rejected
3312,0, Not Graduate, No,4100000,17700000,12,583,14000000,2100000,11300000,5000000, Rejected
3313,5, Not Graduate, No,9300000,22400000,18,773,13400000,20200000,10300000,8100000, Approved
3314,1, Not Graduate, No,2400000,7600000,2,300,900000,1800000,7600000,1500000, Rejected
3315,0, Not Graduate, No,4100000,11400000,14,513,14300000,5000000,10700000,1900000, Rejected
3316,1, Not Graduate, Yes,8400000,8600000,4,853,24900000,11100000,25400000,12100000, Approved
3317,2, Not Graduate, Yes,6300000,20800000,6,536,5900000,4800000,16000000,2400000, Approved
3318,5, Graduate, Yes,4100000,16400000,4,359,10600000,7600000,2900000,700000, Rejected
3319,5, Not Graduate, No,2700000,4600000,12,557,500000,4700000,3300000,700000, Approved
3320,3, Not Graduate, Yes,500000,2400000,14,710,1000000,1000000,1600000,700000, Approved
3321,1, Graduate, Yes,1000000,3100000,16,898,1400000,1500000,3100000,1400000, Approved
3322,4, Not Graduate, Yes,1700000,2900000,10,677,2500000,2000000,5300000,900000, Approved
3323,5, Not Graduate, No,7900000,28300000,20,330,8000000,8900000,4400000,800000, Rejected
3324,2, Graduate, No,6400000,11300000,8,786,7100000,11500000,21200000,7500000, Approved
3325,3, Graduate, No,4400000,5500000,4,768,7500000,4100000,9000000,2300000, Approved
3326,2, Not Graduate, No,7800000,29200000,2,691,7900000,8500000,22800000,1000000, Approved
3327,5, Not Graduate, No,1700000,2500000,4,838,3000000,700000,2500000,1300000, Approved
3328,3, Not Graduate, No,2200000,3100000,10,762,4600000,3700000,7000000,1500000, Approved
3329,0, Not Graduate, Yes,4000000,15800000,10,439,10200000,800000,15800000,2400000, Rejected
3330,5, Graduate, No,9100000,11100000,18,553,22200000,22500000,12600000,9200000, Approved
3331,3, Graduate, Yes,6200000,26300000,4,604,6200000,2200000,20100000,6900000, Approved
3332,2, Not Graduate, No,8500000,35600000,6,593,2800000,8100000,22200000,7500000, Approved
3333,1, Not Graduate, Yes,2600000,4100000,20,683,7700000,1500000,3800000,300000, Approved
3334,4, Graduate, No,8500000,26100000,2,721,26200000,6200000,13000000,1100000, Approved
3335,0, Not Graduate, Yes,900000,1200000,10,362,3100000,700000,2800000,1200000, Rejected
3336,1, Graduate, Yes,2400000,8500000,4,641,8100000,4300000,3600000,900000, Approved
3337,4, Not Graduate, No,5300000,6600000,12,323,12100000,2300000,3500000,3500000, Rejected
3338,1, Graduate, No,600000,2900000,20,607,1900000,400000,2100000,100000, Approved
3339,4, Not Graduate, No,8600000,15700000,6,553,14400000,2200000,22000000,3600000, Approved
3340,1, Graduate, Yes,8700000,32500000,8,423,24300000,7200000,27400000,6800000, Rejected
3341,4, Graduate, No,5500000,8300000,10,895,18400000,12900000,14400000,2400000, Approved
3342,4, Not Graduate, Yes,3100000,5700000,16,455,8800000,2900000,7200000,3200000, Rejected
3343,4, Not Graduate, Yes,1100000,3100000,20,333,1700000,2100000,3500000,700000, Rejected
3344,4, Graduate, Yes,6200000,20400000,2,515,9000000,7200000,3800000,7500000, Rejected
3345,4, Graduate, No,5400000,27000000,10,755,6300000,6100000,8600000,5100000, Approved
3346,2, Graduate, Yes,7600000,8400000,16,305,10700000,15700000,20500000,3500000, Rejected
3347,2, Graduate, No,6100000,6100000,2,596,17700000,400000,23200000,7500000, Approved
3348,0, Not Graduate, Yes,1400000,3400000,18,550,3500000,3000000,2600000,2000000, Rejected
3349,2, Graduate, No,1300000,3200000,6,820,1300000,1600000,5100000,300000, Approved
3350,2, Not Graduate, No,7800000,35400000,12,301,19900000,6800000,24500000,8100000, Rejected
3351,4, Not Graduate, No,1700000,7900000,20,310,2500000,3900000,3700000,1700000, Rejected
3352,5, Graduate, Yes,9300000,39500000,14,639,19000000,7900000,18600000,9600000, Approved
3353,3, Not Graduate, No,1200000,1900000,20,407,1700000,2900000,1100000,200000, Rejected
3354,0, Graduate, No,7300000,19300000,14,723,14000000,17100000,19400000,1000000, Rejected
3355,1, Graduate, No,9700000,38600000,6,467,25300000,6500000,6600000,5000000, Rejected
3356,3, Not Graduate, No,4500000,10100000,14,637,11800000,3800000,9000000,1000000, Approved
3357,2, Not Graduate, Yes,700000,2600000,14,322,1900000,1400000,900000,400000, Rejected
3358,5, Graduate, Yes,8700000,17000000,8,716,13000000,4300000,33500000,11500000, Approved
3359,1, Not Graduate, No,2000000,4600000,2,611,5000000,3700000,3500000,1200000, Approved
3360,3, Not Graduate, Yes,5300000,23500000,14,300,5200000,1700000,11700000,3400000, Rejected
3361,4, Not Graduate, Yes,9800000,19600000,12,459,17400000,5000000,17800000,4700000, Rejected
3362,2, Not Graduate, No,7400000,35900000,16,335,15700000,9300000,7300000,5100000, Rejected
3363,1, Graduate, Yes,600000,1300000,4,326,1500000,1100000,1000000,700000, Rejected
3364,0, Not Graduate, Yes,8200000,9000000,12,719,26300000,15200000,26500000,10400000, Approved
3365,3, Graduate, Yes,1700000,3400000,18,557,2000000,2600000,4500000,1200000, Rejected
3366,3, Not Graduate, Yes,7500000,12600000,18,782,22400000,5100000,15200000,4900000, Approved
3367,4, Graduate, No,6200000,18800000,20,454,7600000,6400000,20900000,2300000, Rejected
3368,5, Not Graduate, No,3000000,4400000,6,731,6100000,1800000,1500000,4400000, Approved
3369,5, Not Graduate, Yes,4300000,15100000,4,669,12600000,3000000,14600000,2300000, Approved
3370,1, Graduate, No,1300000,5800000,12,698,3400000,1100000,900000,800000, Approved
3371,2, Graduate, No,9800000,24000000,10,797,29900000,14700000,34800000,6900000, Approved
3372,1, Graduate, No,2500000,4200000,6,725,7200000,1300000,9500000,500000, Approved
3373,5, Not Graduate, Yes,3200000,8300000,4,748,3600000,300000,10800000,1800000, Approved
3374,0, Graduate, Yes,5100000,21100000,4,744,17700000,8800000,2900000,7200000, Approved
3375,3, Not Graduate, No,6700000,22600000,8,568,22100000,400000,15700000,1400000, Rejected
3376,1, Not Graduate, Yes,5100000,7200000,16,735,8300000,12400000,17300000,2200000, Approved
3377,0, Graduate, No,5100000,16100000,2,806,1800000,4500000,12300000,2100000, Approved
3378,3, Not Graduate, No,5900000,16900000,4,743,7100000,100000,10400000,2500000, Approved
3379,2, Not Graduate, Yes,8600000,19900000,6,665,25500000,19000000,18500000,12400000, Approved
3380,4, Not Graduate, Yes,4000000,5800000,18,344,13400000,6000000,3100000,4400000, Rejected
3381,2, Not Graduate, No,8300000,39500000,20,562,24400000,17000000,18600000,11500000, Approved
3382,1, Graduate, Yes,7900000,13500000,10,338,11900000,8600000,4700000,10300000, Rejected
3383,0, Graduate, Yes,9600000,17000000,2,362,3700000,8500000,26400000,9400000, Rejected
3384,1, Not Graduate, No,9100000,14400000,2,517,17400000,14900000,17000000,8000000, Rejected
3385,2, Graduate, No,8000000,26200000,18,578,11500000,8100000,9400000,6500000, Approved
3386,1, Graduate, Yes,2600000,7200000,10,617,1600000,3600000,1500000,2800000, Approved
3387,0, Graduate, No,7700000,15400000,2,841,4200000,5300000,28700000,8300000, Approved
3388,1, Graduate, Yes,7400000,20100000,18,758,5200000,6200000,18100000,7000000, Approved
3389,5, Not Graduate, Yes,3000000,11100000,12,554,2600000,600000,8300000,2200000, Rejected
3390,5, Not Graduate, No,6800000,14500000,8,501,18300000,13300000,21900000,7100000, Rejected
3391,2, Graduate, Yes,2600000,12100000,10,728,3800000,2300000,7000000,800000, Approved
3392,3, Graduate, Yes,5300000,11800000,6,465,8700000,12900000,10300000,4600000, Rejected
3393,1, Graduate, Yes,8000000,14300000,20,831,17400000,5200000,21600000,6600000, Approved
3394,2, Not Graduate, No,2000000,9600000,16,769,6700000,2400000,2800000,1700000, Approved
3395,3, Graduate, Yes,3500000,14800000,4,710,9400000,2700000,8600000,2900000, Approved
3396,0, Not Graduate, No,7900000,18700000,16,449,18400000,13700000,9600000,9100000, Rejected
3397,5, Not Graduate, Yes,4600000,20100000,4,673,12200000,9300000,17100000,5300000, Approved
3398,5, Graduate, No,9600000,29500000,10,793,24700000,11700000,21900000,5400000, Approved
3399,5, Not Graduate, Yes,200000,500000,16,343,500000,200000,300000,100000, Rejected
3400,1, Graduate, No,7200000,31400000,2,406,13200000,13400000,19700000,900000, Rejected
3401,5, Not Graduate, Yes,8100000,32500000,16,609,16800000,3900000,6600000,2100000, Approved
3402,0, Graduate, Yes,9100000,19900000,6,516,15700000,13600000,18400000,4300000, Rejected
3403,5, Not Graduate, No,1700000,5800000,14,726,2600000,3100000,6000000,2000000, Approved
3404,0, Graduate, No,9800000,24300000,10,541,10700000,6600000,31200000,11900000, Approved
3405,2, Not Graduate, Yes,4000000,4000000,2,898,5500000,6600000,11800000,1800000, Approved
3406,5, Not Graduate, No,3600000,17500000,16,480,5800000,6600000,7700000,4700000, Rejected
3407,3, Not Graduate, No,3600000,11500000,6,516,7600000,1100000,7400000,2300000, Approved
3408,1, Graduate, Yes,6400000,21700000,20,302,11800000,5200000,3500000,7800000, Rejected
3409,2, Not Graduate, Yes,6600000,22400000,18,448,3700000,6700000,17200000,5000000, Rejected
3410,1, Graduate, No,4800000,15400000,4,441,6300000,9300000,12100000,5300000, Rejected
3411,5, Graduate, Yes,800000,1700000,14,758,1200000,1100000,400000,500000, Approved
3412,2, Not Graduate, No,9800000,39500000,8,502,24800000,11000000,9600000,1900000, Rejected
3413,0, Graduate, No,2300000,8000000,14,422,3000000,1800000,1300000,1000000, Rejected
3414,0, Graduate, No,1100000,4100000,12,488,200000,0,1500000,1200000, Rejected
3415,3, Graduate, No,6000000,16900000,6,638,2900000,300000,3100000,8300000, Approved
3416,0, Not Graduate, Yes,4200000,9000000,14,772,7700000,2500000,8200000,4100000, Approved
3417,1, Not Graduate, No,6200000,7800000,6,888,5100000,1800000,13400000,7300000, Approved
3418,3, Not Graduate, No,8700000,20900000,20,328,15900000,2600000,17700000,1000000, Rejected
3419,5, Not Graduate, Yes,1100000,1900000,20,805,2300000,1700000,1300000,1300000, Approved
3420,0, Not Graduate, No,2900000,10600000,4,533,9500000,4400000,6800000,3700000, Rejected
3421,2, Graduate, Yes,5200000,23500000,16,785,12300000,600000,17400000,3500000, Approved
3422,2, Graduate, Yes,7900000,17500000,20,322,2400000,11700000,12000000,6300000, Rejected
3423,5, Graduate, No,6000000,14000000,4,676,8700000,2200000,9600000,1000000, Approved
3424,4, Not Graduate, No,3900000,14400000,16,859,11000000,3700000,9400000,1300000, Approved
3425,5, Not Graduate, No,6100000,9700000,20,323,6500000,15100000,8000000,1100000, Rejected
3426,3, Graduate, Yes,9800000,39500000,6,774,31900000,12800000,16500000,11000000, Approved
3427,1, Not Graduate, No,4900000,12000000,12,368,9500000,400000,10200000,6000000, Rejected
3428,5, Graduate, Yes,8800000,12400000,16,890,4400000,7600000,16300000,2200000, Approved
3429,4, Not Graduate, No,7800000,13300000,8,747,7800000,13100000,26200000,10800000, Approved
3430,3, Graduate, Yes,3100000,14700000,6,847,9900000,1700000,10800000,4000000, Approved
3431,2, Graduate, Yes,2600000,5200000,8,839,9000000,6300000,5000000,2400000, Approved
3432,4, Not Graduate, No,7700000,28100000,8,489,23500000,8200000,15900000,11300000, Approved
3433,2, Not Graduate, No,2200000,3600000,16,549,2800000,100000,8500000,2900000, Approved
3434,1, Graduate, Yes,3500000,6200000,8,715,9600000,4700000,7900000,1400000, Approved
3435,1, Graduate, No,2500000,11300000,8,405,2300000,4200000,9900000,3600000, Rejected
3436,3, Not Graduate, No,6100000,9700000,20,484,9000000,7000000,19300000,4400000, Rejected
3437,3, Not Graduate, No,3000000,3200000,12,359,7500000,7000000,4300000,1000000, Rejected
3438,1, Graduate, No,6600000,19800000,20,833,22400000,14900000,8600000,2500000, Approved
3439,2, Not Graduate, Yes,9300000,39500000,16,448,15300000,3200000,9800000,9800000, Rejected
3440,1, Graduate, Yes,8300000,19100000,18,546,15200000,1700000,27600000,12300000, Approved
3441,4, Not Graduate, No,9400000,14200000,4,571,8700000,7300000,14800000,6800000, Approved
3442,2, Graduate, No,400000,2000000,20,525,600000,600000,1100000,400000, Rejected
3443,4, Graduate, No,4600000,17100000,20,767,1900000,6900000,11000000,2400000, Approved
3444,1, Graduate, No,2300000,10100000,2,849,7000000,1600000,7800000,3000000, Approved
3445,2, Not Graduate, Yes,9100000,36500000,8,644,2500000,21600000,28500000,2400000, Rejected
3446,0, Not Graduate, Yes,7100000,26900000,10,802,17400000,5500000,5100000,6500000, Approved
3447,0, Graduate, No,3300000,8400000,10,366,3600000,6600000,5600000,3000000, Rejected
3448,0, Not Graduate, No,5700000,13100000,16,880,10100000,11900000,13200000,600000, Approved
3449,0, Graduate, No,6100000,23600000,14,369,6900000,1500000,20200000,8600000, Rejected
3450,5, Not Graduate, No,5000000,19300000,6,339,7600000,2900000,15000000,7300000, Rejected
3451,1, Not Graduate, No,4800000,23100000,14,313,9600000,2600000,11600000,3600000, Rejected
3452,3, Not Graduate, No,700000,2300000,20,446,1600000,1600000,2300000,800000, Rejected
3453,5, Graduate, Yes,4600000,10000000,10,803,15200000,4000000,9300000,5900000, Approved
3454,2, Graduate, No,3600000,10600000,20,480,4700000,7500000,2500000,900000, Approved
3455,2, Graduate, No,8200000,28300000,14,775,17500000,9800000,29100000,1800000, Approved
3456,4, Not Graduate, Yes,8600000,23300000,20,555,27300000,9800000,20200000,9200000, Rejected
3457,4, Graduate, No,7500000,31200000,20,362,8700000,16900000,25000000,6600000, Rejected
3458,0, Graduate, Yes,500000,1700000,2,584,1500000,600000,900000,500000, Approved
3459,5, Graduate, No,8400000,8700000,18,439,28200000,15600000,21500000,7600000, Approved
3460,0, Not Graduate, No,4000000,13100000,4,475,12000000,4200000,6600000,4500000, Rejected
3461,2, Graduate, Yes,4200000,14800000,18,610,8700000,1100000,8100000,1300000, Approved
3462,5, Not Graduate, No,9400000,39500000,18,775,24300000,1200000,9500000,3800000, Approved
3463,3, Not Graduate, Yes,8600000,22800000,6,652,15400000,4500000,26600000,3700000, Approved
3464,3, Not Graduate, No,600000,2000000,2,434,1300000,1100000,900000,400000, Rejected
3465,5, Graduate, Yes,3700000,10700000,10,731,12600000,3500000,5800000,4300000, Approved
3466,2, Not Graduate, No,7500000,23400000,8,718,7700000,8500000,13000000,9500000, Approved
3467,3, Not Graduate, No,5400000,6900000,12,442,15200000,1400000,10900000,3600000, Rejected
3468,3, Not Graduate, No,2700000,12400000,2,811,5100000,4200000,6800000,2500000, Approved
3469,0, Not Graduate, No,5300000,24600000,2,806,4200000,10600000,15300000,2700000, Approved
3470,1, Not Graduate, Yes,8600000,27500000,10,662,20000000,13400000,24600000,6600000, Approved
3471,4, Not Graduate, No,2300000,7400000,16,477,6500000,5700000,4600000,3300000, Rejected
3472,1, Graduate, No,7500000,9200000,8,512,15600000,300000,16400000,3600000, Approved
3473,5, Not Graduate, No,7400000,25100000,8,564,21900000,300000,7300000,8900000, Approved
3474,5, Not Graduate, Yes,8800000,23900000,4,412,12400000,11000000,20500000,1400000, Rejected
3475,4, Not Graduate, Yes,3100000,11900000,6,483,10000000,2100000,11100000,1800000, Rejected
3476,0, Graduate, No,2300000,2700000,6,380,5400000,3900000,4900000,2400000, Rejected
3477,4, Graduate, No,5500000,21100000,6,392,15700000,10900000,20800000,6500000, Rejected
3478,5, Not Graduate, No,5400000,11600000,8,747,5900000,1400000,5600000,5000000, Approved
3479,4, Not Graduate, No,4200000,15100000,6,377,7000000,9600000,12900000,5500000, Rejected
3480,3, Graduate, No,7800000,27400000,14,581,25000000,600000,23200000,9700000, Rejected
3481,3, Graduate, No,8000000,15300000,8,557,2900000,13800000,23100000,7700000, Approved
3482,2, Not Graduate, No,2600000,7200000,16,327,4000000,2500000,7300000,1500000, Rejected
3483,1, Graduate, Yes,7900000,34300000,14,799,21900000,13200000,4600000,4800000, Approved
3484,2, Graduate, Yes,2400000,8200000,14,891,6400000,600000,7400000,2300000, Approved
3485,5, Not Graduate, Yes,4100000,5200000,12,683,12300000,9600000,9200000,4200000, Approved
3486,0, Not Graduate, Yes,400000,1100000,20,703,1100000,900000,900000,300000, Approved
3487,0, Graduate, Yes,3500000,7900000,6,439,11600000,4500000,2400000,2300000, Rejected
3488,5, Graduate, Yes,9500000,33900000,20,807,17500000,12100000,11000000,3300000, Approved
3489,4, Not Graduate, Yes,4500000,15600000,6,771,10200000,7100000,16600000,500000, Approved
3490,3, Not Graduate, No,7100000,7400000,4,563,21300000,10300000,11400000,5300000, Approved
3491,2, Not Graduate, No,1200000,4100000,18,724,3000000,1600000,2300000,1500000, Approved
3492,0, Graduate, No,6400000,25200000,18,874,3400000,9400000,7400000,7500000, Approved
3493,4, Not Graduate, Yes,3800000,15500000,2,662,5400000,8200000,10300000,5700000, Approved
3494,3, Not Graduate, Yes,7400000,9100000,12,419,15000000,11300000,22900000,7700000, Rejected
3495,4, Graduate, No,9200000,20400000,12,498,24800000,4500000,34300000,3900000, Rejected
3496,2, Not Graduate, Yes,5400000,14500000,6,411,10800000,12300000,13300000,5700000, Rejected
3497,4, Graduate, No,1200000,2100000,12,499,3300000,600000,1800000,1500000, Rejected
3498,5, Graduate, No,4800000,12900000,14,835,14200000,2000000,3600000,4800000, Approved
3499,0, Graduate, Yes,1400000,1800000,12,414,1500000,3500000,2000000,1100000, Rejected
3500,4, Graduate, No,4600000,6700000,12,835,10300000,2500000,12300000,4400000, Approved
3501,3, Graduate, No,700000,2600000,18,471,1400000,200000,2700000,100000, Rejected
3502,2, Graduate, No,6400000,13100000,6,599,6100000,9000000,5000000,3000000, Approved
3503,1, Not Graduate, No,3200000,12300000,14,617,5800000,6600000,5900000,1000000, Approved
3504,0, Graduate, No,2100000,2500000,8,375,4200000,300000,6000000,1400000, Rejected
3505,0, Not Graduate, Yes,300000,1000000,20,410,900000,400000,800000,400000, Rejected
3506,1, Graduate, Yes,8900000,22800000,6,483,15300000,1500000,24800000,3200000, Approved
3507,3, Not Graduate, No,8400000,35200000,18,336,3900000,9000000,17800000,1700000, Rejected
3508,3, Graduate, No,8100000,33500000,14,753,14600000,7000000,11600000,9600000, Approved
3509,5, Not Graduate, Yes,700000,1800000,6,628,2100000,200000,1500000,900000, Approved
3510,4, Graduate, Yes,3600000,12600000,16,808,7500000,8400000,6600000,3000000, Approved
3511,5, Graduate, Yes,9700000,18500000,6,818,12100000,15400000,28900000,6100000, Approved
3512,4, Not Graduate, Yes,5800000,19300000,6,508,18800000,12200000,6400000,4100000, Rejected
3513,3, Graduate, No,1400000,1900000,8,791,1000000,3200000,3100000,1400000, Approved
3514,4, Graduate, Yes,1500000,4100000,14,336,1900000,3500000,5800000,1900000, Approved
3515,4, Not Graduate, Yes,2700000,4700000,8,558,4400000,5000000,6400000,1000000, Approved
3516,4, Not Graduate, No,9700000,39500000,12,700,25600000,7400000,12900000,13200000, Approved
3517,1, Graduate, Yes,1800000,5000000,12,580,5300000,3700000,6800000,1800000, Approved
3518,4, Graduate, Yes,9000000,30300000,4,744,3500000,11700000,12200000,10200000, Approved
3519,1, Graduate, No,6800000,16600000,6,816,19100000,4600000,21300000,1500000, Approved
3520,1, Graduate, Yes,9200000,19800000,8,554,23700000,8900000,8100000,12700000, Approved
3521,4, Not Graduate, No,8200000,14900000,6,464,25800000,6200000,28600000,6900000, Rejected
3522,3, Graduate, No,3400000,15800000,20,650,10800000,4000000,3800000,2100000, Approved
3523,4, Graduate, No,8300000,34800000,8,821,23000000,16200000,15600000,5500000, Approved
3524,4, Graduate, Yes,1800000,2800000,10,893,1500000,2200000,7000000,900000, Approved
3525,4, Graduate, No,3000000,12000000,14,790,3700000,2000000,7600000,1000000, Approved
3526,0, Not Graduate, No,2200000,5900000,16,447,7200000,500000,3100000,300000, Rejected
3527,0, Graduate, Yes,1500000,1600000,14,423,3300000,3200000,800000,700000, Rejected
3528,1, Not Graduate, No,1000000,3100000,12,644,2000000,1000000,500000,800000, Approved
3529,2, Graduate, No,2000000,3000000,20,541,6400000,2200000,2900000,2100000, Approved
3530,4, Graduate, Yes,1300000,2400000,18,667,4000000,2500000,3000000,1500000, Approved
3531,0, Not Graduate, No,3900000,14800000,6,854,10100000,8300000,8600000,3600000, Approved
3532,3, Not Graduate, Yes,800000,1600000,4,630,2500000,1000000,3000000,200000, Approved
3533,4, Graduate, No,800000,3700000,8,513,500000,1300000,2500000,600000, Rejected
3534,2, Not Graduate, Yes,9900000,35900000,18,822,26700000,5900000,37000000,10200000, Approved
3535,1, Not Graduate, No,1000000,4300000,20,563,3400000,2300000,2300000,1100000, Approved
3536,1, Not Graduate, No,900000,3100000,16,663,300000,1300000,1900000,500000, Approved
3537,2, Graduate, No,400000,1800000,14,381,400000,700000,1000000,600000, Rejected
3538,3, Not Graduate, Yes,1400000,3400000,6,605,3900000,400000,2500000,1700000, Rejected
3539,3, Graduate, Yes,5300000,16900000,12,556,10200000,8400000,6600000,6800000, Approved
3540,5, Not Graduate, Yes,8300000,25400000,4,373,4000000,7700000,28500000,8600000, Rejected
3541,0, Graduate, Yes,7400000,34200000,12,427,8000000,8300000,21300000,5000000, Rejected
3542,1, Not Graduate, No,5800000,9600000,4,722,7400000,9900000,9500000,8200000, Approved
3543,2, Not Graduate, No,1000000,3300000,2,408,1300000,2000000,2100000,1400000, Rejected
3544,2, Graduate, Yes,7700000,30900000,20,379,23800000,6700000,9900000,9700000, Rejected
3545,4, Not Graduate, No,500000,1200000,18,334,1200000,1100000,1200000,700000, Rejected
3546,0, Not Graduate, No,6300000,28200000,14,315,16500000,3400000,11100000,8700000, Rejected
3547,1, Not Graduate, Yes,4200000,10500000,14,561,1000000,5900000,15000000,4800000, Approved
3548,0, Graduate, No,8800000,14900000,6,593,14200000,3300000,20700000,3300000, Approved
3549,3, Not Graduate, Yes,3200000,10700000,12,675,4000000,2300000,6200000,2700000, Approved
3550,5, Graduate, Yes,6400000,17200000,16,644,19300000,14300000,20000000,6200000, Approved
3551,5, Graduate, Yes,4500000,4800000,12,622,15100000,100000,16500000,5300000, Approved
3552,0, Not Graduate, No,5300000,6800000,6,900,8500000,12100000,17800000,4200000, Approved
3553,0, Not Graduate, Yes,9400000,16700000,8,450,32100000,7700000,21000000,7700000, Rejected
3554,3, Graduate, No,7100000,28900000,18,728,1800000,12400000,12400000,10600000, Approved
3555,1, Not Graduate, Yes,4200000,19200000,6,347,5400000,1000000,11800000,3100000, Rejected
3556,1, Graduate, No,4500000,14300000,20,810,12400000,7200000,15100000,1300000, Approved
3557,4, Not Graduate, No,7100000,10100000,16,517,9900000,16100000,27900000,7800000, Rejected
3558,1, Not Graduate, Yes,3500000,11000000,18,508,11300000,4900000,7400000,2100000, Rejected
3559,3, Graduate, No,1800000,8000000,12,381,1700000,1600000,5100000,800000, Rejected
3560,0, Not Graduate, No,4700000,18800000,6,605,13300000,9300000,7200000,4600000, Approved
3561,5, Not Graduate, No,800000,1700000,2,540,700000,1400000,600000,1100000, Approved
3562,0, Not Graduate, No,1800000,2700000,12,885,1500000,500000,2500000,1000000, Approved
3563,0, Not Graduate, No,4300000,19800000,8,406,7200000,7200000,2400000,2700000, Rejected
3564,2, Not Graduate, No,8000000,35300000,4,550,26500000,13300000,18300000,6000000, Approved
3565,5, Not Graduate, No,7800000,9500000,20,841,16600000,14700000,14100000,8300000, Approved
3566,3, Graduate, No,2700000,11600000,20,785,6200000,2100000,7800000,1800000, Approved
3567,2, Graduate, Yes,4300000,6000000,8,759,1000000,4300000,11400000,3000000, Approved
3568,1, Not Graduate, No,1700000,2100000,14,616,700000,4100000,1800000,1800000, Approved
3569,1, Graduate, No,7600000,30700000,10,824,3200000,10900000,21700000,11200000, Approved
3570,3, Graduate, Yes,2600000,8200000,10,434,7600000,3300000,3000000,1400000, Rejected
3571,3, Graduate, Yes,8000000,21300000,14,786,7900000,19700000,4200000,7400000, Approved
3572,3, Not Graduate, Yes,8400000,38800000,10,648,10800000,4800000,32700000,10200000, Approved
3573,2, Not Graduate, No,6900000,30100000,18,510,15300000,6900000,4100000,2700000, Rejected
3574,1, Not Graduate, Yes,3400000,4200000,4,431,7200000,6500000,5800000,4200000, Rejected
3575,1, Graduate, No,9500000,32900000,14,613,14800000,16900000,25900000,5700000, Approved
3576,1, Graduate, Yes,6900000,28200000,20,301,1500000,16700000,12400000,1800000, Rejected
3577,1, Not Graduate, Yes,6500000,20800000,18,729,10900000,10600000,11900000,900000, Approved
3578,2, Graduate, No,8500000,39500000,2,441,22400000,6700000,25800000,1200000, Rejected
3579,1, Graduate, Yes,8800000,32900000,4,533,8600000,8700000,22900000,10700000, Rejected
3580,4, Graduate, No,900000,1300000,14,416,2300000,200000,2100000,900000, Rejected
3581,3, Graduate, No,8800000,15800000,20,579,2200000,20300000,31700000,10700000, Approved
3582,1, Graduate, Yes,7600000,32700000,18,522,24300000,2400000,6700000,8800000, Rejected
3583,0, Graduate, Yes,2200000,11000000,20,412,7300000,3000000,4700000,1400000, Rejected
3584,0, Graduate, No,3200000,4500000,4,834,700000,3200000,4300000,4500000, Approved
3585,0, Not Graduate, Yes,7500000,10500000,12,756,12800000,2500000,4700000,10000000, Approved
3586,1, Not Graduate, Yes,2300000,9300000,16,533,3600000,1700000,9000000,1400000, Rejected
3587,1, Graduate, Yes,4600000,5800000,14,334,13700000,7300000,14100000,5400000, Rejected
3588,0, Graduate, No,6900000,8800000,16,807,13700000,500000,8700000,8600000, Approved
3589,4, Not Graduate, Yes,6500000,29600000,6,718,14400000,15700000,12400000,5100000, Approved
3590,3, Not Graduate, Yes,9100000,38200000,10,633,7900000,20700000,11700000,2400000, Approved
3591,5, Not Graduate, No,1200000,5400000,10,663,500000,300000,3500000,700000, Approved
3592,5, Not Graduate, No,3000000,10800000,20,304,7500000,6500000,5200000,4500000, Rejected
3593,0, Not Graduate, Yes,9800000,22400000,6,584,22000000,8000000,36500000,10800000, Approved
3594,4, Not Graduate, No,5700000,26400000,8,413,16800000,1000000,7000000,6800000, Rejected
3595,5, Not Graduate, No,2600000,5700000,2,691,7800000,2000000,4500000,3600000, Approved
3596,4, Graduate, Yes,3000000,6300000,4,859,6800000,6100000,11300000,1200000, Approved
3597,4, Not Graduate, No,3500000,15900000,20,619,6900000,5800000,12600000,5100000, Rejected
3598,0, Graduate, No,5600000,20900000,18,663,18000000,3300000,8500000,4600000, Approved
3599,5, Not Graduate, No,2900000,13300000,6,701,8200000,5200000,6400000,3300000, Approved
3600,4, Not Graduate, No,6200000,10100000,16,858,19300000,11000000,22300000,3400000, Approved
3601,3, Graduate, Yes,4500000,21600000,12,322,15700000,8400000,12800000,2500000, Rejected
3602,5, Graduate, No,6100000,21100000,20,486,9300000,8200000,16700000,3700000, Rejected
3603,2, Not Graduate, No,1700000,6200000,8,461,4400000,3500000,4800000,1000000, Rejected
3604,3, Graduate, No,6300000,29300000,20,730,15600000,10100000,23500000,1200000, Approved
3605,4, Not Graduate, No,9200000,23200000,8,569,7100000,2900000,21300000,4900000, Approved
3606,4, Not Graduate, Yes,1500000,5800000,16,763,3500000,3000000,1700000,1500000, Approved
3607,3, Graduate, No,3400000,12100000,8,583,5500000,2800000,7300000,4600000, Approved
3608,4, Graduate, Yes,6900000,28600000,14,886,11600000,12200000,21100000,1100000, Approved
3609,5, Graduate, Yes,6200000,28400000,8,760,4900000,10500000,13800000,800000, Approved
3610,3, Graduate, Yes,6800000,25300000,18,310,18100000,5700000,10900000,6300000, Rejected
3611,5, Not Graduate, No,5600000,7100000,14,894,14000000,2300000,15900000,6000000, Approved
3612,2, Graduate, Yes,6800000,11800000,6,872,13300000,11800000,14100000,6500000, Approved
3613,3, Not Graduate, No,6100000,29400000,20,326,4400000,12900000,23600000,8900000, Rejected
3614,3, Graduate, Yes,900000,4400000,16,535,1800000,1900000,1600000,400000, Rejected
3615,3, Graduate, Yes,7500000,36500000,10,883,4000000,11700000,22600000,5800000, Approved
3616,1, Not Graduate, No,4500000,5200000,4,803,5900000,2600000,11000000,6200000, Approved
3617,2, Not Graduate, No,700000,1800000,20,581,1000000,600000,500000,700000, Approved
3618,0, Graduate, Yes,4200000,17000000,16,627,13100000,7900000,9000000,3800000, Approved
3619,4, Graduate, No,4400000,17700000,14,317,6900000,4500000,2600000,6200000, Rejected
3620,4, Graduate, Yes,1000000,1300000,18,639,2200000,1800000,3300000,600000, Approved
3621,4, Graduate, No,9900000,34000000,14,700,30600000,7700000,30400000,3200000, Approved
3622,5, Graduate, No,2300000,3600000,6,515,3700000,0,1600000,600000, Approved
3623,3, Not Graduate, Yes,3400000,10100000,6,484,10600000,5100000,7600000,4300000, Rejected
3624,2, Graduate, Yes,4500000,8800000,2,797,2900000,6800000,17400000,5800000, Approved
3625,0, Graduate, Yes,8300000,10100000,2,569,11700000,13000000,12400000,3500000, Approved
3626,0, Graduate, Yes,7400000,9800000,16,458,3800000,5000000,27100000,5500000, Approved
3627,5, Not Graduate, Yes,7700000,35800000,18,525,15800000,15600000,7900000,7100000, Rejected
3628,4, Not Graduate, No,2500000,9900000,4,595,8400000,3000000,1300000,700000, Approved
3629,2, Not Graduate, No,8400000,39500000,12,455,19900000,16000000,19800000,10800000, Rejected
3630,5, Graduate, Yes,8300000,23900000,4,636,18800000,12700000,11100000,5700000, Approved
3631,1, Graduate, Yes,4700000,12500000,10,817,5300000,4900000,16800000,6200000, Approved
3632,4, Not Graduate, No,5500000,13400000,16,746,18000000,9300000,15700000,6400000, Approved
3633,1, Graduate, No,500000,1700000,18,439,900000,700000,1500000,300000, Rejected
3634,4, Graduate, No,7600000,18300000,20,583,8200000,9700000,21700000,8400000, Approved
3635,0, Not Graduate, Yes,9600000,38300000,8,626,33200000,15600000,27600000,10900000, Approved
3636,4, Not Graduate, No,4800000,20200000,20,708,7700000,1000000,15000000,2600000, Approved
3637,2, Not Graduate, Yes,5400000,24300000,16,754,7700000,12300000,15400000,2500000, Approved
3638,3, Graduate, Yes,5000000,9900000,8,591,1600000,4200000,17100000,6300000, Approved
3639,0, Not Graduate, No,1000000,3100000,8,489,800000,600000,2500000,1000000, Rejected
3640,2, Not Graduate, No,6200000,11700000,4,696,17800000,12000000,10700000,7000000, Approved
3641,0, Not Graduate, No,7200000,8300000,20,375,12900000,4200000,15400000,3900000, Rejected
3642,3, Not Graduate, No,9200000,35200000,6,705,30800000,22900000,18800000,10200000, Approved
3643,0, Not Graduate, Yes,9300000,29700000,6,838,4400000,9800000,15500000,10200000, Approved
3644,5, Graduate, No,5000000,19500000,10,726,11200000,3700000,9800000,2800000, Approved
3645,1, Graduate, Yes,9500000,12800000,4,560,24500000,1500000,17600000,4500000, Rejected
3646,3, Not Graduate, No,5300000,26400000,18,794,11900000,600000,4700000,3700000, Approved
3647,5, Graduate, No,6400000,31900000,14,619,12500000,1500000,21800000,7300000, Rejected
3648,2, Not Graduate, Yes,6000000,17200000,4,624,12700000,100000,18900000,2200000, Approved
3649,3, Graduate, No,9900000,39500000,4,812,24500000,8100000,16600000,13100000, Approved
3650,5, Graduate, No,7400000,14600000,2,416,22600000,5700000,28200000,3400000, Rejected
3651,0, Graduate, No,1300000,5100000,20,768,1700000,1400000,5000000,1700000, Approved
3652,3, Graduate, No,900000,4100000,10,708,1500000,500000,3100000,300000, Approved
3653,3, Not Graduate, Yes,4200000,17900000,14,617,9700000,700000,2500000,4800000, Approved
3654,4, Not Graduate, No,5200000,22100000,4,346,6400000,900000,9400000,4600000, Rejected
3655,3, Not Graduate, No,6700000,19100000,6,760,5300000,3100000,14100000,6900000, Approved
3656,2, Graduate, No,4900000,21000000,12,431,16600000,3900000,14800000,7200000, Rejected
3657,3, Not Graduate, No,5200000,19600000,6,838,4400000,1900000,14200000,900000, Approved
3658,1, Graduate, No,9200000,14100000,14,776,8900000,8400000,26400000,2800000, Approved
3659,2, Not Graduate, Yes,3400000,5000000,20,518,7600000,7800000,10800000,700000, Approved
3660,5, Graduate, Yes,5000000,20400000,8,561,2300000,3300000,19100000,4100000, Rejected
3661,3, Graduate, No,5600000,19600000,14,315,1700000,2400000,13600000,6900000, Rejected
3662,4, Not Graduate, No,4700000,14500000,20,599,1900000,7800000,17200000,800000, Approved
3663,0, Not Graduate, No,9600000,39500000,18,334,5800000,11800000,32200000,11400000, Rejected
3664,2, Graduate, No,9600000,34900000,2,893,15500000,1100000,16200000,6800000, Approved
3665,1, Graduate, No,5200000,13400000,4,684,15300000,10200000,17400000,7400000, Approved
3666,5, Graduate, No,4600000,12200000,20,441,6100000,8200000,4200000,2900000, Rejected
3667,5, Not Graduate, No,5900000,20200000,20,783,9500000,14400000,6200000,8700000, Approved
3668,2, Graduate, Yes,1900000,7700000,8,311,4100000,4500000,7500000,1700000, Rejected
3669,2, Not Graduate, Yes,4300000,14000000,12,630,5100000,6300000,8600000,6400000, Rejected
3670,4, Not Graduate, No,2300000,7000000,12,366,3700000,3900000,4900000,2300000, Rejected
3671,0, Not Graduate, No,1600000,6300000,14,332,2400000,1600000,6100000,900000, Rejected
3672,3, Graduate, Yes,1100000,4200000,16,446,1500000,2400000,1900000,1300000, Rejected
3673,1, Not Graduate, Yes,5900000,25500000,8,476,8700000,8200000,7800000,4600000, Rejected
3674,3, Not Graduate, Yes,200000,300000,18,736,0,200000,200000,100000, Approved
3675,4, Graduate, No,6500000,26100000,2,835,20300000,200000,15100000,5000000, Approved
3676,4, Not Graduate, No,4400000,13400000,2,766,15100000,6500000,5300000,5800000, Approved
3677,0, Not Graduate, Yes,3700000,4800000,20,744,11300000,4900000,2700000,4200000, Approved
3678,1, Not Graduate, No,7700000,28600000,4,639,1700000,15600000,25800000,2600000, Approved
3679,2, Graduate, No,5400000,20900000,20,523,14500000,2500000,8900000,6900000, Rejected
3680,4, Not Graduate, Yes,7300000,22600000,6,453,15300000,14900000,18500000,5100000, Rejected
3681,1, Not Graduate, No,7100000,29600000,8,868,3600000,300000,6200000,1500000, Approved
3682,2, Graduate, No,500000,1100000,2,613,1600000,700000,1100000,200000, Approved
3683,1, Graduate, Yes,2300000,4200000,20,639,6400000,2300000,6200000,400000, Approved
3684,2, Graduate, Yes,5700000,13700000,8,308,3900000,4700000,11800000,6000000, Rejected
3685,2, Not Graduate, No,9700000,25600000,4,575,32800000,10500000,16300000,4500000, Approved
3686,1, Graduate, Yes,1700000,6400000,10,709,1000000,1000000,2700000,400000, Approved
3687,0, Graduate, No,1200000,5300000,4,597,2000000,600000,1100000,700000, Rejected
3688,0, Graduate, No,9400000,36500000,16,669,6800000,18900000,8500000,12300000, Approved
3689,2, Not Graduate, Yes,9600000,16300000,2,786,6700000,5500000,21500000,9400000, Approved
3690,0, Not Graduate, Yes,1800000,4400000,10,313,6100000,3300000,1800000,1400000, Rejected
3691,0, Not Graduate, No,4100000,6700000,8,843,8600000,7300000,5300000,4600000, Approved
3692,5, Not Graduate, No,6300000,23600000,2,791,6600000,500000,6800000,1300000, Approved
3693,5, Graduate, Yes,2100000,4200000,2,552,5800000,4600000,6900000,2800000, Approved
3694,3, Not Graduate, No,3300000,10200000,12,758,10200000,6500000,6800000,1200000, Approved
3695,3, Not Graduate, No,4000000,16700000,8,339,12900000,8000000,9700000,500000, Rejected
3696,0, Graduate, Yes,6400000,23600000,4,485,21000000,12900000,16300000,3900000, Rejected
3697,0, Not Graduate, No,3200000,7000000,4,364,10200000,4700000,6000000,600000, Rejected
3698,0, Not Graduate, Yes,4200000,9800000,18,681,9700000,10400000,6500000,1400000, Approved
3699,1, Not Graduate, Yes,3000000,10800000,16,814,4000000,1300000,5500000,3400000, Approved
3700,0, Not Graduate, No,7600000,24300000,14,661,24700000,1400000,18000000,5100000, Approved
3701,4, Graduate, No,1600000,2200000,18,727,1000000,2800000,2800000,200000, Approved
3702,4, Graduate, Yes,2400000,10800000,2,386,1800000,1800000,2300000,2400000, Rejected
3703,4, Not Graduate, No,2600000,7900000,14,861,4200000,4000000,9600000,2800000, Approved
3704,1, Not Graduate, No,9000000,26000000,16,416,10200000,8800000,27600000,12300000, Rejected
3705,2, Graduate, No,9400000,16900000,6,616,21000000,7800000,6900000,3000000, Approved
3706,2, Graduate, Yes,5100000,12800000,12,710,16300000,11400000,18700000,6600000, Approved
3707,0, Graduate, Yes,1700000,4000000,16,814,3100000,600000,1900000,1900000, Approved
3708,2, Graduate, No,7600000,15800000,14,861,15400000,3600000,6400000,6800000, Approved
3709,3, Graduate, Yes,5000000,16300000,6,659,8000000,8300000,5500000,2300000, Approved
3710,1, Graduate, No,8500000,24200000,14,646,21500000,16600000,32000000,6300000, Approved
3711,1, Not Graduate, Yes,3700000,16900000,16,550,2000000,7700000,4700000,1400000, Rejected
3712,2, Not Graduate, Yes,9900000,39500000,2,641,3600000,5700000,32200000,10900000, Approved
3713,0, Graduate, Yes,8100000,15200000,12,705,18800000,17900000,22300000,8800000, Approved
3714,3, Not Graduate, Yes,2300000,3200000,12,688,4500000,3500000,5300000,800000, Approved
3715,2, Not Graduate, Yes,7300000,30200000,8,655,11300000,15000000,13000000,3300000, Approved
3716,4, Graduate, No,3000000,14900000,2,564,3900000,500000,2500000,4100000, Rejected
3717,4, Graduate, Yes,3600000,16000000,2,417,1300000,3200000,10800000,2700000, Rejected
3718,2, Graduate, Yes,2600000,2800000,16,332,6400000,3400000,4900000,2300000, Rejected
3719,2, Graduate, Yes,6800000,13600000,18,552,10800000,9800000,16100000,9800000, Rejected
3720,3, Graduate, No,2700000,3200000,10,538,4500000,700000,1800000,1100000, Rejected
3721,0, Not Graduate, No,6400000,27400000,20,665,20100000,8600000,20600000,6300000, Approved
3722,1, Not Graduate, Yes,5900000,19600000,20,841,15500000,9800000,17200000,7000000, Approved
3723,0, Graduate, No,7500000,22900000,14,721,6900000,6800000,17600000,4100000, Rejected
3724,1, Not Graduate, Yes,9900000,31900000,12,783,23400000,12400000,22100000,5300000, Approved
3725,3, Graduate, No,200000,400000,20,647,100000,100000,300000,300000, Approved
3726,1, Graduate, Yes,9900000,33700000,14,857,8300000,21500000,16800000,2400000, Approved
3727,3, Graduate, Yes,1200000,1300000,20,864,3100000,1800000,900000,400000, Approved
3728,4, Not Graduate, No,5300000,19000000,20,391,3300000,7300000,15400000,3600000, Rejected
3729,4, Graduate, No,3500000,13800000,4,684,3900000,8300000,2300000,4300000, Approved
3730,3, Not Graduate, Yes,6400000,23600000,14,604,20200000,10600000,3200000,4700000, Approved
3731,3, Graduate, Yes,7200000,16800000,16,884,19000000,5000000,4400000,3400000, Approved
3732,2, Graduate, Yes,8600000,37000000,18,651,28100000,13800000,10400000,5900000, Approved
3733,2, Not Graduate, No,4100000,15800000,8,309,12800000,9900000,10200000,3000000, Rejected
3734,4, Not Graduate, No,9300000,14100000,18,426,11500000,500000,26800000,10400000, Rejected
3735,2, Not Graduate, Yes,3300000,5900000,10,377,7500000,5200000,6500000,4300000, Rejected
3736,2, Not Graduate, Yes,2100000,7500000,8,420,3000000,800000,4100000,1200000, Rejected
3737,5, Graduate, No,3900000,8400000,4,357,9800000,8000000,9800000,4300000, Rejected
3738,5, Not Graduate, No,5300000,7800000,8,770,7200000,8500000,13700000,5700000, Approved
3739,5, Graduate, Yes,6700000,10900000,20,596,1400000,15700000,23200000,7900000, Approved
3740,4, Graduate, No,8300000,13800000,16,703,4200000,13900000,27900000,7500000, Approved
3741,2, Not Graduate, Yes,2400000,7000000,16,900,6600000,100000,8100000,300000, Approved
3742,5, Graduate, Yes,3100000,10600000,18,688,1500000,4000000,10700000,3200000, Approved
3743,3, Graduate, Yes,9300000,15900000,6,588,20300000,21000000,33300000,8900000, Approved
3744,5, Graduate, No,4500000,17300000,14,460,13600000,2600000,11000000,4300000, Approved
3745,0, Graduate, No,2500000,5300000,8,753,6600000,500000,6500000,1200000, Approved
3746,0, Not Graduate, Yes,9800000,22000000,18,604,15300000,17600000,29800000,2300000, Approved
3747,0, Graduate, No,4500000,8500000,10,754,4000000,5700000,5400000,1600000, Approved
3748,5, Not Graduate, No,9800000,39500000,18,313,31800000,1200000,17300000,3900000, Rejected
3749,1, Not Graduate, No,9200000,39500000,16,398,19000000,6400000,34000000,3200000, Rejected
3750,0, Graduate, No,9000000,26700000,16,378,13800000,7400000,21000000,4000000, Rejected
3751,4, Not Graduate, Yes,5900000,6900000,20,709,19500000,9900000,4000000,1200000, Approved
3752,4, Not Graduate, Yes,8000000,16300000,16,611,7300000,9400000,15400000,3800000, Approved
3753,5, Graduate, No,9600000,15700000,8,490,15900000,11700000,10200000,14400000, Approved
3754,3, Not Graduate, Yes,2800000,12200000,12,486,1600000,5600000,4900000,2300000, Rejected
3755,4, Graduate, No,500000,700000,10,664,300000,300000,1200000,300000, Approved
3756,3, Not Graduate, Yes,3300000,16100000,2,880,5000000,5500000,7500000,3700000, Approved
3757,4, Not Graduate, No,6400000,21500000,12,898,16100000,5900000,14200000,4800000, Approved
3758,3, Graduate, No,5500000,16900000,10,583,7300000,5800000,3100000,800000, Approved
3759,0, Graduate, No,900000,4000000,8,702,2200000,1300000,1900000,800000, Rejected
3760,1, Graduate, No,5600000,6200000,4,350,16000000,9700000,3400000,2900000, Rejected
3761,5, Graduate, No,1900000,7800000,12,868,5900000,4500000,3600000,1700000, Approved
3762,0, Not Graduate, Yes,5100000,7500000,12,310,1800000,3400000,14100000,1700000, Rejected
3763,0, Not Graduate, Yes,5800000,25300000,4,505,16000000,1500000,5500000,4500000, Rejected
3764,4, Graduate, Yes,6400000,19900000,14,735,4400000,6900000,23700000,2400000, Approved
3765,5, Graduate, No,4200000,5200000,4,882,10500000,5700000,11400000,2200000, Approved
3766,2, Not Graduate, Yes,4200000,18200000,4,403,6000000,2400000,5300000,4500000, Rejected
3767,0, Graduate, Yes,6800000,7500000,10,697,17200000,15100000,12800000,2800000, Approved
3768,3, Not Graduate, Yes,7500000,11700000,8,412,6800000,15000000,6300000,5100000, Rejected
3769,0, Not Graduate, Yes,8100000,33900000,20,330,18900000,10000000,4700000,1600000, Rejected
3770,2, Graduate, No,3400000,9700000,2,554,2100000,3800000,12600000,3600000, Rejected
3771,3, Not Graduate, No,4300000,19500000,8,646,3300000,400000,12300000,3700000, Approved
3772,5, Graduate, No,3400000,12000000,16,458,7600000,4600000,11000000,4200000, Rejected
3773,0, Graduate, Yes,5300000,18500000,6,884,7000000,7900000,14200000,4500000, Approved
3774,3, Not Graduate, No,1400000,3000000,20,670,3500000,3100000,5100000,2100000, Approved
3775,0, Graduate, No,4400000,6800000,16,563,10800000,5500000,16000000,1900000, Approved
3776,2, Not Graduate, No,2000000,9700000,20,591,4500000,800000,1400000,2300000, Approved
3777,4, Graduate, Yes,5400000,7700000,20,579,14100000,2400000,6300000,3800000, Approved
3778,0, Not Graduate, No,8500000,26500000,4,366,24000000,3400000,16000000,5300000, Rejected
3779,4, Graduate, No,9800000,20500000,10,664,31400000,23000000,16600000,11000000, Approved
3780,5, Not Graduate, Yes,4500000,9300000,16,771,2100000,8900000,10500000,6500000, Approved
3781,1, Graduate, No,700000,2400000,2,553,1500000,1400000,1000000,800000, Approved
3782,4, Graduate, Yes,2400000,10100000,10,555,6400000,5000000,7900000,1300000, Approved
3783,3, Graduate, No,1200000,4900000,14,847,1100000,300000,600000,1000000, Approved
3784,5, Graduate, No,7600000,34000000,16,667,8100000,13300000,24900000,3100000, Approved
3785,3, Graduate, Yes,9800000,21300000,10,478,10600000,17300000,18400000,9500000, Rejected
3786,4, Graduate, Yes,5600000,16000000,18,302,11700000,3100000,2900000,3700000, Rejected
3787,0, Graduate, No,1900000,2000000,14,794,2700000,2300000,6600000,800000, Approved
3788,1, Graduate, No,400000,1600000,2,676,1000000,700000,800000,100000, Approved
3789,2, Graduate, No,9700000,21400000,6,676,21500000,21800000,29500000,13500000, Approved
3790,5, Graduate, Yes,3300000,10700000,20,469,7800000,900000,11800000,700000, Rejected
3791,3, Not Graduate, No,1200000,2000000,2,411,1200000,2700000,700000,700000, Approved
3792,1, Graduate, Yes,1900000,8100000,4,597,5200000,4400000,2700000,700000, Approved
3793,5, Not Graduate, No,2700000,11500000,8,755,6500000,6200000,2500000,2100000, Rejected
3794,3, Graduate, Yes,6600000,29800000,20,478,4200000,100000,5600000,2500000, Rejected
3795,2, Not Graduate, No,8900000,10500000,16,616,7700000,4900000,33900000,10100000, Approved
3796,2, Graduate, Yes,2800000,13900000,4,898,3300000,4800000,9300000,1200000, Approved
3797,4, Not Graduate, Yes,6900000,13700000,8,431,22700000,5600000,12300000,2500000, Rejected
3798,5, Graduate, Yes,800000,1800000,20,438,1000000,100000,2300000,300000, Rejected
3799,3, Not Graduate, Yes,200000,400000,6,441,100000,400000,700000,100000, Rejected
3800,5, Not Graduate, No,700000,1400000,12,848,500000,100000,900000,700000, Approved
3801,4, Graduate, Yes,9200000,29500000,10,617,2800000,10300000,5100000,3600000, Rejected
3802,0, Not Graduate, Yes,5900000,11600000,16,851,9000000,14000000,20000000,6300000, Approved
3803,4, Not Graduate, No,8000000,20600000,16,869,22600000,8800000,24200000,5600000, Approved
3804,3, Graduate, Yes,400000,1400000,18,553,700000,900000,400000,200000, Rejected
3805,3, Not Graduate, Yes,400000,1700000,4,333,1200000,400000,900000,200000, Rejected
3806,3, Graduate, No,8500000,32100000,10,482,3000000,7400000,9000000,7100000, Rejected
3807,0, Not Graduate, No,1200000,4100000,14,626,2100000,300000,3100000,800000, Approved
3808,5, Not Graduate, Yes,1700000,2700000,10,529,4800000,1500000,4700000,1400000, Approved
3809,5, Not Graduate, Yes,5200000,22200000,14,301,12600000,4400000,7600000,6400000, Rejected
3810,5, Not Graduate, No,6100000,7000000,14,894,18400000,12900000,19700000,1000000, Approved
3811,3, Graduate, Yes,2400000,4900000,8,482,2600000,5500000,5200000,1600000, Approved
3812,1, Graduate, Yes,4500000,5500000,4,671,8300000,200000,13400000,3100000, Approved
3813,3, Not Graduate, Yes,6800000,25000000,20,868,16500000,1700000,18600000,3100000, Approved
3814,1, Graduate, No,4500000,11100000,18,627,3400000,7200000,9300000,3200000, Approved
3815,3, Not Graduate, No,3900000,14100000,18,717,11300000,4700000,5900000,3500000, Approved
3816,4, Graduate, Yes,900000,2100000,6,321,1100000,700000,1100000,800000, Approved
3817,1, Not Graduate, No,4600000,13000000,8,718,2300000,3000000,14300000,4800000, Approved
3818,2, Not Graduate, No,8000000,22700000,8,809,21800000,4500000,22000000,1700000, Approved
3819,2, Graduate, Yes,6300000,7400000,2,851,15900000,8300000,9300000,4700000, Approved
3820,5, Not Graduate, No,8900000,24200000,4,350,27700000,400000,34600000,10300000, Rejected
3821,3, Graduate, No,1400000,5000000,8,437,4400000,2600000,4700000,1000000, Rejected
3822,2, Not Graduate, No,300000,1000000,20,328,300000,200000,300000,300000, Rejected
3823,2, Not Graduate, No,5500000,7200000,6,851,12700000,5900000,5900000,5100000, Approved
3824,1, Graduate, Yes,1900000,7000000,12,465,6600000,2500000,4600000,1400000, Rejected
3825,0, Graduate, No,6000000,13400000,12,619,6000000,3200000,5100000,1300000, Approved
3826,4, Not Graduate, Yes,9000000,9500000,8,585,15800000,19900000,34900000,8900000, Approved
3827,4, Not Graduate, Yes,3500000,5700000,20,713,11200000,6000000,9600000,3000000, Approved
3828,1, Graduate, No,5500000,16400000,2,838,3000000,12000000,4000000,600000, Approved
3829,2, Graduate, Yes,6800000,15200000,18,494,22200000,8100000,14000000,2600000, Rejected
3830,4, Graduate, No,1600000,6000000,16,774,2900000,1700000,2000000,300000, Approved
3831,4, Graduate, No,8900000,17500000,8,474,28000000,5300000,19700000,8000000, Rejected
3832,0, Not Graduate, Yes,2100000,8600000,16,418,4700000,2900000,2900000,300000, Rejected
3833,0, Not Graduate, No,8100000,17400000,10,363,19600000,12000000,27600000,10400000, Rejected
3834,0, Graduate, Yes,6600000,23000000,20,523,18200000,6900000,20000000,9400000, Rejected
3835,3, Not Graduate, No,1500000,6300000,2,636,600000,500000,5500000,2200000, Approved
3836,5, Graduate, No,7300000,18600000,2,768,16600000,5000000,8700000,3000000, Approved
3837,0, Not Graduate, Yes,2100000,2500000,12,809,6800000,100000,3900000,1700000, Approved
3838,4, Graduate, Yes,6000000,18900000,20,616,20100000,4800000,19900000,8100000, Approved
3839,4, Not Graduate, No,9600000,39500000,2,545,32600000,13900000,17400000,10200000, Rejected
3840,5, Graduate, Yes,9500000,39500000,16,404,22100000,22700000,17400000,4900000, Rejected
3841,3, Not Graduate, Yes,8700000,16400000,20,849,19900000,3900000,34400000,11000000, Approved
3842,5, Graduate, No,5000000,20100000,10,538,10100000,700000,16000000,4500000, Rejected
3843,2, Not Graduate, No,5600000,13300000,18,759,12300000,4100000,19700000,6300000, Approved
3844,1, Graduate, No,3100000,5100000,16,676,6900000,1200000,6000000,4500000, Approved
3845,5, Not Graduate, Yes,9200000,33700000,6,859,3100000,16000000,23500000,13800000, Approved
3846,3, Not Graduate, No,4800000,14400000,18,884,2400000,100000,10000000,3900000, Approved
3847,1, Not Graduate, No,7700000,24300000,14,724,17300000,18900000,16000000,2500000, Approved
3848,3, Not Graduate, Yes,3700000,15900000,2,697,4600000,7900000,3500000,3600000, Rejected
3849,2, Not Graduate, No,7400000,17400000,12,382,8800000,9100000,25500000,7400000, Rejected
3850,4, Not Graduate, Yes,2300000,8400000,14,309,1900000,5300000,4300000,2100000, Rejected
3851,4, Not Graduate, No,7300000,18000000,18,628,20800000,11500000,18500000,5000000, Approved
3852,0, Graduate, Yes,600000,700000,16,723,2000000,1500000,2100000,500000, Approved
3853,3, Not Graduate, Yes,1200000,3000000,10,748,2700000,800000,3800000,1000000, Approved
3854,5, Not Graduate, Yes,3600000,17300000,6,450,12000000,9000000,4300000,5100000, Rejected
3855,3, Not Graduate, Yes,4900000,14400000,4,602,15300000,2200000,13100000,6200000, Approved
3856,4, Not Graduate, No,7100000,10200000,2,818,6500000,6300000,15900000,4600000, Approved
3857,5, Not Graduate, No,3700000,13900000,14,357,2600000,8700000,5200000,3300000, Rejected
3858,2, Not Graduate, Yes,300000,1500000,20,530,300000,300000,200000,300000, Rejected
3859,4, Not Graduate, Yes,3300000,15300000,2,867,1700000,1700000,8900000,2700000, Approved
3860,0, Graduate, Yes,4500000,14800000,16,419,9600000,700000,14500000,800000, Rejected
3861,0, Not Graduate, Yes,5500000,13800000,12,490,6200000,2000000,20900000,6000000, Rejected
3862,4, Graduate, Yes,6500000,21600000,4,581,20900000,5800000,11300000,7300000, Approved
3863,1, Not Graduate, Yes,2600000,11100000,6,713,5800000,2700000,4900000,2000000, Approved
3864,4, Graduate, Yes,6100000,27100000,6,453,8500000,8300000,6500000,8300000, Rejected
3865,5, Graduate, Yes,6300000,26900000,14,776,21700000,12800000,24900000,9300000, Approved
3866,5, Not Graduate, No,7800000,22000000,6,441,26100000,300000,27100000,9700000, Rejected
3867,0, Graduate, No,5300000,7800000,18,521,14700000,11100000,20400000,7400000, Approved
3868,1, Graduate, No,8100000,26500000,8,644,22800000,11700000,18100000,6300000, Approved
3869,3, Graduate, No,2300000,3700000,4,307,7900000,4300000,2800000,3200000, Rejected
3870,0, Not Graduate, No,7100000,8800000,2,761,15500000,13400000,17800000,10000000, Approved
3871,5, Graduate, Yes,600000,1800000,10,701,1900000,1400000,1100000,600000, Approved
3872,5, Graduate, Yes,1200000,4300000,10,801,500000,300000,2100000,400000, Approved
3873,4, Graduate, Yes,8600000,38000000,16,465,17400000,12300000,6800000,2700000, Rejected
3874,1, Not Graduate, No,4800000,19800000,10,538,8900000,10900000,3600000,3700000, Approved
3875,0, Graduate, No,6200000,27500000,4,840,2000000,11100000,11300000,7000000, Approved
3876,4, Not Graduate, Yes,6100000,24600000,6,340,3000000,1500000,22800000,4900000, Rejected
3877,4, Graduate, No,7000000,26700000,12,595,1900000,10700000,21200000,8500000, Approved
3878,5, Not Graduate, No,2600000,2700000,8,590,3000000,5200000,8200000,3100000, Approved
3879,2, Not Graduate, No,1900000,6700000,14,568,700000,1300000,2500000,700000, Rejected
3880,1, Not Graduate, No,600000,900000,20,560,1000000,900000,1800000,200000, Rejected
3881,5, Not Graduate, Yes,8600000,10600000,8,749,24800000,18100000,16500000,9400000, Approved
3882,0, Graduate, No,2300000,3700000,12,418,5100000,3000000,1600000,1300000, Rejected
3883,3, Not Graduate, Yes,5800000,24900000,18,835,14100000,2800000,10900000,8100000, Approved
3884,2, Not Graduate, Yes,4600000,18300000,6,838,1400000,6300000,4400000,6100000, Approved
3885,3, Graduate, Yes,1700000,8200000,12,407,5000000,2500000,5900000,1200000, Rejected
3886,2, Graduate, No,4200000,20600000,8,885,2900000,4200000,14500000,3800000, Approved
3887,0, Graduate, No,1000000,4600000,14,457,1200000,1700000,1500000,1300000, Rejected
3888,3, Not Graduate, No,1900000,2900000,16,331,3600000,2100000,5000000,2500000, Rejected
3889,1, Graduate, No,1500000,6800000,4,539,4900000,3300000,2700000,1300000, Rejected
3890,0, Graduate, No,8200000,35700000,4,778,28600000,16200000,8500000,12000000, Approved
3891,2, Graduate, No,5700000,25600000,2,807,15900000,11500000,15800000,4700000, Approved
3892,1, Not Graduate, Yes,9200000,14800000,2,688,24000000,12100000,29100000,1400000, Rejected
3893,4, Graduate, Yes,4400000,6500000,2,787,8500000,2200000,14100000,3900000, Approved
3894,2, Graduate, Yes,2100000,9900000,16,457,5000000,3800000,2100000,2500000, Rejected
3895,3, Not Graduate, No,6100000,10300000,20,828,4100000,1100000,14000000,9000000, Approved
3896,2, Graduate, Yes,9300000,23000000,10,681,10100000,12000000,5400000,2300000, Approved
3897,5, Graduate, Yes,5400000,15200000,18,380,18600000,700000,4400000,3900000, Rejected
3898,0, Graduate, Yes,300000,400000,16,377,1000000,400000,200000,300000, Rejected
3899,0, Not Graduate, Yes,3100000,3400000,18,460,3900000,5300000,2200000,4100000, Rejected
3900,5, Graduate, Yes,9200000,39500000,16,341,9200000,9600000,15300000,10100000, Rejected
3901,1, Not Graduate, Yes,5200000,23400000,4,469,5000000,5400000,9100000,2200000, Rejected
3902,4, Graduate, Yes,9500000,39500000,12,897,17100000,2900000,28000000,12400000, Approved
3903,3, Graduate, Yes,5100000,10900000,12,444,4800000,3800000,8400000,5300000, Rejected
3904,4, Graduate, Yes,300000,600000,14,682,700000,300000,300000,400000, Approved
3905,3, Not Graduate, Yes,8700000,23500000,16,887,3900000,18800000,33200000,11000000, Approved
3906,1, Not Graduate, No,7600000,21400000,4,452,4100000,17100000,27100000,2100000, Rejected
3907,3, Not Graduate, No,7200000,7400000,14,718,8000000,17200000,6700000,10400000, Approved
3908,1, Not Graduate, No,9700000,39500000,18,570,26800000,2400000,17200000,7100000, Rejected
3909,2, Graduate, Yes,2100000,10500000,4,471,2700000,1600000,2300000,3100000, Rejected
3910,3, Not Graduate, Yes,9000000,28000000,10,871,15800000,10400000,34700000,3300000, Approved
3911,0, Not Graduate, No,2400000,6100000,18,694,5700000,3900000,4200000,2900000, Approved
3912,0, Not Graduate, No,9700000,24900000,2,563,27200000,17000000,8200000,5100000, Approved
3913,4, Not Graduate, No,2000000,2800000,4,788,2400000,3900000,6100000,300000, Approved
3914,0, Not Graduate, No,5500000,11400000,18,841,14400000,6800000,16500000,8200000, Approved
3915,5, Not Graduate, Yes,7900000,23800000,4,769,9000000,11000000,10600000,4100000, Approved
3916,3, Not Graduate, Yes,900000,2500000,16,822,2100000,2200000,1500000,200000, Approved
3917,4, Not Graduate, Yes,800000,2500000,20,493,1400000,500000,1600000,1000000, Rejected
3918,2, Not Graduate, No,8500000,37400000,10,506,27700000,17100000,12200000,6000000, Rejected
3919,4, Graduate, No,700000,1300000,10,439,2400000,1200000,1100000,600000, Rejected
3920,1, Graduate, Yes,6200000,6900000,10,718,17100000,2200000,20500000,9200000, Approved
3921,3, Graduate, Yes,9300000,10700000,8,782,30000000,21500000,29100000,7200000, Approved
3922,1, Not Graduate, Yes,6200000,9500000,8,696,4000000,13300000,18100000,1200000, Approved
3923,4, Not Graduate, Yes,4900000,16100000,12,660,11600000,9500000,14200000,5200000, Approved
3924,2, Not Graduate, No,4200000,17800000,18,763,3600000,1300000,9800000,4600000, Approved
3925,4, Not Graduate, No,6400000,29100000,20,409,7100000,2200000,11100000,2400000, Rejected
3926,5, Not Graduate, No,5800000,20500000,18,519,11200000,9900000,17500000,5000000, Rejected
3927,0, Not Graduate, Yes,5100000,13300000,4,724,13500000,1400000,4600000,3100000, Approved
3928,0, Graduate, No,1700000,2800000,8,331,4400000,500000,1700000,300000, Rejected
3929,2, Not Graduate, No,6600000,17200000,16,847,20300000,6600000,6200000,3500000, Approved
3930,3, Not Graduate, Yes,7400000,17200000,12,402,15100000,100000,22700000,10200000, Rejected
3931,5, Not Graduate, Yes,7100000,31800000,8,772,23100000,12800000,18200000,3700000, Approved
3932,2, Graduate, Yes,900000,2700000,8,670,2800000,1200000,1900000,400000, Approved
3933,5, Not Graduate, No,7000000,13300000,4,809,21000000,1400000,15200000,9900000, Approved
3934,4, Not Graduate, Yes,7300000,15700000,8,765,7000000,9900000,24800000,4600000, Approved
3935,4, Graduate, Yes,1900000,2900000,10,610,3700000,300000,1800000,2700000, Approved
3936,5, Graduate, No,8500000,39500000,10,754,22400000,1500000,15700000,11300000, Approved
3937,1, Graduate, No,5300000,6400000,12,508,18100000,6400000,16800000,4000000, Rejected
3938,4, Graduate, No,4800000,5000000,6,650,1100000,6000000,13500000,3100000, Approved
3939,4, Graduate, No,7200000,12500000,6,849,9200000,6100000,14600000,2100000, Approved
3940,5, Graduate, Yes,5100000,21600000,18,350,6800000,7900000,6600000,1900000, Rejected
3941,1, Graduate, No,5500000,17000000,10,513,6300000,5300000,21000000,2300000, Rejected
3942,4, Not Graduate, Yes,3200000,11200000,6,310,9300000,4700000,6200000,2400000, Rejected
3943,1, Not Graduate, Yes,9200000,22400000,14,621,3200000,8000000,32900000,5700000, Rejected
3944,5, Not Graduate, No,9700000,12400000,12,770,13400000,17300000,31300000,11800000, Approved
3945,3, Not Graduate, Yes,1400000,6200000,12,323,3600000,2000000,4900000,700000, Rejected
3946,5, Graduate, No,7300000,12900000,6,630,11300000,2900000,4100000,5100000, Approved
3947,3, Not Graduate, No,400000,500000,16,549,300000,700000,900000,100000, Approved
3948,0, Graduate, No,3800000,12500000,4,770,8400000,7400000,5400000,1800000, Approved
3949,2, Graduate, No,9700000,12900000,18,432,18700000,1600000,14200000,11600000, Rejected
3950,3, Not Graduate, No,1900000,2600000,10,397,6500000,2900000,2700000,2100000, Rejected
3951,3, Graduate, Yes,3800000,16000000,10,356,10100000,7500000,7100000,2500000, Rejected
3952,3, Graduate, Yes,2300000,6800000,8,544,7900000,700000,4500000,2100000, Rejected
3953,4, Graduate, No,7300000,14400000,10,593,5900000,16500000,19800000,5400000, Rejected
3954,3, Not Graduate, Yes,4700000,11300000,14,852,12800000,4900000,7300000,6400000, Approved
3955,1, Not Graduate, No,6000000,23500000,10,579,12100000,11100000,8700000,3900000, Approved
3956,0, Graduate, No,9400000,11900000,4,403,24000000,21100000,16600000,10400000, Rejected
3957,1, Graduate, No,5300000,7800000,12,720,9200000,13100000,15400000,2200000, Approved
3958,0, Not Graduate, Yes,7300000,25300000,6,336,6600000,10700000,3700000,5200000, Rejected
3959,4, Graduate, No,1100000,3800000,4,507,400000,1900000,3400000,900000, Rejected
3960,5, Not Graduate, No,2300000,11200000,18,692,6800000,1400000,3900000,600000, Approved
3961,5, Not Graduate, No,9400000,23500000,8,452,27200000,6800000,23700000,8700000, Rejected
3962,3, Not Graduate, No,8600000,10800000,12,657,6300000,18300000,27200000,7800000, Approved
3963,5, Graduate, Yes,6600000,20800000,4,572,15400000,6600000,15100000,2100000, Approved
3964,3, Not Graduate, No,3900000,13900000,8,872,10300000,8000000,10800000,5800000, Approved
3965,0, Not Graduate, No,2100000,3300000,8,472,4300000,300000,7800000,500000, Rejected
3966,3, Not Graduate, No,8500000,27300000,4,844,10600000,4600000,5100000,11500000, Approved
3967,3, Graduate, Yes,7800000,14000000,20,676,24200000,3300000,13400000,6100000, Approved
3968,3, Not Graduate, No,2500000,10900000,8,750,5800000,3300000,9400000,1000000, Approved
3969,4, Graduate, No,5900000,25600000,12,401,15200000,1200000,20200000,1500000, Rejected
3970,5, Not Graduate, Yes,6200000,16900000,12,311,14600000,5300000,16500000,6700000, Rejected
3971,1, Not Graduate, Yes,4800000,23400000,10,739,12400000,11800000,6300000,5500000, Approved
3972,0, Graduate, Yes,9200000,39500000,12,588,6200000,18300000,15200000,9600000, Rejected
3973,3, Graduate, Yes,1400000,2100000,12,485,4500000,2700000,4900000,1000000, Rejected
3974,0, Graduate, Yes,2700000,6700000,2,838,3100000,900000,7900000,900000, Approved
3975,2, Graduate, Yes,1100000,3700000,14,496,3300000,1000000,1600000,1300000, Rejected
3976,5, Graduate, Yes,6900000,9200000,4,560,21700000,11700000,6600000,9100000, Approved
3977,3, Not Graduate, Yes,6500000,16400000,10,735,15300000,400000,21000000,4200000, Approved
3978,5, Graduate, No,9800000,20000000,8,878,21300000,10600000,24700000,12500000, Approved
3979,0, Graduate, No,5500000,26400000,10,840,3100000,12800000,21300000,5400000, Approved
3980,4, Not Graduate, No,1600000,4200000,2,692,2600000,300000,3100000,1300000, Approved
3981,1, Graduate, Yes,4600000,18600000,16,366,10200000,10400000,7900000,4400000, Rejected
3982,0, Graduate, No,1000000,2500000,10,365,500000,500000,1500000,300000, Rejected
3983,1, Graduate, No,6700000,10200000,2,716,3800000,3200000,14700000,1800000, Approved
3984,5, Not Graduate, No,6800000,30300000,2,606,23700000,3300000,11100000,7600000, Approved
3985,2, Not Graduate, No,8600000,8600000,12,379,11100000,20000000,6500000,12500000, Rejected
3986,5, Graduate, No,3500000,4300000,14,718,4700000,5300000,5600000,2800000, Approved
3987,0, Not Graduate, Yes,3200000,7900000,12,866,3300000,6000000,4100000,600000, Approved
3988,3, Not Graduate, Yes,800000,3000000,16,339,1900000,700000,2700000,200000, Rejected
3989,2, Not Graduate, No,4200000,9900000,16,796,7400000,9200000,5600000,3200000, Approved
3990,1, Not Graduate, Yes,4800000,6100000,18,507,13500000,7000000,10100000,4900000, Rejected
3991,3, Not Graduate, No,7500000,17000000,20,539,14200000,11200000,21400000,2400000, Approved
3992,3, Graduate, Yes,7500000,14800000,18,730,1900000,14100000,7700000,1100000, Approved
3993,0, Graduate, No,1500000,1500000,16,448,2700000,2900000,3500000,1700000, Approved
3994,3, Graduate, Yes,2900000,9100000,10,394,1100000,4900000,10000000,900000, Rejected
3995,1, Graduate, Yes,5200000,7600000,12,879,15200000,1500000,13200000,3700000, Approved
3996,4, Graduate, Yes,3400000,7300000,14,509,2000000,7400000,7400000,3800000, Rejected
3997,1, Not Graduate, Yes,400000,1400000,4,401,400000,300000,1400000,100000, Rejected
3998,1, Not Graduate, Yes,8400000,32800000,14,714,14400000,20900000,32000000,6000000, Approved
3999,5, Graduate, Yes,7300000,15000000,12,430,6200000,7000000,24600000,1900000, Rejected
4000,1, Not Graduate, Yes,5200000,12000000,12,766,10300000,1600000,10000000,3000000, Approved
4001,0, Not Graduate, No,3300000,6600000,18,342,5700000,2600000,8700000,4500000, Rejected
4002,3, Not Graduate, No,8400000,39500000,14,611,28100000,12000000,19700000,8900000, Rejected
4003,3, Not Graduate, Yes,500000,900000,20,542,200000,500000,800000,100000, Rejected
4004,3, Not Graduate, Yes,4500000,7800000,20,875,9500000,9300000,9100000,1300000, Approved
4005,2, Not Graduate, Yes,8000000,22200000,18,613,20600000,13600000,27200000,4100000, Approved
4006,0, Not Graduate, Yes,9500000,16700000,6,856,5900000,5100000,14700000,12900000, Approved
4007,1, Graduate, No,2600000,4200000,4,449,6000000,3500000,9400000,3000000, Rejected
4008,0, Graduate, No,6500000,9000000,6,584,19800000,12800000,25800000,6300000, Approved
4009,5, Not Graduate, No,2000000,7100000,16,789,5600000,4500000,3100000,600000, Approved
4010,1, Not Graduate, Yes,1300000,4500000,18,396,4300000,1300000,1200000,1800000, Rejected
4011,3, Not Graduate, No,3600000,13000000,18,857,9300000,8300000,13900000,4400000, Approved
4012,1, Not Graduate, Yes,8800000,36000000,14,764,13200000,800000,9700000,3800000, Approved
4013,3, Graduate, No,6900000,15900000,14,706,22300000,11700000,22100000,4600000, Approved
4014,0, Not Graduate, Yes,4900000,22900000,20,446,4600000,9600000,3100000,3400000, Rejected
4015,0, Not Graduate, No,2900000,11400000,14,791,6200000,3100000,3800000,2700000, Approved
4016,1, Not Graduate, No,1500000,6300000,4,806,4100000,0,2100000,900000, Approved
4017,1, Graduate, No,2800000,10900000,12,475,8600000,4800000,4300000,1100000, Rejected
4018,1, Not Graduate, No,1600000,3900000,8,652,5200000,1400000,5900000,1700000, Approved
4019,1, Graduate, Yes,2000000,4300000,14,336,1000000,800000,2200000,2100000, Rejected
4020,4, Not Graduate, No,6900000,18600000,14,536,17900000,2700000,7600000,5000000, Approved
4021,2, Not Graduate, No,1500000,2100000,6,390,1300000,2900000,4400000,1200000, Rejected
4022,0, Not Graduate, No,600000,1700000,6,634,1700000,300000,2300000,100000, Approved
4023,5, Not Graduate, No,5500000,6400000,2,629,13800000,6700000,10200000,4100000, Approved
4024,3, Not Graduate, No,3000000,3000000,6,620,2400000,7300000,9600000,3700000, Approved
4025,2, Graduate, No,4600000,21700000,18,706,13600000,8700000,2800000,4300000, Approved
4026,3, Graduate, No,1500000,5600000,14,855,2600000,2100000,5100000,2100000, Approved
4027,1, Graduate, No,2200000,7100000,20,418,4400000,2900000,6700000,2400000, Rejected
4028,2, Graduate, No,4500000,10600000,20,428,15300000,1900000,16400000,5300000, Rejected
4029,0, Not Graduate, No,6900000,22600000,18,429,16300000,7700000,18800000,5100000, Rejected
4030,4, Graduate, No,4200000,19200000,4,857,9000000,1500000,15900000,1400000, Approved
4031,2, Graduate, Yes,5500000,19900000,8,355,1400000,1100000,10300000,7600000, Rejected
4032,4, Not Graduate, Yes,5300000,18100000,2,318,4500000,1400000,16200000,5400000, Rejected
4033,0, Not Graduate, No,2800000,8000000,2,396,800000,4200000,8500000,3800000, Rejected
4034,0, Graduate, Yes,2900000,6900000,6,762,3800000,1400000,4200000,2800000, Approved
4035,2, Not Graduate, No,4300000,16300000,6,648,5700000,1600000,16000000,3200000, Approved
4036,0, Not Graduate, No,500000,2500000,2,852,1000000,1100000,1600000,100000, Approved
4037,5, Graduate, Yes,6900000,18600000,18,422,17100000,2100000,24400000,4500000, Approved
4038,0, Graduate, No,6200000,15900000,12,536,4900000,10900000,11000000,5800000, Rejected
4039,3, Not Graduate, Yes,3200000,8700000,14,633,7000000,3300000,11000000,4500000, Approved
4040,2, Not Graduate, Yes,3800000,10300000,14,343,12300000,5500000,6100000,4800000, Rejected
4041,1, Graduate, Yes,3400000,16900000,20,852,2800000,200000,13200000,2800000, Approved
4042,0, Graduate, No,6500000,24900000,4,783,15400000,0,3800000,4700000, Approved
4043,1, Graduate, No,7600000,18500000,8,386,2700000,15500000,20300000,1100000, Rejected
4044,0, Graduate, Yes,1200000,3000000,8,806,2300000,1400000,1100000,700000, Approved
4045,3, Not Graduate, Yes,4200000,11400000,12,569,11100000,700000,12700000,6200000, Approved
4046,1, Not Graduate, No,300000,300000,12,502,100000,300000,500000,300000, Rejected
4047,0, Graduate, Yes,4600000,14300000,16,868,6000000,5800000,16300000,3800000, Approved
4048,0, Graduate, No,2600000,11000000,12,611,8100000,900000,9200000,3400000, Rejected
4049,5, Graduate, Yes,3400000,12400000,6,436,3200000,4600000,6100000,400000, Rejected
4050,1, Not Graduate, Yes,4600000,8300000,12,786,11900000,6100000,15300000,6600000, Approved
4051,3, Not Graduate, No,3300000,12900000,20,730,7300000,5000000,9500000,3600000, Approved
4052,2, Not Graduate, No,4000000,15500000,12,415,3000000,8100000,8000000,500000, Rejected
4053,2, Graduate, Yes,7600000,15600000,12,707,20100000,7800000,12900000,8300000, Approved
4054,5, Graduate, No,8100000,28300000,4,678,15800000,18000000,10000000,1800000, Approved
4055,4, Graduate, Yes,200000,700000,2,465,100000,200000,100000,200000, Rejected
4056,3, Not Graduate, No,3900000,17000000,6,558,13000000,4500000,9000000,2000000, Approved
4057,1, Not Graduate, Yes,8400000,13000000,2,804,15300000,13800000,20100000,3300000, Approved
4058,5, Graduate, Yes,5300000,9400000,10,404,14100000,8200000,10900000,5200000, Rejected
4059,0, Graduate, Yes,2200000,6500000,18,734,2000000,100000,8400000,1600000, Approved
4060,3, Graduate, Yes,6000000,7100000,10,799,3900000,14700000,3300000,1100000, Approved
4061,3, Graduate, No,1600000,4300000,14,862,4200000,3800000,5600000,2000000, Approved
4062,5, Not Graduate, Yes,400000,1700000,18,495,1000000,300000,1300000,200000, Rejected
4063,0, Graduate, No,6300000,10000000,16,460,7000000,8800000,19900000,6100000, Rejected
4064,1, Not Graduate, Yes,5200000,14800000,14,861,13800000,10000000,12200000,5000000, Approved
4065,0, Not Graduate, Yes,7600000,37700000,16,578,14200000,17500000,8900000,1400000, Rejected
4066,1, Graduate, No,3500000,10600000,6,641,4700000,5100000,12300000,5200000, Approved
4067,5, Graduate, Yes,8500000,25400000,10,608,23800000,400000,26400000,6200000, Approved
4068,0, Graduate, No,4300000,13900000,8,609,9600000,7300000,14700000,1700000, Approved
4069,4, Not Graduate, Yes,7400000,12900000,16,675,13900000,1700000,9800000,5300000, Approved
4070,5, Not Graduate, Yes,1100000,1700000,10,554,3000000,1800000,2700000,1000000, Approved
4071,0, Graduate, Yes,1100000,4100000,20,535,2200000,1600000,2200000,100000, Rejected
4072,2, Graduate, No,7800000,20100000,4,540,25700000,12500000,21400000,4100000, Approved
4073,5, Not Graduate, No,8300000,17900000,4,694,24100000,3900000,26000000,7100000, Approved
4074,4, Graduate, Yes,9400000,10600000,16,791,13000000,11600000,10400000,10100000, Approved
4075,0, Not Graduate, No,3300000,14500000,16,633,5700000,5100000,3700000,1800000, Approved
4076,5, Not Graduate, Yes,400000,500000,14,707,1300000,300000,300000,300000, Approved
4077,4, Not Graduate, Yes,9800000,39200000,8,548,30900000,4400000,10300000,4000000, Rejected
4078,1, Not Graduate, No,6000000,15200000,2,764,5000000,3300000,8000000,3100000, Approved
4079,2, Not Graduate, No,2600000,8800000,8,536,2900000,5600000,2000000,2800000, Approved
4080,1, Graduate, Yes,7600000,15100000,10,553,10700000,8800000,13300000,4300000, Approved
4081,3, Graduate, Yes,9000000,14600000,10,333,27900000,14900000,25800000,4400000, Rejected
4082,4, Not Graduate, No,2900000,9100000,20,457,9500000,3700000,9500000,1500000, Rejected
4083,4, Graduate, No,7700000,29100000,18,743,21900000,16100000,13200000,7400000, Approved
4084,5, Graduate, Yes,7900000,14100000,16,352,8800000,10000000,6300000,7000000, Rejected
4085,0, Graduate, Yes,5100000,14000000,2,434,15900000,1200000,16100000,3400000, Rejected
4086,5, Graduate, No,6300000,17500000,4,766,1900000,3100000,11800000,6200000, Approved
4087,5, Graduate, No,2800000,5200000,10,824,4500000,100000,3900000,2800000, Approved
4088,2, Not Graduate, Yes,9300000,30300000,14,549,13400000,19300000,20000000,1100000, Approved
4089,0, Graduate, No,9800000,15500000,14,544,19300000,16300000,38200000,5600000, Rejected
4090,1, Graduate, Yes,9800000,29800000,6,606,20100000,18600000,17700000,4300000, Approved
4091,5, Not Graduate, Yes,7400000,10800000,4,762,7000000,13200000,28500000,9300000, Approved
4092,0, Not Graduate, No,600000,1800000,8,582,500000,1200000,800000,300000, Approved
4093,0, Graduate, Yes,3700000,8300000,16,404,10600000,9100000,3200000,2000000, Rejected
4094,0, Not Graduate, Yes,4500000,12600000,20,559,2000000,7400000,4700000,3800000, Approved
4095,1, Not Graduate, Yes,9600000,26300000,20,453,17500000,6100000,30800000,8300000, Rejected
4096,4, Graduate, No,5500000,25500000,12,711,4600000,1400000,13100000,6800000, Approved
4097,0, Not Graduate, Yes,5400000,16000000,2,385,6800000,8000000,13700000,3500000, Rejected
4098,5, Graduate, No,1600000,6800000,20,665,1800000,3100000,6200000,800000, Approved
4099,2, Graduate, Yes,7900000,15000000,4,378,20100000,11100000,17900000,7500000, Rejected
4100,3, Graduate, No,3400000,8200000,6,884,5800000,2600000,3100000,3800000, Approved
4101,3, Graduate, Yes,1100000,1400000,20,684,1300000,2000000,3300000,1600000, Approved
4102,4, Not Graduate, Yes,9800000,26300000,12,383,28800000,11000000,12000000,9500000, Rejected
4103,3, Not Graduate, No,2000000,7300000,4,876,1000000,1400000,5100000,1600000, Approved
4104,0, Graduate, No,300000,1300000,12,644,800000,600000,1000000,100000, Approved
4105,4, Graduate, No,900000,2900000,2,664,900000,1300000,2000000,1300000, Approved
4106,0, Not Graduate, Yes,4600000,16400000,8,338,14900000,3300000,7400000,4900000, Rejected
4107,3, Graduate, Yes,1200000,2100000,20,412,300000,1000000,3000000,400000, Rejected
4108,5, Graduate, Yes,8400000,9700000,6,785,17100000,12000000,7900000,6200000, Approved
4109,3, Not Graduate, Yes,5200000,21700000,18,581,11700000,5500000,8200000,4600000, Approved
4110,2, Graduate, Yes,3300000,5500000,12,670,6900000,1300000,7500000,1300000, Approved
4111,1, Not Graduate, No,200000,300000,14,893,600000,300000,300000,200000, Approved
4112,4, Not Graduate, Yes,4900000,23300000,16,557,2800000,8400000,3100000,5000000, Approved
4113,3, Graduate, No,1600000,7800000,12,528,2500000,0,4100000,700000, Rejected
4114,4, Not Graduate, Yes,9700000,33600000,2,782,29600000,13000000,18500000,14400000, Approved
4115,5, Graduate, No,3000000,7500000,20,339,9400000,4300000,5600000,4300000, Rejected
4116,3, Not Graduate, No,4800000,20800000,10,573,8900000,4000000,19100000,2300000, Approved
4117,2, Graduate, Yes,300000,500000,14,813,600000,300000,300000,200000, Approved
4118,3, Not Graduate, Yes,1400000,3800000,12,436,3800000,1100000,1500000,1900000, Rejected
4119,2, Graduate, No,2200000,5300000,14,482,6100000,2400000,7800000,1500000, Rejected
4120,1, Not Graduate, No,700000,3300000,8,583,2200000,1400000,700000,1000000, Rejected
4121,2, Graduate, Yes,7300000,34200000,18,344,21800000,8600000,27100000,2800000, Rejected
4122,2, Graduate, No,9400000,33900000,6,342,14700000,23400000,26800000,10500000, Rejected
4123,1, Not Graduate, No,9800000,14100000,14,451,23000000,9200000,23000000,9200000, Rejected
4124,1, Not Graduate, No,2800000,8200000,12,839,5000000,4900000,4100000,1600000, Approved
4125,3, Not Graduate, No,7900000,15700000,12,433,4700000,10800000,13900000,8700000, Rejected
4126,0, Not Graduate, No,5100000,23200000,2,739,14800000,9700000,17300000,700000, Approved
4127,0, Graduate, Yes,600000,900000,8,556,1300000,1300000,400000,300000, Approved
4128,4, Graduate, Yes,1000000,1200000,2,756,400000,1300000,3200000,500000, Approved
4129,5, Not Graduate, Yes,5500000,21000000,12,498,13400000,6800000,18700000,1500000, Rejected
4130,1, Graduate, No,4300000,12100000,14,825,4900000,10100000,12800000,600000, Approved
4131,0, Not Graduate, No,200000,900000,12,522,100000,500000,100000,100000, Rejected
4132,2, Graduate, Yes,9300000,12100000,16,775,20500000,23200000,28800000,3800000, Approved
4133,1, Graduate, No,7300000,30700000,8,799,19100000,2900000,22100000,2100000, Approved
4134,5, Not Graduate, Yes,5100000,5900000,8,559,9700000,0,2800000,1600000, Approved
4135,0, Not Graduate, Yes,9800000,10900000,10,700,2100000,10700000,35500000,12300000, Approved
4136,3, Graduate, No,9700000,27600000,6,371,20400000,17800000,9300000,2300000, Rejected
4137,2, Not Graduate, No,9700000,18300000,18,598,2200000,1800000,37500000,10800000, Approved
4138,2, Not Graduate, No,2700000,9100000,18,524,8800000,2500000,2000000,500000, Rejected
4139,4, Not Graduate, No,8800000,9700000,10,873,9500000,12800000,11700000,1400000, Approved
4140,1, Not Graduate, No,5100000,5800000,16,861,15700000,2700000,14900000,3700000, Approved
4141,5, Graduate, Yes,7300000,28500000,2,770,1800000,13300000,7200000,4600000, Approved
4142,5, Graduate, No,8600000,15800000,4,870,4500000,4900000,9900000,7400000, Approved
4143,2, Not Graduate, No,1800000,6500000,6,886,3000000,3800000,1000000,2000000, Approved
4144,2, Graduate, Yes,4500000,18000000,8,761,12200000,3900000,15300000,2400000, Approved
4145,1, Graduate, No,1400000,1700000,6,656,4600000,2100000,900000,500000, Approved
4146,4, Not Graduate, No,2900000,11800000,12,422,5600000,3900000,7900000,3600000, Rejected
4147,4, Graduate, No,4200000,8700000,16,790,5800000,3100000,10700000,1400000, Approved
4148,2, Not Graduate, No,8500000,21700000,10,416,2900000,9300000,19500000,10400000, Rejected
4149,4, Not Graduate, Yes,8600000,11600000,10,411,18300000,18200000,15600000,7900000, Rejected
4150,2, Graduate, No,4000000,17400000,2,828,5800000,5500000,6200000,2000000, Approved
4151,4, Not Graduate, No,3400000,11000000,6,368,10900000,500000,13100000,1800000, Rejected
4152,4, Graduate, No,5400000,16300000,18,385,9600000,9600000,17500000,3300000, Rejected
4153,2, Not Graduate, No,9100000,39500000,18,607,24800000,4200000,33900000,8400000, Rejected
4154,3, Graduate, Yes,9700000,22700000,4,651,29100000,11800000,29800000,14300000, Approved
4155,3, Graduate, No,2400000,11000000,2,327,1300000,2800000,8200000,1300000, Rejected
4156,0, Graduate, Yes,2000000,7800000,18,527,3300000,2400000,7700000,2800000, Rejected
4157,0, Graduate, No,7100000,33500000,4,435,22400000,600000,14800000,2700000, Rejected
4158,1, Not Graduate, Yes,3100000,14400000,12,481,5000000,2100000,11400000,800000, Rejected
4159,1, Not Graduate, Yes,2100000,10400000,18,408,4300000,300000,1400000,1800000, Rejected
4160,1, Graduate, No,500000,800000,16,707,1500000,500000,400000,700000, Approved
4161,5, Not Graduate, No,4100000,17200000,12,584,4000000,6400000,9100000,3200000, Rejected
4162,3, Not Graduate, Yes,4000000,16900000,8,876,12600000,6500000,8400000,4900000, Approved
4163,0, Not Graduate, Yes,5700000,20400000,16,304,8600000,900000,11600000,4300000, Rejected
4164,5, Not Graduate, Yes,2100000,4400000,14,767,4500000,600000,5000000,2700000, Approved
4165,1, Graduate, Yes,7200000,35000000,18,846,9200000,11900000,17200000,8900000, Approved
4166,5, Graduate, No,6800000,12400000,12,592,13200000,9000000,24100000,7200000, Approved
4167,1, Not Graduate, No,4700000,14100000,20,720,1700000,9800000,8000000,4500000, Approved
4168,0, Not Graduate, Yes,1900000,5900000,16,564,800000,1000000,3100000,1600000, Rejected
4169,0, Graduate, Yes,5100000,8400000,2,657,8000000,1500000,15100000,7300000, Approved
4170,2, Not Graduate, Yes,6800000,26500000,6,845,8900000,6200000,18800000,6000000, Approved
4171,5, Graduate, No,3800000,5200000,16,618,8500000,6100000,12900000,2200000, Approved
4172,3, Graduate, Yes,2700000,10200000,4,647,900000,3300000,4300000,3600000, Approved
4173,0, Not Graduate, Yes,5100000,22400000,16,893,3800000,1300000,2700000,5200000, Approved
4174,1, Not Graduate, No,3600000,8600000,8,598,3200000,600000,13700000,3200000, Approved
4175,2, Graduate, Yes,4100000,15700000,6,404,6800000,6900000,2700000,4300000, Rejected
4176,3, Not Graduate, Yes,3600000,5900000,12,710,3700000,2700000,10400000,2100000, Approved
4177,5, Not Graduate, Yes,3100000,13600000,20,716,2000000,5200000,5000000,2100000, Approved
4178,0, Graduate, Yes,7200000,34600000,18,442,15600000,5300000,14300000,2700000, Rejected
4179,0, Not Graduate, No,4700000,7600000,10,737,12500000,3700000,16100000,6100000, Approved
4180,4, Graduate, Yes,4700000,17700000,2,338,11600000,2500000,9300000,4800000, Rejected
4181,0, Not Graduate, Yes,6600000,20000000,18,492,7300000,16200000,6600000,8300000, Rejected
4182,4, Not Graduate, No,3700000,11600000,18,813,11200000,100000,11600000,2000000, Approved
4183,2, Graduate, Yes,1100000,4200000,14,671,2400000,300000,600000,1600000, Rejected
4184,2, Not Graduate, No,8500000,25100000,14,664,18900000,17800000,12400000,5100000, Approved
4185,0, Graduate, Yes,700000,2400000,12,673,600000,200000,1700000,400000, Approved
4186,4, Graduate, Yes,5800000,11200000,2,399,5800000,4100000,11800000,8400000, Rejected
4187,1, Not Graduate, Yes,2800000,7000000,4,877,4900000,1800000,7500000,2800000, Approved
4188,0, Not Graduate, Yes,2200000,9800000,4,479,2200000,3800000,4000000,3100000, Rejected
4189,3, Not Graduate, No,600000,900000,20,772,1500000,600000,1100000,600000, Approved
4190,0, Graduate, Yes,9000000,30500000,2,894,11000000,18900000,15500000,4000000, Approved
4191,1, Not Graduate, No,4400000,7600000,12,444,3100000,8200000,15900000,2800000, Rejected
4192,1, Not Graduate, No,3500000,15400000,8,681,2500000,4600000,2000000,4600000, Approved
4193,3, Graduate, Yes,7400000,24500000,2,325,4600000,4600000,28000000,5800000, Rejected
4194,4, Graduate, No,500000,1300000,20,682,800000,1000000,900000,500000, Approved
4195,5, Not Graduate, Yes,5700000,11400000,2,565,1200000,12300000,10100000,1900000, Approved
4196,5, Graduate, Yes,5000000,13700000,18,343,9900000,10500000,15200000,3300000, Rejected
4197,1, Graduate, Yes,5600000,27100000,16,703,6600000,700000,10400000,7100000, Approved
4198,1, Graduate, Yes,1400000,4300000,16,882,2800000,2400000,3700000,2000000, Approved
4199,1, Graduate, Yes,9500000,27300000,4,349,31200000,16700000,34800000,5300000, Rejected
4200,1, Graduate, Yes,2500000,10000000,18,836,7700000,5900000,8700000,900000, Approved
4201,0, Graduate, No,6800000,17100000,12,806,14300000,4500000,15700000,900000, Approved
4202,3, Not Graduate, Yes,7500000,20300000,10,629,11800000,14700000,22600000,2100000, Rejected
4203,0, Graduate, Yes,3500000,8200000,14,841,8800000,6000000,6600000,4400000, Approved
4204,0, Graduate, No,1400000,2200000,8,485,4500000,3100000,4500000,1000000, Rejected
4205,2, Graduate, Yes,3100000,12000000,6,732,5600000,5400000,3400000,1600000, Approved
4206,4, Not Graduate, No,8100000,36400000,6,719,4300000,17300000,5300000,9600000, Approved
4207,2, Graduate, No,9000000,39500000,12,648,24600000,8100000,21500000,10900000, Approved
4208,2, Graduate, No,9300000,39500000,14,800,2200000,3700000,11700000,5600000, Approved
4209,1, Graduate, Yes,2400000,6700000,6,826,6500000,2200000,7300000,3300000, Approved
4210,4, Not Graduate, No,6100000,13000000,6,772,2900000,12400000,5200000,4600000, Approved
4211,1, Not Graduate, Yes,1600000,5700000,20,653,900000,500000,800000,700000, Approved
4212,5, Not Graduate, Yes,7100000,34200000,12,887,19700000,11300000,20300000,9700000, Approved
4213,0, Graduate, No,4200000,16400000,18,633,10400000,10400000,9500000,1300000, Approved
4214,4, Not Graduate, No,7100000,21200000,8,682,14600000,15900000,27200000,10600000, Approved
4215,4, Not Graduate, Yes,6900000,25900000,6,413,20100000,11600000,9400000,6600000, Rejected
4216,2, Not Graduate, Yes,9900000,39500000,6,493,29800000,19600000,9200000,13700000, Rejected
4217,2, Not Graduate, No,4900000,22900000,12,843,8400000,1400000,2800000,1700000, Approved
4218,5, Graduate, No,3500000,14200000,16,599,12200000,4400000,7200000,2300000, Approved
4219,4, Graduate, Yes,5300000,14500000,12,607,7300000,7000000,4500000,7000000, Approved
4220,0, Graduate, Yes,1700000,3600000,6,790,1300000,3300000,5500000,2200000, Approved
4221,3, Not Graduate, No,1200000,3600000,20,495,3600000,800000,900000,1600000, Rejected
4222,4, Graduate, Yes,5200000,12000000,12,459,8200000,1400000,19400000,2600000, Rejected
4223,2, Graduate, Yes,8200000,39100000,8,305,25300000,14300000,19600000,7900000, Rejected
4224,4, Not Graduate, No,5400000,16400000,2,439,2200000,6700000,15900000,3500000, Rejected
4225,3, Graduate, Yes,7800000,22500000,12,607,4400000,16400000,7500000,4300000, Approved
4226,1, Graduate, Yes,1900000,4500000,14,735,600000,2300000,1500000,1600000, Approved
4227,0, Not Graduate, No,4600000,16400000,20,497,10100000,9700000,8000000,5100000, Approved
4228,0, Graduate, Yes,6200000,19100000,6,567,18300000,7900000,14400000,5100000, Approved
4229,4, Not Graduate, Yes,3600000,5500000,4,433,5500000,7000000,9100000,1500000, Rejected
4230,4, Graduate, Yes,300000,1300000,20,790,100000,500000,500000,400000, Approved
4231,2, Graduate, Yes,900000,2200000,12,615,1300000,600000,1300000,1300000, Approved
4232,2, Graduate, No,9200000,25100000,2,386,12400000,7100000,36200000,5600000, Rejected
4233,3, Not Graduate, Yes,6100000,11100000,4,666,14200000,13700000,8900000,7900000, Approved
4234,5, Not Graduate, Yes,2700000,8700000,10,501,6400000,1600000,2700000,3500000, Approved
4235,3, Not Graduate, Yes,2700000,10300000,14,819,1500000,4700000,4700000,1300000, Approved
4236,3, Not Graduate, No,500000,2300000,6,461,800000,200000,800000,500000, Rejected
4237,3, Graduate, No,9400000,11300000,8,819,21800000,17700000,18600000,13300000, Approved
4238,0, Graduate, No,1200000,5900000,16,719,1300000,700000,3200000,1400000, Approved
4239,4, Graduate, Yes,7600000,29000000,20,381,11700000,11300000,19800000,1100000, Rejected
4240,5, Graduate, No,2500000,5300000,10,756,5600000,3500000,7400000,2400000, Approved
4241,0, Not Graduate, Yes,3400000,6200000,10,733,5200000,1700000,3600000,4000000, Approved
4242,0, Graduate, Yes,2800000,6100000,8,574,800000,3400000,1900000,2700000, Approved
4243,2, Not Graduate, No,8200000,36900000,4,396,7700000,18000000,26800000,1100000, Rejected
4244,4, Not Graduate, Yes,500000,1100000,2,587,1400000,900000,600000,100000, Approved
4245,0, Not Graduate, No,3600000,10300000,18,665,3700000,8900000,5800000,4400000, Approved
4246,4, Graduate, No,2900000,11100000,2,379,8400000,5700000,6100000,2300000, Rejected
4247,1, Not Graduate, No,2800000,12600000,18,504,4900000,4500000,8400000,4000000, Rejected
4248,1, Not Graduate, Yes,2000000,7300000,6,721,3500000,2800000,2100000,1400000, Approved
4249,1, Not Graduate, No,9100000,36500000,14,632,25000000,21300000,33300000,11400000, Approved
4250,3, Not Graduate, Yes,3900000,6600000,20,896,5700000,5100000,6300000,600000, Approved
4251,3, Graduate, Yes,4200000,18900000,16,430,4100000,4200000,16500000,5400000, Rejected
4252,2, Graduate, No,3900000,8200000,16,767,2100000,8100000,5800000,5100000, Approved
4253,3, Not Graduate, No,9800000,14800000,6,555,23700000,23000000,29800000,5900000, Approved
4254,4, Not Graduate, Yes,3500000,17200000,12,434,6100000,4200000,6400000,1900000, Rejected
4255,4, Not Graduate, Yes,3500000,6300000,14,871,10000000,1200000,12000000,4800000, Approved
4256,4, Graduate, Yes,3400000,5300000,10,674,5800000,5200000,7200000,4000000, Approved
4257,3, Not Graduate, No,3400000,11900000,2,621,5300000,6300000,12100000,3200000, Rejected
4258,1, Graduate, No,1000000,2300000,20,477,1200000,900000,3100000,700000, Rejected
4259,4, Not Graduate, Yes,6100000,9400000,4,829,5200000,11400000,15600000,8400000, Approved
4260,4, Graduate, No,400000,1400000,20,318,1200000,500000,500000,500000, Rejected
4261,5, Not Graduate, No,2400000,9700000,20,369,1200000,1800000,3400000,1600000, Rejected
4262,4, Not Graduate, No,2100000,8800000,2,408,6700000,3300000,8300000,1700000, Rejected
4263,0, Graduate, No,3000000,4900000,16,692,900000,2900000,11200000,700000, Approved
4264,3, Graduate, No,7600000,24500000,14,361,14600000,14900000,7500000,9400000, Rejected
4265,4, Not Graduate, No,6000000,25500000,6,779,2400000,0,7300000,7700000, Approved
4266,5, Graduate, Yes,9900000,16300000,18,417,27400000,20200000,8700000,5900000, Rejected
4267,1, Graduate, Yes,3600000,6600000,4,706,3200000,2800000,4300000,1900000, Approved
4268,5, Graduate, No,9200000,9300000,6,778,19000000,22100000,13900000,4200000, Approved
4269,1, Graduate, No,600000,1900000,20,828,1900000,1100000,2100000,200000, Approved
